-- MariaDB dump 10.19  Distrib 10.6.11-MariaDB, for debian-linux-gnu (x86_64)
--
-- Host: localhost    Database: biblio4_prof
-- ------------------------------------------------------
-- Server version	10.6.11-MariaDB-0ubuntu0.22.04.1

/*!40101 SET @OLD_CHARACTER_SET_CLIENT=@@CHARACTER_SET_CLIENT */;
/*!40101 SET @OLD_CHARACTER_SET_RESULTS=@@CHARACTER_SET_RESULTS */;
/*!40101 SET @OLD_COLLATION_CONNECTION=@@COLLATION_CONNECTION */;
/*!40101 SET NAMES utf8mb4 */;
/*!40103 SET @OLD_TIME_ZONE=@@TIME_ZONE */;
/*!40103 SET TIME_ZONE='+00:00' */;
/*!40014 SET @OLD_UNIQUE_CHECKS=@@UNIQUE_CHECKS, UNIQUE_CHECKS=0 */;
/*!40014 SET @OLD_FOREIGN_KEY_CHECKS=@@FOREIGN_KEY_CHECKS, FOREIGN_KEY_CHECKS=0 */;
/*!40101 SET @OLD_SQL_MODE=@@SQL_MODE, SQL_MODE='NO_AUTO_VALUE_ON_ZERO' */;
/*!40111 SET @OLD_SQL_NOTES=@@SQL_NOTES, SQL_NOTES=0 */;

--
-- Table structure for table `auteur`
--

DROP TABLE IF EXISTS `auteur`;
/*!40101 SET @saved_cs_client     = @@character_set_client */;
/*!40101 SET character_set_client = utf8 */;
CREATE TABLE `auteur` (
  `id` int(11) NOT NULL AUTO_INCREMENT,
  `nom` varchar(50) NOT NULL,
  `prenom` varchar(50) NOT NULL,
  `date_naissance` date DEFAULT NULL,
  `nationalite` varchar(50) DEFAULT NULL,
  PRIMARY KEY (`id`)
) ENGINE=InnoDB AUTO_INCREMENT=501 DEFAULT CHARSET=utf8mb4 COLLATE=utf8mb4_general_ci;
/*!40101 SET character_set_client = @saved_cs_client */;

--
-- Dumping data for table `auteur`
--

LOCK TABLES `auteur` WRITE;
/*!40000 ALTER TABLE `auteur` DISABLE KEYS */;
INSERT INTO `auteur` VALUES (1,'Leven','Holli','1973-01-03',NULL),(2,'Mauchline','Gabe','1987-12-03',NULL),(3,'Silwood','Vaughan','2006-08-03',NULL),(4,'Kitchener','Merline','1991-03-03',NULL),(5,'Cattermull','Levi','1986-01-30',NULL),(6,'Grimme','Lucho','2006-11-26',NULL),(7,'Pennino','Curt','1998-04-08',NULL),(8,'Deluce','Deck','1956-08-18',NULL),(9,'Rothermel','Lynna','1966-05-08',NULL),(10,'MacHostie','Danyelle','2011-11-07',NULL),(11,'Linstead','Mimi','1954-03-16',NULL),(12,'Benterman','Hyacinthe','1977-06-20',NULL),(13,'Pirkis','Drake','2010-09-22',NULL),(14,'Vigar','Mandel','1979-03-23',NULL),(15,'Bottom','Man','1977-12-09',NULL),(16,'Basili','Leann','2002-01-12',NULL),(17,'Etock','Brinna','1998-05-03',NULL),(18,'Marqyes','Shelbi','1971-08-01',NULL),(19,'Wegener','Brinn','1976-11-26',NULL),(20,'Mozzini','Donnie','1955-10-08',NULL),(21,'Chatters','Amye','1962-02-18',NULL),(22,'Bernardoux','Francesca','1993-05-10',NULL),(23,'Starte','Tabatha','2002-05-21',NULL),(24,'Bulloch','Vania','1953-11-07',NULL),(25,'Herety','Shannah','2004-02-08',NULL),(26,'Marchington','Forrester','1952-12-21',NULL),(27,'Prestedge','Derrick','1994-07-19',NULL),(28,'Downse','Aarika','1971-10-27',NULL),(29,'Devanny','Thomasina','1989-06-14',NULL),(30,'Cutbirth','Jere','1953-10-21',NULL),(31,'Sporner','Cassi','1978-08-31',NULL),(32,'Blastock','Mylo','1953-11-27',NULL),(33,'Trenoweth','Manuel','2011-07-18',NULL),(34,'Dudson','Flin','1989-12-30',NULL),(35,'Peploe','Filmer','1965-05-06',NULL),(36,'Giovanardi','Leslie','1970-09-27',NULL),(37,'Saywell','Rafa','2007-08-28',NULL),(38,'Meir','Jamesy','1984-01-24',NULL),(39,'Jewett','Corabelle','2011-05-10',NULL),(40,'Bagguley','Giuseppe','1962-07-29',NULL),(41,'Welldrake','Bren','1956-10-24',NULL),(42,'Toor','Celestyna','2010-05-06',NULL),(43,'Goss','Merrilee','1975-04-13',NULL),(44,'Di Carli','Ainslee','1959-05-14',NULL),(45,'Aslin','Cchaddie','1984-12-26',NULL),(46,'Walklot','Anett','1968-11-02',NULL),(47,'Gawith','Prentice','2003-03-24',NULL),(48,'Beamond','Elwood','1967-08-14',NULL),(49,'Tregust','Maynard','2006-05-27',NULL),(50,'Janauschek','Donovan','1987-03-01',NULL),(51,'Jeans','Hebert','1966-08-08',NULL),(52,'Lasseter','Elianore','1985-07-10',NULL),(53,'Giral','Julianne','2013-10-23',NULL),(54,'Priscott','Angelika','1970-06-26',NULL),(55,'Keatch','Aurel','1988-12-27',NULL),(56,'Rummins','Mayor','1955-06-30',NULL),(57,'Minget','Claudie','1988-06-30',NULL),(58,'O\'Shavlan','Melony','1998-01-01',NULL),(59,'Van Rembrandt','Enriqueta','2010-07-10',NULL),(60,'Souter','Audy','1980-08-08',NULL),(61,'Branthwaite','Taddeo','1985-06-12',NULL),(62,'Maden','Starla','1971-06-03',NULL),(63,'Johnikin','Erin','1950-10-08',NULL),(64,'Wreiford','Page','1953-07-28',NULL),(65,'Look','Grata','1965-07-25',NULL),(66,'Chittem','Helen-elizabeth','1953-02-04',NULL),(67,'Ferrino','Tobey','1982-10-15',NULL),(68,'Caulfield','Tommi','1976-08-27',NULL),(69,'Lansdown','Aguste','1984-11-28',NULL),(70,'Candish','Modesty','1980-08-02',NULL),(71,'Humfrey','Norton','1998-03-16',NULL),(72,'Ferrao','Karolina','1971-04-04',NULL),(73,'Gamell','Rosalie','1975-09-02',NULL),(74,'Donati','Tilda','1950-07-31',NULL),(75,'Sharma','Imojean','2003-11-23',NULL),(76,'Tirrey','Sylas','1961-09-21',NULL),(77,'Stratford','Toddy','1974-12-06',NULL),(78,'Esslement','Vladimir','1975-06-28',NULL),(79,'Yoell','Cloris','2002-08-27',NULL),(80,'Blakey','Mei','2008-10-16',NULL),(81,'Osorio','Howey','1958-01-02',NULL),(82,'Wannop','Ilysa','2005-08-25',NULL),(83,'Albion','Eugenia','2012-03-25',NULL),(84,'Bischoff','Felecia','1966-03-15',NULL),(85,'de Quesne','Harlin','1972-04-26',NULL),(86,'Pickthorn','Anabal','2012-12-25',NULL),(87,'Gosson','Gunner','2005-12-17',NULL),(88,'Beglin','Julie','1976-11-09',NULL),(89,'Huckle','Chevalier','1980-05-28',NULL),(90,'Handmore','Blakeley','1957-06-17',NULL),(91,'Jelf','Arlen','1960-01-27',NULL),(92,'Skelding','Elias','1977-12-27',NULL),(93,'Sarginson','Sabra','1995-09-20',NULL),(94,'Arber','Felicio','1966-08-20',NULL),(95,'Gunson','Babita','1960-01-05',NULL),(96,'Millimoe','Steffen','1950-02-27',NULL),(97,'Heaviside','Maybelle','1984-09-30',NULL),(98,'Hannigan','Northrup','1995-04-07',NULL),(99,'Leal','Teddy','2008-01-28',NULL),(100,'Stannah','Aleksandr','1976-08-01',NULL),(101,'Carlick','Darci','1972-09-09',NULL),(102,'Tithecote','Leone','1983-09-13',NULL),(103,'Gegg','Adoree','1986-06-06',NULL),(104,'Brittin','Mylo','1967-01-15',NULL),(105,'Limbourne','Kerry','1989-11-30',NULL),(106,'Duffie','Any','1970-06-15',NULL),(107,'Shanahan','Bartie','1996-07-11',NULL),(108,'Deacock','Frederik','1993-04-09',NULL),(109,'Nibley','Rik','1962-10-11',NULL),(110,'Sudell','Claudian','2012-01-26',NULL),(111,'Fisbey','Gale','1966-01-05',NULL),(112,'Mangeney','Ulrich','1971-11-08',NULL),(113,'Megson','Smith','2011-03-26',NULL),(114,'Linning','Veronika','1998-08-08',NULL),(115,'Nowakowski','Allene','2009-04-21',NULL),(116,'Ovendale','Zelig','1972-09-17',NULL),(117,'Bulbeck','Sharl','2013-08-28',NULL),(118,'Connechie','Ashley','2008-02-23',NULL),(119,'Humbell','Abdul','1985-10-03',NULL),(120,'Morsey','Jerry','1954-05-06',NULL),(121,'McVrone','Kenneth','1992-06-13',NULL),(122,'Tindle','Camille','1957-03-20',NULL),(123,'Martinek','Onofredo','1986-09-26',NULL),(124,'Hodgin','Marlo','1984-01-12',NULL),(125,'Baynton','Kasey','2009-12-12',NULL),(126,'Fosdick','Alister','1955-08-21',NULL),(127,'Maslen','Therine','1990-05-05',NULL),(128,'Schankel','Minni','2006-10-17',NULL),(129,'Tatton','Layla','1984-12-13',NULL),(130,'Crighton','Stirling','1954-05-14',NULL),(131,'Staneland','Westbrook','1994-12-25',NULL),(132,'Flagg','Currie','1969-10-23',NULL),(133,'Ferneyhough','Sigmund','1978-02-06',NULL),(134,'Ellum','Cleveland','1967-01-27',NULL),(135,'Clipsham','Gordy','1951-01-24',NULL),(136,'Brackstone','Edee','1968-02-05',NULL),(137,'Mathie','Audrey','1973-04-15',NULL),(138,'Chetwin','Mitchel','2012-02-26',NULL),(139,'Ipsley','Elisabet','1998-11-25',NULL),(140,'Theobold','Blake','2008-01-16',NULL),(141,'Cramb','Johnath','1965-07-03',NULL),(142,'Balsellie','Eldin','1981-05-23',NULL),(143,'Roddick','Arron','1996-06-13',NULL),(144,'Pittoli','Leelah','1960-01-27',NULL),(145,'Heersma','Ennis','1989-01-04',NULL),(146,'Lace','Emmy','1986-11-01',NULL),(147,'Aronson','Neall','1953-02-22',NULL),(148,'Woodall','Kerry','1983-03-20',NULL),(149,'Burgisi','Oralia','1978-08-22',NULL),(150,'Mea','Tully','1993-07-24',NULL),(151,'Searston','Gweneth','1953-11-16',NULL),(152,'Jeacock','Pasquale','1966-09-13',NULL),(153,'Gulliford','Gail','1957-11-15',NULL),(154,'Roderighi','Hagen','2003-04-05',NULL),(155,'Dziwisz','Daryle','2000-09-06',NULL),(156,'Vinck','Olimpia','1979-08-19',NULL),(157,'Cotilard','Saidee','2010-02-09',NULL),(158,'Swarbrigg','Allys','1969-08-25',NULL),(159,'Van der Mark','Chelsae','1995-12-01',NULL),(160,'d\' Elboux','Natalya','1992-08-17',NULL),(161,'Peploe','Gilberto','1961-05-23',NULL),(162,'Karpov','Ashely','2007-01-28',NULL),(163,'Prescot','Ruy','2009-03-16',NULL),(164,'Guerre','Reagen','2010-10-20',NULL),(165,'Crofthwaite','Vivian','2012-05-21',NULL),(166,'Darlison','Mill','1951-07-14',NULL),(167,'Monier','Bancroft','1962-07-01',NULL),(168,'Blundan','Constantino','2007-11-21',NULL),(169,'Gillio','Malva','2009-12-11',NULL),(170,'Foulis','Raychel','2012-01-25',NULL),(171,'Beaton','Ellen','1952-06-28',NULL),(172,'Durnill','Michelle','1968-04-03',NULL),(173,'Saleway','Marina','1969-10-21',NULL),(174,'Durnin','Katrina','1994-04-05',NULL),(175,'Pinsent','Ofelia','1983-11-19',NULL),(176,'Hadigate','Kellia','1986-08-22',NULL),(177,'O\'Cannovane','Roxana','1967-07-18',NULL),(178,'Greeveson','Hollis','1991-10-18',NULL),(179,'Barnardo','Gusella','1978-05-09',NULL),(180,'Lush','Myrlene','1966-05-16',NULL),(181,'Staresmeare','Grayce','2010-10-20',NULL),(182,'Beernt','Aguste','2012-11-21',NULL),(183,'Kunze','Sheelah','1954-01-16',NULL),(184,'Mainstone','Sib','1973-07-17',NULL),(185,'Liverseege','Karrah','1991-08-04',NULL),(186,'Trencher','Giffy','1959-04-25',NULL),(187,'McGroarty','Orville','1999-10-21',NULL),(188,'De La Haye','Kendricks','1979-01-28',NULL),(189,'Saffen','Harrietta','2009-12-18',NULL),(190,'Fernanando','Selle','1970-08-05',NULL),(191,'Androck','Abey','2001-01-26',NULL),(192,'Maylor','Donnell','1951-08-01',NULL),(193,'Westoll','Bink','1996-09-10',NULL),(194,'Hugin','Dotty','1986-09-19',NULL),(195,'Cattermull','Melvin','1993-07-03',NULL),(196,'Prew','Kariotta','1993-05-15',NULL),(197,'Ghidoli','Theobald','1972-05-02',NULL),(198,'Grabham','Corrina','1995-07-25',NULL),(199,'Pittman','Benjamin','1982-10-25',NULL),(200,'O\'Kinneally','Sigfried','1977-05-20',NULL),(201,'Benza','Addison','1988-06-21',NULL),(202,'Betho','Corty','1996-03-15',NULL),(203,'Stang-Gjertsen','Trumann','2001-08-08',NULL),(204,'Pomroy','Laetitia','2005-05-25',NULL),(205,'Steade','Solly','2008-03-06',NULL),(206,'Durkin','Anny','2010-09-14',NULL),(207,'Mertsching','Rabi','1950-12-24',NULL),(208,'Freckelton','Lanita','1964-10-13',NULL),(209,'Blanpein','Becky','1956-12-24',NULL),(210,'Airy','Sabine','2004-07-19',NULL),(211,'Dunton','Brinn','2009-10-18',NULL),(212,'Anfonsi','Kippy','1957-05-05',NULL),(213,'Habbergham','Isahella','1999-04-29',NULL),(214,'Sellner','Robinett','1982-08-02',NULL),(215,'Biffen','Sheilakathryn','1964-12-16',NULL),(216,'Johnsson','Whitney','1991-01-15',NULL),(217,'Lumsden','Zulema','1982-04-27',NULL),(218,'Henriksson','Arabele','1988-06-25',NULL),(219,'Albery','Virgil','1981-06-13',NULL),(220,'Trump','Ruperto','1991-10-18',NULL),(221,'Fazackerley','Ailbert','2000-08-18',NULL),(222,'Bohman','Gene','2013-10-08',NULL),(223,'Shemilt','Larissa','1988-12-15',NULL),(224,'Rangell','June','1953-06-22',NULL),(225,'Lowerson','Franny','1978-06-30',NULL),(226,'Simester','Devonna','1954-01-20',NULL),(227,'Alflatt','Duke','2012-10-14',NULL),(228,'Bedlington','Godart','1995-10-08',NULL),(229,'Nancekivell','Rae','1990-06-24',NULL),(230,'Tatford','Davy','1951-02-04',NULL),(231,'Austing','Gretchen','1962-01-10',NULL),(232,'Magister','Homer','2006-11-09',NULL),(233,'Howerd','Alene','2006-03-14',NULL),(234,'McDiarmid','Tobi','1996-06-06',NULL),(235,'Normadell','Candis','2013-07-19',NULL),(236,'Sapwell','Clotilda','2000-06-10',NULL),(237,'Antal','Harman','2011-07-29',NULL),(238,'Butner','Moises','1978-07-17',NULL),(239,'Juares','Querida','1971-12-26',NULL),(240,'Cormack','Neille','1974-04-17',NULL),(241,'Cone','Nicolette','2005-07-04',NULL),(242,'Salter','Dannie','1962-08-29',NULL),(243,'Diffley','Desi','1974-10-10',NULL),(244,'Pollins','Emylee','1971-11-22',NULL),(245,'Claughton','Dru','1985-02-20',NULL),(246,'Cokayne','Hyacinthie','1996-01-08',NULL),(247,'Carcas','Janel','2010-09-04',NULL),(248,'McKee','Hyacintha','1987-04-27',NULL),(249,'Waeland','Alexa','1954-07-26',NULL),(250,'Ubsdell','Gearard','1988-11-14',NULL),(251,'Gladeche','Nealy','2002-08-27',NULL),(252,'Tiffin','Laurianne','1968-08-30',NULL),(253,'Critzen','Vincents','2013-05-06',NULL),(254,'Prescot','Jobina','1954-09-27',NULL),(255,'McClune','Buiron','1975-08-29',NULL),(256,'Hastwell','Linda','2000-01-28',NULL),(257,'Clair','Howard','1995-05-27',NULL),(258,'Szwarc','Crawford','1962-10-12',NULL),(259,'Upson','Corbett','2005-09-10',NULL),(260,'Hudleston','Phedra','1998-02-16',NULL),(261,'Guthrum','Ruddy','1959-07-25',NULL),(262,'Philipson','Gerek','1981-06-02',NULL),(263,'Bastone','Gayle','1950-06-01',NULL),(264,'Fuente','Linzy','1985-10-24',NULL),(265,'Scotter','Carlotta','1999-10-27',NULL),(266,'Stiff','Sophey','1963-08-28',NULL),(267,'Mulvin','Colly','1996-10-28',NULL),(268,'Pietesch','Bartolemo','1951-02-25',NULL),(269,'Chalcot','Tiler','2007-04-16',NULL),(270,'Cicchetto','Carlie','1976-12-25',NULL),(271,'Jeffers','Tyson','1977-01-19',NULL),(272,'Robbert','Herby','2004-04-23',NULL),(273,'Ruggs','Ilario','2012-05-22',NULL),(274,'Laban','Harrie','1971-01-07',NULL),(275,'Bale','Matty','1995-12-02',NULL),(276,'Sebrook','Emmi','1988-07-18',NULL),(277,'Burtwell','Anatollo','2004-12-18',NULL),(278,'Plevin','Collie','1981-03-10',NULL),(279,'Hawking','Hugh','2005-01-19',NULL),(280,'Marner','Lorain','2003-09-10',NULL),(281,'Burriss','Leann','1989-04-21',NULL),(282,'Hagstone','Nefen','1985-06-11',NULL),(283,'Norwich','Evaleen','2009-04-19',NULL),(284,'Wilmington','Oralia','2012-03-01',NULL),(285,'Ellacott','Aaron','1954-12-06',NULL),(286,'Pettingill','Addie','1980-02-26',NULL),(287,'Longea','Lindy','1957-12-23',NULL),(288,'Heister','Karilynn','1963-06-05',NULL),(289,'Blaszczynski','Eleonora','1993-03-10',NULL),(290,'Dicke','Rory','1997-09-04',NULL),(291,'Billson','Nerta','1994-10-24',NULL),(292,'Scallon','Nickolaus','1967-01-11',NULL),(293,'Arboine','Calhoun','1964-09-14',NULL),(294,'Dwelling','Bobette','1972-06-09',NULL),(295,'Teodoro','Alain','1954-01-27',NULL),(296,'Wilsey','Roscoe','1967-01-20',NULL),(297,'Farmiloe','Gram','1959-01-16',NULL),(298,'Edmans','Gleda','2008-01-22',NULL),(299,'Iashvili','Jorge','1957-02-25',NULL),(300,'Fetherstone','Addison','2003-08-08',NULL),(301,'Primrose','Kellen','2004-07-17',NULL),(302,'Dundon','Wendell','1997-11-29',NULL),(303,'Strode','Nadine','1961-12-05',NULL),(304,'Ainslie','Laurette','1993-11-26',NULL),(305,'Coxhead','Eveline','2005-09-23',NULL),(306,'Denman','Margot','1968-12-06',NULL),(307,'Passion','Evaleen','2005-06-24',NULL),(308,'Clemoes','Cissy','1978-08-04',NULL),(309,'Eisig','Vinson','1990-07-09',NULL),(310,'Wick','Wendye','2002-10-29',NULL),(311,'Romeuf','Cirilo','1964-07-27',NULL),(312,'Meineken','Bartlett','1992-05-17',NULL),(313,'Hertwell','Joy','1990-03-02',NULL),(314,'Cisneros','Drew','1959-09-14',NULL),(315,'Giacobazzi','Emylee','2006-01-06',NULL),(316,'Nys','Kaiser','2008-12-19',NULL),(317,'Blaine','Emelda','2012-10-15',NULL),(318,'Rooms','Tiff','1959-01-18',NULL),(319,'Melsom','Sal','1998-11-11',NULL),(320,'Winspar','Bert','1975-03-05',NULL),(321,'Pannett','Lonnie','1993-04-13',NULL),(322,'Purry','Shermie','1962-11-20',NULL),(323,'De Cristoforo','Kellen','2012-08-01',NULL),(324,'Pavlov','Fee','1968-04-03',NULL),(325,'Colloff','Wallace','1981-07-14',NULL),(326,'O\' Gara','Lavinia','1988-11-23',NULL),(327,'Malin','Barron','1985-11-17',NULL),(328,'Baudasso','Barbie','2012-09-13',NULL),(329,'Lindwasser','Vivyan','1963-11-16',NULL),(330,'Casford','Belva','1959-04-09',NULL),(331,'Eglinton','Kirsten','1954-09-23',NULL),(332,'Sentance','Blake','2009-10-28',NULL),(333,'Sanchis','Reginald','1978-12-08',NULL),(334,'Sabatier','Christen','1979-03-18',NULL),(335,'Alenikov','Broddy','2009-03-26',NULL),(336,'Djuricic','Dorise','1966-07-15',NULL),(337,'Solland','Ethe','1982-12-25',NULL),(338,'Lawlan','Barbe','2001-04-19',NULL),(339,'Pakenham','Renie','1979-07-21',NULL),(340,'Roycroft','Berty','2007-11-11',NULL),(341,'Whybray','Sadie','1958-08-25',NULL),(342,'Iacobetto','Eloise','2011-08-30',NULL),(343,'Sholem','Vladamir','1976-05-10',NULL),(344,'Capron','Filmore','1960-10-17',NULL),(345,'Drissell','Consuelo','1988-11-27',NULL),(346,'Oxton','Lu','1984-02-26',NULL),(347,'Allanson','Mike','2004-01-16',NULL),(348,'Redler','Janenna','1989-09-30',NULL),(349,'Slemming','Aubrey','1986-08-12',NULL),(350,'Spratt','Coralyn','2013-10-26',NULL),(351,'Kennan','Silvana','1967-04-03',NULL),(352,'Castles','Marian','1972-10-21',NULL),(353,'Jiruch','Polly','2012-04-08',NULL),(354,'Webland','Wilhelm','2000-12-07',NULL),(355,'Pile','Ermentrude','1953-11-10',NULL),(356,'Burdge','Joshia','2008-06-30',NULL),(357,'Borrott','Ollie','1974-11-23',NULL),(358,'Dine-Hart','Liz','1962-12-29',NULL),(359,'Stacey','Burnard','2004-04-12',NULL),(360,'Sawford','Carmita','1990-05-31',NULL),(361,'Amphlett','Augustine','1989-03-26',NULL),(362,'Rumens','Valentijn','1960-12-01',NULL),(363,'Freund','Nannette','1950-11-21',NULL),(364,'Betton','Virgie','1985-09-09',NULL),(365,'Soonhouse','Erhart','1997-10-13',NULL),(366,'Cuthbertson','Gardener','1953-11-05',NULL),(367,'Manvelle','Paola','1953-11-16',NULL),(368,'Wilstead','Torey','1957-11-06',NULL),(369,'Castagna','Kasey','1977-08-11',NULL),(370,'Kensley','Cara','2000-07-06',NULL),(371,'McNevin','Lowell','1991-09-21',NULL),(372,'Hutcheson','Guenevere','2007-01-29',NULL),(373,'Hodjetts','Rice','1982-03-21',NULL),(374,'Massimo','Flem','2003-11-11',NULL),(375,'Faux','Menard','1994-08-25',NULL),(376,'Figgen','Ferd','2011-08-28',NULL),(377,'Brinsford','Loralie','1996-05-03',NULL),(378,'Hassan','Marget','1996-09-20',NULL),(379,'Brilon','Heidi','1980-08-04',NULL),(380,'Lepere','Kaylyn','1962-10-16',NULL),(381,'MacClure','Lorne','1986-03-09',NULL),(382,'Birkmyr','Rebecca','1964-07-18',NULL),(383,'Elliott','Desi','1978-03-07',NULL),(384,'Spaven','Norbert','1983-04-03',NULL),(385,'Callear','Ike','1967-09-25',NULL),(386,'Gerrie','Fairlie','2002-11-23',NULL),(387,'Norker','Stanford','1969-04-10',NULL),(388,'Beahan','Terence','1951-09-10',NULL),(389,'Scrimgeour','Nance','1964-08-19',NULL),(390,'Mathison','Gasparo','1954-01-31',NULL),(391,'Tebbs','Boote','1990-07-11',NULL),(392,'Croydon','Wallis','2012-05-17',NULL),(393,'Klaiser','Paxton','2012-04-20',NULL),(394,'Skitch','Mayer','2010-05-20',NULL),(395,'Hollerin','Ericha','2001-01-01',NULL),(396,'Wonfar','Gwenore','1959-11-13',NULL),(397,'Shenfish','Prissie','1974-05-01',NULL),(398,'Sherratt','Bertina','1978-01-16',NULL),(399,'McCloughlin','Ediva','1953-03-23',NULL),(400,'Camber','Hendrik','2009-12-29',NULL),(401,'McCarty','Dell','1984-04-16',NULL),(402,'Parry','Loy','2005-06-22',NULL),(403,'Janous','Emmet','1996-06-30',NULL),(404,'Feavyour','Conni','1952-01-22',NULL),(405,'Ailmer','Terrye','2012-10-19',NULL),(406,'Wormell','Giana','2001-10-28',NULL),(407,'Tewkesbury.','Hyacintha','1956-09-21',NULL),(408,'Scotchmore','Lemuel','1956-02-23',NULL),(409,'Shilton','Ansel','1960-07-20',NULL),(410,'Sexten','Glenn','1984-04-28',NULL),(411,'Hanaby','Angy','1961-12-18',NULL),(412,'Gazey','Dora','1970-11-06',NULL),(413,'Bellenger','Cicily','1954-05-06',NULL),(414,'Callcott','Celinda','1973-03-08',NULL),(415,'Batchelour','Shayna','1988-11-16',NULL),(416,'Bilyard','Vonnie','2010-10-31',NULL),(417,'Sansam','Benedetta','2009-07-11',NULL),(418,'Stafford','Cristionna','2001-02-19',NULL),(419,'Buckleigh','Konstance','1963-02-07',NULL),(420,'Howell','Adela','1990-02-06',NULL),(421,'Jiggens','Tremain','1983-03-14',NULL),(422,'Flello','Ugo','1995-09-10',NULL),(423,'Sheers','Bellanca','1950-11-10',NULL),(424,'Bagley','Aimee','2009-03-20',NULL),(425,'Krout','Rycca','1987-07-05',NULL),(426,'Wasmer','Zaneta','1959-11-21',NULL),(427,'Klimschak','Selig','1950-12-01',NULL),(428,'Desseine','Matilda','1988-11-30',NULL),(429,'Glentz','Miller','2013-10-30',NULL),(430,'Snowsill','Brenn','1960-05-24',NULL),(431,'Jouanot','Myriam','2002-06-30',NULL),(432,'Bettington','Carroll','1989-04-14',NULL),(433,'Shoveller','Missy','1988-12-07',NULL),(434,'Rushmer','Padget','1962-10-26',NULL),(435,'Rawle','Aldon','1961-04-14',NULL),(436,'Ledgerton','Hart','1967-12-21',NULL),(437,'Kingsnorth','Louisette','2005-12-30',NULL),(438,'Westerman','Emelda','1984-01-28',NULL),(439,'Pieper','Alexandros','1952-05-18',NULL),(440,'Jiricka','Rica','1987-09-01',NULL),(441,'Bremmer','Nickie','2003-03-16',NULL),(442,'Pullan','Dorian','1975-01-07',NULL),(443,'Pavyer','Kelsey','1979-06-23',NULL),(444,'Melling','Sibley','1958-04-26',NULL),(445,'Allon','Johann','1967-03-02',NULL),(446,'Calcut','Latrena','2010-11-15',NULL),(447,'Summerly','Rubetta','2010-11-13',NULL),(448,'Leirmonth','Yves','2007-09-18',NULL),(449,'Sanger','Coletta','1991-12-19',NULL),(450,'Kershaw','Aeriell','1986-09-09',NULL),(451,'Zebedee','Baird','2007-07-21',NULL),(452,'Akram','Adriano','1999-09-09',NULL),(453,'Chesworth','Win','1961-10-14',NULL),(454,'Rippingale','Pavlov','1987-11-10',NULL),(455,'Piburn','Penelope','1975-12-11',NULL),(456,'Jeschner','Sharlene','1966-02-18',NULL),(457,'Frankom','Burke','1952-11-01',NULL),(458,'Pink','Carla','1979-10-11',NULL),(459,'Boshers','Abbot','1962-05-17',NULL),(460,'Deyes','Tilda','1986-07-20',NULL),(461,'Adie','Travers','1967-08-14',NULL),(462,'Ormes','Garry','1992-06-08',NULL),(463,'Kehir','Brittaney','1981-04-30',NULL),(464,'Wingar','Berkie','1979-05-05',NULL),(465,'Dourin','Vivianna','2002-09-17',NULL),(466,'Lipmann','Kelley','1997-07-13',NULL),(467,'Petrasso','Isabel','1965-07-11',NULL),(468,'Reed','Myrah','2013-01-12',NULL),(469,'Eddies','Kristel','1962-08-03',NULL),(470,'Cathersides','Conrade','1951-11-05',NULL),(471,'Arbuckel','Charmian','1985-06-14',NULL),(472,'Aronowitz','Jamima','1993-09-21',NULL),(473,'Hawler','Antonie','1998-04-04',NULL),(474,'Sumption','Ferdinande','1996-02-11',NULL),(475,'Minihan','Druci','1971-10-19',NULL),(476,'Cordner','Earle','1984-08-26',NULL),(477,'Anyon','Joceline','1993-11-11',NULL),(478,'Polson','Zola','2001-05-11',NULL),(479,'Laban','Marilee','2011-03-15',NULL),(480,'Muldownie','Anestassia','1973-12-08',NULL),(481,'Schoenrock','Chandra','1950-01-27',NULL),(482,'Ridder','Felicity','2006-07-24',NULL),(483,'Yesinin','Mackenzie','1976-07-29',NULL),(484,'Andre','Jaime','1977-03-13',NULL),(485,'Limpricht','Kat','2006-04-05',NULL),(486,'Clendennen','Calley','1957-09-16',NULL),(487,'Rivelon','Leland','2011-10-05',NULL),(488,'Grisenthwaite','Alexine','1979-09-05',NULL),(489,'Maultby','Eldon','1977-02-08',NULL),(490,'Le land','Nicky','1996-06-29',NULL),(491,'Mairs','Darryl','1973-02-25',NULL),(492,'Looney','Rock','1990-04-13',NULL),(493,'Middlemass','Pooh','1953-12-14',NULL),(494,'Wilshin','Claudius','1976-11-29',NULL),(495,'Whyborn','Danette','2008-09-12',NULL),(496,'Ducket','Ervin','1970-10-06',NULL),(497,'Bellanger','Mari','2005-09-18',NULL),(498,'Tooze','Karleen','1974-04-15',NULL),(499,'Dine-Hart','Deeyn','1968-04-14',NULL),(500,'Bartolomivis','Cordula','1968-07-24',NULL);
/*!40000 ALTER TABLE `auteur` ENABLE KEYS */;
UNLOCK TABLES;

--
-- Table structure for table `emprunt`
--

DROP TABLE IF EXISTS `emprunt`;
/*!40101 SET @saved_cs_client     = @@character_set_client */;
/*!40101 SET character_set_client = utf8 */;
CREATE TABLE `emprunt` (
  `id` int(11) NOT NULL AUTO_INCREMENT,
  `date_emprunt` date NOT NULL,
  `date_retour` date DEFAULT NULL,
  `lecteur_id` int(11) NOT NULL,
  `exemplaire_id` int(11) NOT NULL,
  PRIMARY KEY (`id`),
  KEY `lecteur_id` (`lecteur_id`),
  KEY `exemplaire_id` (`exemplaire_id`),
  CONSTRAINT `emprunt_ibfk_1` FOREIGN KEY (`lecteur_id`) REFERENCES `lecteur` (`id`),
  CONSTRAINT `emprunt_ibfk_2` FOREIGN KEY (`exemplaire_id`) REFERENCES `exemplaire` (`id`)
) ENGINE=InnoDB AUTO_INCREMENT=101 DEFAULT CHARSET=utf8mb4 COLLATE=utf8mb4_general_ci;
/*!40101 SET character_set_client = @saved_cs_client */;

--
-- Dumping data for table `emprunt`
--

LOCK TABLES `emprunt` WRITE;
/*!40000 ALTER TABLE `emprunt` DISABLE KEYS */;
INSERT INTO `emprunt` VALUES (1,'2022-03-07','2022-07-01',4,31),(2,'2022-05-24','2022-08-27',8,983),(3,'2022-06-28','2022-09-01',3,525),(4,'2022-03-26','2022-07-14',3,621),(5,'2022-07-29',NULL,12,315),(6,'2022-05-23',NULL,4,698),(7,'2022-11-23','2022-12-16',12,112),(8,'2022-04-28',NULL,11,318),(9,'2022-07-30',NULL,6,764),(10,'2022-09-05',NULL,16,116),(11,'2022-09-16',NULL,6,828),(12,'2022-01-31','2022-07-02',9,207),(13,'2022-06-10','2022-12-08',12,761),(14,'2022-08-20','2022-12-19',16,13),(15,'2022-01-22',NULL,3,89),(16,'2022-11-13',NULL,7,329),(17,'2022-06-09',NULL,1,395),(18,'2022-10-20','2022-11-07',11,456),(19,'2022-03-28','2022-08-27',5,643),(20,'2022-05-22',NULL,3,534),(21,'2022-03-21','2022-11-28',1,526),(22,'2022-06-09','2022-06-18',4,832),(23,'2022-07-21',NULL,2,487),(24,'2022-01-29','2022-07-09',11,699),(25,'2022-07-24','2022-08-31',15,642),(26,'2022-07-18','2022-11-12',3,364),(27,'2022-06-03',NULL,2,220),(28,'2022-10-19',NULL,14,924),(29,'2022-01-08',NULL,10,965),(30,'2022-01-18',NULL,10,48),(31,'2022-05-11','2022-08-16',1,948),(32,'2022-07-26',NULL,11,982),(33,'2022-12-11','2022-12-17',15,338),(34,'2022-12-02','2022-12-16',15,957),(35,'2022-02-19','2022-10-04',4,939),(36,'2022-12-14',NULL,10,554),(37,'2022-01-17','2022-09-17',15,324),(38,'2022-11-22','2022-12-03',3,412),(39,'2022-08-29',NULL,14,639),(40,'2022-09-02','2022-11-11',10,114),(41,'2022-09-15',NULL,6,847),(42,'2022-03-01',NULL,16,49),(43,'2022-04-08',NULL,6,29),(44,'2022-02-06',NULL,14,909),(45,'2022-01-10',NULL,15,450),(46,'2022-06-10','2022-08-04',11,330),(47,'2022-09-17','2022-10-09',3,942),(48,'2022-04-21','2022-10-15',8,65),(49,'2022-12-09','2022-12-13',14,217),(50,'2022-06-24','2022-10-15',12,580),(51,'2022-10-13',NULL,2,663),(52,'2022-12-05','2022-12-07',7,491),(53,'2022-04-04','2022-07-27',11,993),(54,'2022-12-11','2022-12-16',4,223),(55,'2022-07-08',NULL,7,124),(56,'2022-04-28',NULL,8,507),(57,'2022-02-03','2022-07-13',11,651),(58,'2022-05-09','2022-06-28',9,973),(59,'2022-04-08',NULL,9,155),(60,'2022-03-25','2022-11-23',6,972),(61,'2022-10-28',NULL,3,845),(62,'2022-09-02','2022-11-01',16,247),(63,'2022-04-14','2022-10-18',10,613),(64,'2022-05-02','2022-07-26',4,891),(65,'2022-10-30','2022-11-24',11,709),(66,'2022-08-09',NULL,3,631),(67,'2022-09-30','2022-11-13',14,485),(68,'2022-11-30',NULL,8,642),(69,'2022-09-22','2022-12-08',14,733),(70,'2022-01-23',NULL,7,662),(71,'2022-02-04','2022-04-11',9,117),(72,'2022-11-27',NULL,14,236),(73,'2022-08-14',NULL,9,262),(74,'2022-08-22','2022-11-05',10,974),(75,'2022-02-23','2022-10-09',5,101),(76,'2022-08-25',NULL,4,4),(77,'2022-04-26','2022-06-03',15,88),(78,'2022-09-04',NULL,2,651),(79,'2022-01-15',NULL,2,873),(80,'2022-12-16',NULL,12,519),(81,'2022-06-18','2022-11-02',4,855),(82,'2022-08-07','2022-11-24',8,890),(83,'2022-01-17','2022-09-09',13,865),(84,'2022-11-30',NULL,13,654),(85,'2022-10-26',NULL,13,236),(86,'2022-09-22',NULL,16,728),(87,'2022-09-12',NULL,16,561),(88,'2022-11-13','2022-11-24',3,824),(89,'2022-08-23','2022-09-26',14,488),(90,'2022-10-19','2022-12-09',4,496),(91,'2022-11-04','2022-12-08',3,387),(92,'2022-07-15','2022-09-14',2,351),(93,'2022-06-08',NULL,10,453),(94,'2022-06-08','2022-06-20',11,211),(95,'2022-01-04',NULL,1,964),(96,'2022-09-02','2022-11-28',5,86),(97,'2022-07-04',NULL,4,140),(98,'2022-12-06',NULL,1,96),(99,'2022-04-25',NULL,11,433),(100,'2022-02-07',NULL,14,607);
/*!40000 ALTER TABLE `emprunt` ENABLE KEYS */;
UNLOCK TABLES;

--
-- Table structure for table `exemplaire`
--

DROP TABLE IF EXISTS `exemplaire`;
/*!40101 SET @saved_cs_client     = @@character_set_client */;
/*!40101 SET character_set_client = utf8 */;
CREATE TABLE `exemplaire` (
  `id` int(11) NOT NULL AUTO_INCREMENT,
  `reference` varchar(50) NOT NULL,
  `rayon` varchar(50) NOT NULL,
  `date_acquisition` date NOT NULL,
  `etat` varchar(50) NOT NULL,
  `est_perdu` tinyint(1) NOT NULL DEFAULT 0,
  `livre_id` int(11) NOT NULL,
  PRIMARY KEY (`id`),
  KEY `livre_id` (`livre_id`),
  CONSTRAINT `exemplaire_ibfk_1` FOREIGN KEY (`livre_id`) REFERENCES `livre` (`id`)
) ENGINE=InnoDB AUTO_INCREMENT=1001 DEFAULT CHARSET=utf8mb4 COLLATE=utf8mb4_general_ci;
/*!40101 SET character_set_client = @saved_cs_client */;

--
-- Dumping data for table `exemplaire`
--

LOCK TABLES `exemplaire` WRITE;
/*!40000 ALTER TABLE `exemplaire` DISABLE KEYS */;
INSERT INTO `exemplaire` VALUES (1,'REF1','RAYON1','2022-11-20','bon',0,739),(2,'REF2','RAYON2','2022-04-13','moyen',0,221),(3,'REF3','RAYON3','2022-08-07','moyen',0,579),(4,'REF4','RAYON4','2022-12-07','mauvais',0,522),(5,'REF5','RAYON5','2022-05-07','bon',0,644),(6,'REF6','RAYON6','2022-01-08','moyen',0,987),(7,'REF7','RAYON7','2022-06-27','moyen',0,896),(8,'REF8','RAYON8','2022-03-21','moyen',0,172),(9,'REF9','RAYON9','2022-10-06','moyen',0,9),(10,'REF10','RAYON10','2022-01-02','moyen',0,191),(11,'REF11','RAYON11','2022-07-01','neuf',0,505),(12,'REF12','RAYON12','2022-01-18','moyen',0,349),(13,'REF13','RAYON13','2022-08-03','bon',0,627),(14,'REF14','RAYON14','2022-10-02','mauvais',0,703),(15,'REF15','RAYON15','2022-06-23','moyen',0,721),(16,'REF16','RAYON16','2022-08-29','bon',0,228),(17,'REF17','RAYON17','2022-07-16','mauvais',0,825),(18,'REF18','RAYON18','2022-10-18','moyen',0,415),(19,'REF19','RAYON19','2022-05-18','moyen',0,133),(20,'REF20','RAYON20','2022-01-02','bon',0,538),(21,'REF21','RAYON21','2022-06-09','moyen',0,726),(22,'REF22','RAYON22','2022-03-12','neuf',0,251),(23,'REF23','RAYON23','2022-09-21','moyen',0,552),(24,'REF24','RAYON24','2022-03-01','moyen',0,304),(25,'REF25','RAYON25','2022-12-18','mauvais',0,358),(26,'REF26','RAYON26','2022-07-24','moyen',0,468),(27,'REF27','RAYON27','2022-09-15','bon',0,352),(28,'REF28','RAYON28','2022-09-10','moyen',0,130),(29,'REF29','RAYON29','2022-07-17','moyen',0,691),(30,'REF30','RAYON30','2022-10-11','moyen',0,732),(31,'REF31','RAYON31','2022-06-10','mauvais',0,35),(32,'REF32','RAYON32','2022-11-26','bon',0,469),(33,'REF33','RAYON33','2022-03-26','moyen',0,38),(34,'REF34','RAYON34','2022-12-09','moyen',0,778),(35,'REF35','RAYON35','2022-01-18','moyen',0,835),(36,'REF36','RAYON36','2022-02-04','moyen',0,247),(37,'REF37','RAYON37','2022-04-16','neuf',0,32),(38,'REF38','RAYON38','2022-09-24','bon',0,595),(39,'REF39','RAYON39','2022-07-30','bon',0,361),(40,'REF40','RAYON40','2022-03-24','mauvais',0,729),(41,'REF41','RAYON41','2022-05-17','moyen',0,746),(42,'REF42','RAYON42','2022-08-05','neuf',0,20),(43,'REF43','RAYON43','2022-06-13','moyen',0,494),(44,'REF44','RAYON44','2022-11-13','moyen',0,796),(45,'REF45','RAYON45','2022-05-02','neuf',0,849),(46,'REF46','RAYON46','2022-10-10','neuf',0,773),(47,'REF47','RAYON47','2022-07-28','neuf',0,722),(48,'REF48','RAYON48','2022-01-05','moyen',0,851),(49,'REF49','RAYON49','2022-04-14','moyen',0,136),(50,'REF50','RAYON50','2022-10-05','moyen',0,619),(51,'REF51','RAYON51','2022-01-29','moyen',0,166),(52,'REF52','RAYON52','2022-08-31','neuf',0,472),(53,'REF53','RAYON53','2022-07-21','neuf',0,113),(54,'REF54','RAYON54','2022-03-18','bon',0,289),(55,'REF55','RAYON55','2022-02-10','bon',0,830),(56,'REF56','RAYON56','2022-07-23','neuf',0,903),(57,'REF57','RAYON57','2022-01-31','moyen',0,431),(58,'REF58','RAYON58','2022-01-04','moyen',0,757),(59,'REF59','RAYON59','2022-11-21','moyen',0,892),(60,'REF60','RAYON60','2022-11-13','neuf',0,316),(61,'REF61','RAYON61','2022-10-04','moyen',0,140),(62,'REF62','RAYON62','2022-02-21','bon',0,544),(63,'REF63','RAYON63','2022-06-05','moyen',0,149),(64,'REF64','RAYON64','2022-11-13','mauvais',0,517),(65,'REF65','RAYON65','2022-06-10','neuf',0,556),(66,'REF66','RAYON66','2022-09-23','mauvais',0,227),(67,'REF67','RAYON67','2022-10-24','bon',0,942),(68,'REF68','RAYON68','2022-05-20','moyen',0,402),(69,'REF69','RAYON69','2022-09-15','bon',0,72),(70,'REF70','RAYON70','2022-10-29','mauvais',0,699),(71,'REF71','RAYON71','2022-04-29','moyen',0,701),(72,'REF72','RAYON72','2022-10-10','bon',0,877),(73,'REF73','RAYON73','2022-01-11','moyen',0,435),(74,'REF74','RAYON74','2022-03-10','moyen',0,273),(75,'REF75','RAYON75','2022-04-07','moyen',0,860),(76,'REF76','RAYON76','2022-07-11','bon',0,823),(77,'REF77','RAYON77','2022-12-12','bon',0,563),(78,'REF78','RAYON78','2022-12-04','mauvais',0,625),(79,'REF79','RAYON79','2022-05-17','mauvais',0,137),(80,'REF80','RAYON80','2022-06-28','bon',0,45),(81,'REF81','RAYON81','2022-12-12','neuf',0,782),(82,'REF82','RAYON82','2022-08-23','moyen',0,599),(83,'REF83','RAYON83','2022-12-08','mauvais',0,301),(84,'REF84','RAYON84','2022-05-16','mauvais',0,916),(85,'REF85','RAYON85','2022-07-09','bon',0,630),(86,'REF86','RAYON86','2022-11-07','moyen',0,992),(87,'REF87','RAYON87','2022-02-26','moyen',0,68),(88,'REF88','RAYON88','2022-11-18','bon',0,42),(89,'REF89','RAYON89','2022-02-24','moyen',0,466),(90,'REF90','RAYON90','2022-11-20','bon',0,193),(91,'REF91','RAYON91','2022-07-06','mauvais',0,715),(92,'REF92','RAYON92','2022-05-19','neuf',0,964),(93,'REF93','RAYON93','2022-05-15','mauvais',0,954),(94,'REF94','RAYON94','2022-09-08','moyen',0,961),(95,'REF95','RAYON95','2022-09-13','neuf',0,611),(96,'REF96','RAYON96','2022-05-30','bon',0,977),(97,'REF97','RAYON97','2022-05-14','moyen',0,463),(98,'REF98','RAYON98','2022-07-19','neuf',0,338),(99,'REF99','RAYON99','2022-03-10','bon',0,31),(100,'REF100','RAYON100','2022-08-08','mauvais',0,250),(101,'REF101','RAYON101','2022-03-03','bon',0,97),(102,'REF102','RAYON102','2022-03-13','bon',0,901),(103,'REF103','RAYON103','2022-06-10','moyen',0,912),(104,'REF104','RAYON104','2022-10-31','moyen',0,41),(105,'REF105','RAYON105','2022-07-05','neuf',0,997),(106,'REF106','RAYON106','2022-06-28','bon',0,195),(107,'REF107','RAYON107','2022-06-24','neuf',0,884),(108,'REF108','RAYON108','2022-12-02','neuf',0,343),(109,'REF109','RAYON109','2022-06-21','moyen',0,845),(110,'REF110','RAYON110','2022-09-22','moyen',0,918),(111,'REF111','RAYON111','2022-02-23','mauvais',0,565),(112,'REF112','RAYON112','2022-10-14','moyen',0,380),(113,'REF113','RAYON113','2022-02-19','neuf',0,19),(114,'REF114','RAYON114','2022-05-19','neuf',0,558),(115,'REF115','RAYON115','2022-12-16','moyen',0,614),(116,'REF116','RAYON116','2022-11-11','neuf',0,762),(117,'REF117','RAYON117','2022-03-16','moyen',0,547),(118,'REF118','RAYON118','2022-03-06','moyen',0,291),(119,'REF119','RAYON119','2022-05-10','moyen',0,309),(120,'REF120','RAYON120','2022-06-15','neuf',0,900),(121,'REF121','RAYON121','2022-11-19','moyen',0,322),(122,'REF122','RAYON122','2022-04-23','neuf',0,280),(123,'REF123','RAYON123','2022-10-23','neuf',0,639),(124,'REF124','RAYON124','2022-01-05','neuf',0,428),(125,'REF125','RAYON125','2022-10-10','bon',0,704),(126,'REF126','RAYON126','2022-01-05','moyen',0,503),(127,'REF127','RAYON127','2022-04-24','moyen',0,312),(128,'REF128','RAYON128','2022-05-23','mauvais',0,190),(129,'REF129','RAYON129','2022-09-08','moyen',0,144),(130,'REF130','RAYON130','2022-01-19','bon',0,585),(131,'REF131','RAYON131','2022-11-03','moyen',0,346),(132,'REF132','RAYON132','2022-02-17','neuf',0,177),(133,'REF133','RAYON133','2022-07-03','mauvais',0,771),(134,'REF134','RAYON134','2022-08-20','moyen',0,801),(135,'REF135','RAYON135','2022-07-09','moyen',0,292),(136,'REF136','RAYON136','2022-04-24','moyen',0,965),(137,'REF137','RAYON137','2022-07-06','bon',0,523),(138,'REF138','RAYON138','2022-02-23','neuf',0,663),(139,'REF139','RAYON139','2022-02-27','moyen',0,231),(140,'REF140','RAYON140','2022-08-04','moyen',0,566),(141,'REF141','RAYON141','2022-10-02','moyen',0,752),(142,'REF142','RAYON142','2022-03-09','moyen',0,653),(143,'REF143','RAYON143','2022-02-16','bon',0,112),(144,'REF144','RAYON144','2022-08-18','moyen',0,927),(145,'REF145','RAYON145','2022-07-17','mauvais',0,438),(146,'REF146','RAYON146','2022-02-10','neuf',0,634),(147,'REF147','RAYON147','2022-10-16','moyen',0,441),(148,'REF148','RAYON148','2022-11-16','moyen',0,158),(149,'REF149','RAYON149','2022-05-16','bon',0,207),(150,'REF150','RAYON150','2022-09-02','bon',0,55),(151,'REF151','RAYON151','2022-11-26','neuf',0,617),(152,'REF152','RAYON152','2022-04-17','moyen',0,379),(153,'REF153','RAYON153','2022-03-10','moyen',0,646),(154,'REF154','RAYON154','2022-05-12','moyen',0,991),(155,'REF155','RAYON155','2022-11-04','moyen',0,453),(156,'REF156','RAYON156','2022-10-08','moyen',0,806),(157,'REF157','RAYON157','2022-04-23','neuf',0,873),(158,'REF158','RAYON158','2022-12-05','moyen',0,118),(159,'REF159','RAYON159','2022-05-01','moyen',0,337),(160,'REF160','RAYON160','2022-07-01','moyen',0,217),(161,'REF161','RAYON161','2022-04-15','moyen',0,290),(162,'REF162','RAYON162','2022-01-02','neuf',0,854),(163,'REF163','RAYON163','2022-08-14','moyen',0,25),(164,'REF164','RAYON164','2022-01-21','moyen',0,597),(165,'REF165','RAYON165','2022-06-09','moyen',0,751),(166,'REF166','RAYON166','2022-02-11','moyen',0,952),(167,'REF167','RAYON167','2022-10-30','moyen',0,632),(168,'REF168','RAYON168','2022-02-06','neuf',0,281),(169,'REF169','RAYON169','2022-12-17','moyen',0,324),(170,'REF170','RAYON170','2022-01-22','moyen',0,17),(171,'REF171','RAYON171','2022-07-19','bon',0,531),(172,'REF172','RAYON172','2022-02-20','moyen',0,813),(173,'REF173','RAYON173','2022-12-15','neuf',0,626),(174,'REF174','RAYON174','2022-01-19','moyen',0,864),(175,'REF175','RAYON175','2022-06-06','neuf',0,882),(176,'REF176','RAYON176','2022-04-05','moyen',0,888),(177,'REF177','RAYON177','2022-03-28','bon',0,689),(178,'REF178','RAYON178','2022-03-19','mauvais',0,477),(179,'REF179','RAYON179','2022-04-17','mauvais',0,492),(180,'REF180','RAYON180','2022-03-19','moyen',0,749),(181,'REF181','RAYON181','2022-06-14','mauvais',0,7),(182,'REF182','RAYON182','2022-10-07','moyen',0,621),(183,'REF183','RAYON183','2022-12-15','mauvais',0,427),(184,'REF184','RAYON184','2022-11-13','neuf',0,664),(185,'REF185','RAYON185','2022-11-07','moyen',0,535),(186,'REF186','RAYON186','2022-06-07','neuf',0,389),(187,'REF187','RAYON187','2022-06-09','mauvais',0,90),(188,'REF188','RAYON188','2022-03-05','neuf',0,467),(189,'REF189','RAYON189','2022-06-29','bon',0,741),(190,'REF190','RAYON190','2022-05-02','moyen',0,485),(191,'REF191','RAYON191','2022-05-25','moyen',0,570),(192,'REF192','RAYON192','2022-12-03','mauvais',0,679),(193,'REF193','RAYON193','2022-05-22','moyen',0,84),(194,'REF194','RAYON194','2022-02-27','neuf',0,58),(195,'REF195','RAYON195','2022-03-24','moyen',0,984),(196,'REF196','RAYON196','2022-10-25','moyen',0,105),(197,'REF197','RAYON197','2022-07-21','moyen',0,613),(198,'REF198','RAYON198','2022-02-12','moyen',0,185),(199,'REF199','RAYON199','2022-03-23','moyen',0,953),(200,'REF200','RAYON200','2022-05-28','moyen',0,528),(201,'REF201','RAYON201','2022-01-30','neuf',0,390),(202,'REF202','RAYON202','2022-11-12','neuf',0,82),(203,'REF203','RAYON203','2022-02-13','moyen',0,737),(204,'REF204','RAYON204','2022-04-19','moyen',0,265),(205,'REF205','RAYON205','2022-03-24','bon',0,12),(206,'REF206','RAYON206','2022-12-04','neuf',0,48),(207,'REF207','RAYON207','2022-04-30','moyen',0,325),(208,'REF208','RAYON208','2022-07-02','moyen',0,226),(209,'REF209','RAYON209','2022-10-30','moyen',0,643),(210,'REF210','RAYON210','2022-01-13','bon',0,52),(211,'REF211','RAYON211','2022-09-29','bon',0,655),(212,'REF212','RAYON212','2022-10-23','moyen',0,872),(213,'REF213','RAYON213','2022-05-05','moyen',0,178),(214,'REF214','RAYON214','2022-11-23','mauvais',0,668),(215,'REF215','RAYON215','2022-01-26','moyen',0,805),(216,'REF216','RAYON216','2022-03-31','moyen',0,103),(217,'REF217','RAYON217','2022-09-27','moyen',0,238),(218,'REF218','RAYON218','2022-09-26','mauvais',0,175),(219,'REF219','RAYON219','2022-07-30','neuf',0,772),(220,'REF220','RAYON220','2022-01-13','bon',0,471),(221,'REF221','RAYON221','2022-05-18','moyen',0,678),(222,'REF222','RAYON222','2022-11-18','moyen',0,436),(223,'REF223','RAYON223','2022-09-19','moyen',0,30),(224,'REF224','RAYON224','2022-10-21','mauvais',0,933),(225,'REF225','RAYON225','2022-03-09','bon',0,497),(226,'REF226','RAYON226','2022-11-18','mauvais',0,600),(227,'REF227','RAYON227','2022-10-09','neuf',0,480),(228,'REF228','RAYON228','2022-09-05','mauvais',0,941),(229,'REF229','RAYON229','2022-01-08','moyen',0,78),(230,'REF230','RAYON230','2022-12-01','moyen',0,519),(231,'REF231','RAYON231','2022-10-26','neuf',0,173),(232,'REF232','RAYON232','2022-06-13','moyen',0,234),(233,'REF233','RAYON233','2022-05-04','mauvais',0,754),(234,'REF234','RAYON234','2022-03-24','moyen',0,753),(235,'REF235','RAYON235','2022-07-28','moyen',0,718),(236,'REF236','RAYON236','2022-07-04','moyen',0,359),(237,'REF237','RAYON237','2022-10-26','moyen',0,94),(238,'REF238','RAYON238','2022-02-27','moyen',0,545),(239,'REF239','RAYON239','2022-05-26','moyen',0,79),(240,'REF240','RAYON240','2022-12-12','moyen',0,300),(241,'REF241','RAYON241','2022-10-25','bon',0,334),(242,'REF242','RAYON242','2022-06-25','neuf',0,298),(243,'REF243','RAYON243','2022-10-19','moyen',0,279),(244,'REF244','RAYON244','2022-09-14','moyen',0,829),(245,'REF245','RAYON245','2022-03-08','neuf',0,161),(246,'REF246','RAYON246','2022-12-17','moyen',0,146),(247,'REF247','RAYON247','2022-08-27','moyen',0,410),(248,'REF248','RAYON248','2022-12-08','bon',0,826),(249,'REF249','RAYON249','2022-09-20','neuf',0,647),(250,'REF250','RAYON250','2022-11-16','moyen',0,372),(251,'REF251','RAYON251','2022-04-25','moyen',0,347),(252,'REF252','RAYON252','2022-06-10','moyen',0,331),(253,'REF253','RAYON253','2022-07-29','bon',0,536),(254,'REF254','RAYON254','2022-05-22','moyen',0,592),(255,'REF255','RAYON255','2022-07-18','mauvais',0,515),(256,'REF256','RAYON256','2022-06-08','bon',0,676),(257,'REF257','RAYON257','2022-11-19','neuf',0,970),(258,'REF258','RAYON258','2022-05-01','moyen',0,413),(259,'REF259','RAYON259','2022-08-22','mauvais',0,376),(260,'REF260','RAYON260','2022-08-22','neuf',0,847),(261,'REF261','RAYON261','2022-10-22','moyen',0,645),(262,'REF262','RAYON262','2022-07-28','mauvais',0,305),(263,'REF263','RAYON263','2022-06-18','neuf',0,915),(264,'REF264','RAYON264','2022-11-25','neuf',0,362),(265,'REF265','RAYON265','2022-05-20','moyen',0,134),(266,'REF266','RAYON266','2022-06-04','moyen',0,420),(267,'REF267','RAYON267','2022-07-23','moyen',0,671),(268,'REF268','RAYON268','2022-06-26','neuf',0,582),(269,'REF269','RAYON269','2022-01-17','moyen',0,875),(270,'REF270','RAYON270','2022-07-13','moyen',0,212),(271,'REF271','RAYON271','2022-10-14','neuf',0,516),(272,'REF272','RAYON272','2022-03-31','neuf',0,692),(273,'REF273','RAYON273','2022-04-26','moyen',0,719),(274,'REF274','RAYON274','2022-11-11','neuf',0,299),(275,'REF275','RAYON275','2022-01-23','neuf',0,681),(276,'REF276','RAYON276','2022-07-17','bon',0,311),(277,'REF277','RAYON277','2022-03-11','mauvais',0,683),(278,'REF278','RAYON278','2022-03-30','moyen',0,40),(279,'REF279','RAYON279','2022-05-07','moyen',0,65),(280,'REF280','RAYON280','2022-03-06','bon',0,73),(281,'REF281','RAYON281','2022-03-21','moyen',0,147),(282,'REF282','RAYON282','2022-03-11','bon',0,117),(283,'REF283','RAYON283','2022-02-14','bon',0,253),(284,'REF284','RAYON284','2022-03-15','neuf',0,408),(285,'REF285','RAYON285','2022-11-18','moyen',0,197),(286,'REF286','RAYON286','2022-12-06','moyen',0,171),(287,'REF287','RAYON287','2022-10-05','moyen',0,128),(288,'REF288','RAYON288','2022-05-16','neuf',0,520),(289,'REF289','RAYON289','2022-12-07','neuf',0,899),(290,'REF290','RAYON290','2022-10-22','neuf',0,590),(291,'REF291','RAYON291','2022-09-30','mauvais',0,152),(292,'REF292','RAYON292','2022-06-18','moyen',0,151),(293,'REF293','RAYON293','2022-08-15','moyen',0,857),(294,'REF294','RAYON294','2022-11-15','neuf',0,959),(295,'REF295','RAYON295','2022-07-01','moyen',0,327),(296,'REF296','RAYON296','2022-01-11','neuf',0,493),(297,'REF297','RAYON297','2022-12-16','moyen',0,949),(298,'REF298','RAYON298','2022-11-16','moyen',0,612),(299,'REF299','RAYON299','2022-01-29','moyen',0,163),(300,'REF300','RAYON300','2022-07-27','neuf',0,194),(301,'REF301','RAYON301','2022-07-15','moyen',0,743),(302,'REF302','RAYON302','2022-11-07','moyen',0,994),(303,'REF303','RAYON303','2022-05-22','mauvais',0,920),(304,'REF304','RAYON304','2022-07-05','neuf',0,800),(305,'REF305','RAYON305','2022-04-30','moyen',0,183),(306,'REF306','RAYON306','2022-04-26','mauvais',0,950),(307,'REF307','RAYON307','2022-05-31','bon',0,858),(308,'REF308','RAYON308','2022-11-01','bon',0,242),(309,'REF309','RAYON309','2022-11-29','bon',0,425),(310,'REF310','RAYON310','2022-11-17','neuf',0,548),(311,'REF311','RAYON311','2022-08-07','moyen',0,530),(312,'REF312','RAYON312','2022-08-15','bon',0,883),(313,'REF313','RAYON313','2022-12-13','moyen',0,711),(314,'REF314','RAYON314','2022-09-07','neuf',0,464),(315,'REF315','RAYON315','2022-08-16','moyen',0,488),(316,'REF316','RAYON316','2022-07-11','neuf',0,254),(317,'REF317','RAYON317','2022-08-21','moyen',0,755),(318,'REF318','RAYON318','2022-10-18','moyen',0,216),(319,'REF319','RAYON319','2022-02-27','neuf',0,150),(320,'REF320','RAYON320','2022-03-17','moyen',0,429),(321,'REF321','RAYON321','2022-05-22','moyen',0,249),(322,'REF322','RAYON322','2022-06-24','bon',0,482),(323,'REF323','RAYON323','2022-01-07','neuf',0,666),(324,'REF324','RAYON324','2022-02-28','moyen',0,381),(325,'REF325','RAYON325','2022-05-11','moyen',0,680),(326,'REF326','RAYON326','2022-06-01','neuf',0,277),(327,'REF327','RAYON327','2022-04-27','bon',0,155),(328,'REF328','RAYON328','2022-05-21','moyen',0,526),(329,'REF329','RAYON329','2022-05-02','neuf',0,75),(330,'REF330','RAYON330','2022-04-08','moyen',0,395),(331,'REF331','RAYON331','2022-07-12','bon',0,868),(332,'REF332','RAYON332','2022-01-11','moyen',0,819),(333,'REF333','RAYON333','2022-06-11','moyen',0,426),(334,'REF334','RAYON334','2022-02-04','neuf',0,414),(335,'REF335','RAYON335','2022-03-26','bon',0,966),(336,'REF336','RAYON336','2022-07-11','moyen',0,511),(337,'REF337','RAYON337','2022-03-30','neuf',0,555),(338,'REF338','RAYON338','2022-01-17','moyen',0,374),(339,'REF339','RAYON339','2022-08-26','bon',0,499),(340,'REF340','RAYON340','2022-10-30','moyen',0,591),(341,'REF341','RAYON341','2022-04-18','neuf',0,455),(342,'REF342','RAYON342','2022-04-04','neuf',0,394),(343,'REF343','RAYON343','2022-09-23','moyen',0,956),(344,'REF344','RAYON344','2022-12-18','moyen',0,157),(345,'REF345','RAYON345','2022-01-13','neuf',0,233),(346,'REF346','RAYON346','2022-10-15','moyen',0,532),(347,'REF347','RAYON347','2022-10-08','moyen',0,256),(348,'REF348','RAYON348','2022-03-23','neuf',0,86),(349,'REF349','RAYON349','2022-11-09','bon',0,416),(350,'REF350','RAYON350','2022-07-06','moyen',0,810),(351,'REF351','RAYON351','2022-07-30','neuf',0,906),(352,'REF352','RAYON352','2022-01-19','neuf',0,707),(353,'REF353','RAYON353','2022-08-17','moyen',0,400),(354,'REF354','RAYON354','2022-05-22','moyen',0,237),(355,'REF355','RAYON355','2022-11-28','bon',0,202),(356,'REF356','RAYON356','2022-06-11','bon',0,209),(357,'REF357','RAYON357','2022-11-08','neuf',0,839),(358,'REF358','RAYON358','2022-09-20','neuf',0,842),(359,'REF359','RAYON359','2022-07-06','moyen',0,910),(360,'REF360','RAYON360','2022-06-08','moyen',0,852),(361,'REF361','RAYON361','2022-10-03','moyen',0,63),(362,'REF362','RAYON362','2022-10-12','moyen',0,447),(363,'REF363','RAYON363','2022-09-06','moyen',0,637),(364,'REF364','RAYON364','2022-03-16','bon',0,13),(365,'REF365','RAYON365','2022-10-08','moyen',0,607),(366,'REF366','RAYON366','2022-02-15','neuf',0,809),(367,'REF367','RAYON367','2022-04-14','mauvais',0,313),(368,'REF368','RAYON368','2022-06-07','bon',0,824),(369,'REF369','RAYON369','2022-09-02','moyen',0,89),(370,'REF370','RAYON370','2022-06-05','neuf',0,594),(371,'REF371','RAYON371','2022-06-24','moyen',0,422),(372,'REF372','RAYON372','2022-06-14','mauvais',0,940),(373,'REF373','RAYON373','2022-06-25','neuf',0,271),(374,'REF374','RAYON374','2022-08-27','neuf',0,318),(375,'REF375','RAYON375','2022-09-23','moyen',0,542),(376,'REF376','RAYON376','2022-11-24','mauvais',0,326),(377,'REF377','RAYON377','2022-07-17','moyen',0,167),(378,'REF378','RAYON378','2022-09-24','bon',0,270),(379,'REF379','RAYON379','2022-03-08','bon',0,506),(380,'REF380','RAYON380','2022-01-06','neuf',0,745),(381,'REF381','RAYON381','2022-01-24','mauvais',0,272),(382,'REF382','RAYON382','2022-01-28','moyen',0,320),(383,'REF383','RAYON383','2022-04-05','bon',0,323),(384,'REF384','RAYON384','2022-04-29','moyen',0,902),(385,'REF385','RAYON385','2022-04-28','moyen',0,840),(386,'REF386','RAYON386','2022-01-12','bon',0,229),(387,'REF387','RAYON387','2022-12-07','moyen',0,533),(388,'REF388','RAYON388','2022-08-09','neuf',0,712),(389,'REF389','RAYON389','2022-12-10','moyen',0,983),(390,'REF390','RAYON390','2022-05-26','moyen',0,518),(391,'REF391','RAYON391','2022-08-31','neuf',0,235),(392,'REF392','RAYON392','2022-11-24','moyen',0,203),(393,'REF393','RAYON393','2022-04-25','mauvais',0,677),(394,'REF394','RAYON394','2022-02-11','moyen',0,797),(395,'REF395','RAYON395','2022-01-23','moyen',0,972),(396,'REF396','RAYON396','2022-06-14','neuf',0,974),(397,'REF397','RAYON397','2022-06-03','moyen',0,126),(398,'REF398','RAYON398','2022-04-20','neuf',0,145),(399,'REF399','RAYON399','2022-12-13','moyen',0,816),(400,'REF400','RAYON400','2022-01-18','moyen',0,66),(401,'REF401','RAYON401','2022-07-05','moyen',0,895),(402,'REF402','RAYON402','2022-11-25','bon',0,77),(403,'REF403','RAYON403','2022-11-10','moyen',0,474),(404,'REF404','RAYON404','2022-05-13','bon',0,37),(405,'REF405','RAYON405','2022-08-13','mauvais',0,459),(406,'REF406','RAYON406','2022-01-26','moyen',0,26),(407,'REF407','RAYON407','2022-03-17','mauvais',0,356),(408,'REF408','RAYON408','2022-10-02','moyen',0,769),(409,'REF409','RAYON409','2022-07-25','moyen',0,367),(410,'REF410','RAYON410','2022-11-07','moyen',0,67),(411,'REF411','RAYON411','2022-05-14','moyen',0,628),(412,'REF412','RAYON412','2022-07-28','mauvais',0,588),(413,'REF413','RAYON413','2022-09-12','bon',0,652),(414,'REF414','RAYON414','2022-02-25','moyen',0,559),(415,'REF415','RAYON415','2022-01-10','moyen',0,244),(416,'REF416','RAYON416','2022-08-02','moyen',0,807),(417,'REF417','RAYON417','2022-10-02','bon',0,462),(418,'REF418','RAYON418','2022-05-27','moyen',0,921),(419,'REF419','RAYON419','2022-02-05','moyen',0,465),(420,'REF420','RAYON420','2022-05-12','moyen',0,943),(421,'REF421','RAYON421','2022-07-11','neuf',0,904),(422,'REF422','RAYON422','2022-10-02','neuf',0,370),(423,'REF423','RAYON423','2022-05-04','bon',0,794),(424,'REF424','RAYON424','2022-07-12','bon',0,364),(425,'REF425','RAYON425','2022-11-07','moyen',0,841),(426,'REF426','RAYON426','2022-09-09','mauvais',0,53),(427,'REF427','RAYON427','2022-02-22','moyen',0,640),(428,'REF428','RAYON428','2022-01-31','moyen',0,850),(429,'REF429','RAYON429','2022-10-29','bon',0,553),(430,'REF430','RAYON430','2022-04-21','moyen',0,837),(431,'REF431','RAYON431','2022-03-04','moyen',0,383),(432,'REF432','RAYON432','2022-06-08','mauvais',0,407),(433,'REF433','RAYON433','2022-08-05','moyen',0,315),(434,'REF434','RAYON434','2022-01-15','bon',0,131),(435,'REF435','RAYON435','2022-02-06','neuf',0,470),(436,'REF436','RAYON436','2022-06-11','bon',0,489),(437,'REF437','RAYON437','2022-05-10','moyen',0,384),(438,'REF438','RAYON438','2022-02-25','moyen',0,181),(439,'REF439','RAYON439','2022-11-16','neuf',0,122),(440,'REF440','RAYON440','2022-02-16','bon',0,818),(441,'REF441','RAYON441','2022-11-15','mauvais',0,571),(442,'REF442','RAYON442','2022-08-31','moyen',0,44),(443,'REF443','RAYON443','2022-07-19','moyen',0,775),(444,'REF444','RAYON444','2022-12-14','bon',0,484),(445,'REF445','RAYON445','2022-03-28','bon',0,263),(446,'REF446','RAYON446','2022-12-09','mauvais',0,396),(447,'REF447','RAYON447','2022-10-08','neuf',0,828),(448,'REF448','RAYON448','2022-04-15','mauvais',0,583),(449,'REF449','RAYON449','2022-07-18','mauvais',0,618),(450,'REF450','RAYON450','2022-11-16','neuf',0,350),(451,'REF451','RAYON451','2022-12-03','moyen',0,728),(452,'REF452','RAYON452','2022-10-25','mauvais',0,96),(453,'REF453','RAYON453','2022-07-17','moyen',0,340),(454,'REF454','RAYON454','2022-05-02','neuf',0,534),(455,'REF455','RAYON455','2022-02-15','mauvais',0,856),(456,'REF456','RAYON456','2022-02-16','mauvais',0,855),(457,'REF457','RAYON457','2022-11-14','moyen',0,870),(458,'REF458','RAYON458','2022-07-05','mauvais',0,550),(459,'REF459','RAYON459','2022-03-05','moyen',0,475),(460,'REF460','RAYON460','2022-07-15','bon',0,220),(461,'REF461','RAYON461','2022-12-02','mauvais',0,624),(462,'REF462','RAYON462','2022-10-20','moyen',0,236),(463,'REF463','RAYON463','2022-07-07','bon',0,6),(464,'REF464','RAYON464','2022-06-28','bon',0,705),(465,'REF465','RAYON465','2022-05-13','neuf',0,125),(466,'REF466','RAYON466','2022-12-10','neuf',0,817),(467,'REF467','RAYON467','2022-10-28','neuf',0,549),(468,'REF468','RAYON468','2022-04-16','neuf',0,56),(469,'REF469','RAYON469','2022-11-09','moyen',0,445),(470,'REF470','RAYON470','2022-01-31','mauvais',0,211),(471,'REF471','RAYON471','2022-10-01','moyen',0,922),(472,'REF472','RAYON472','2022-06-10','bon',0,286),(473,'REF473','RAYON473','2022-12-01','neuf',0,774),(474,'REF474','RAYON474','2022-05-06','bon',0,51),(475,'REF475','RAYON475','2022-01-05','moyen',0,539),(476,'REF476','RAYON476','2022-04-01','moyen',0,669),(477,'REF477','RAYON477','2022-09-04','moyen',0,486),(478,'REF478','RAYON478','2022-10-20','moyen',0,606),(479,'REF479','RAYON479','2022-12-03','moyen',0,713),(480,'REF480','RAYON480','2022-05-09','moyen',0,404),(481,'REF481','RAYON481','2022-03-06','moyen',0,575),(482,'REF482','RAYON482','2022-01-02','moyen',0,657),(483,'REF483','RAYON483','2022-01-24','moyen',0,620),(484,'REF484','RAYON484','2022-06-02','neuf',0,448),(485,'REF485','RAYON485','2022-07-16','moyen',0,495),(486,'REF486','RAYON486','2022-05-09','moyen',0,843),(487,'REF487','RAYON487','2022-02-08','mauvais',0,776),(488,'REF488','RAYON488','2022-10-15','neuf',0,914),(489,'REF489','RAYON489','2022-02-13','bon',0,487),(490,'REF490','RAYON490','2022-05-07','neuf',0,276),(491,'REF491','RAYON491','2022-07-25','mauvais',0,907),(492,'REF492','RAYON492','2022-10-23','moyen',0,670),(493,'REF493','RAYON493','2022-01-20','bon',0,91),(494,'REF494','RAYON494','2022-11-19','moyen',0,648),(495,'REF495','RAYON495','2022-11-27','neuf',0,411),(496,'REF496','RAYON496','2022-05-25','moyen',0,642),(497,'REF497','RAYON497','2022-08-26','moyen',0,934),(498,'REF498','RAYON498','2022-07-06','moyen',0,688),(499,'REF499','RAYON499','2022-11-28','moyen',0,576),(500,'REF500','RAYON500','2022-01-23','neuf',0,491),(501,'REF501','RAYON501','2022-11-25','bon',0,80),(502,'REF502','RAYON502','2022-02-10','moyen',0,601),(503,'REF503','RAYON503','2022-10-14','moyen',0,861),(504,'REF504','RAYON504','2022-10-29','neuf',0,783),(505,'REF505','RAYON505','2022-01-30','mauvais',0,204),(506,'REF506','RAYON506','2022-10-02','bon',0,351),(507,'REF507','RAYON507','2022-08-19','bon',0,853),(508,'REF508','RAYON508','2022-12-09','moyen',0,735),(509,'REF509','RAYON509','2022-01-14','neuf',0,736),(510,'REF510','RAYON510','2022-11-13','moyen',0,967),(511,'REF511','RAYON511','2022-01-06','moyen',0,434),(512,'REF512','RAYON512','2022-08-07','bon',0,101),(513,'REF513','RAYON513','2022-03-19','neuf',0,98),(514,'REF514','RAYON514','2022-01-10','bon',0,34),(515,'REF515','RAYON515','2022-10-24','mauvais',0,598),(516,'REF516','RAYON516','2022-06-30','neuf',0,22),(517,'REF517','RAYON517','2022-12-05','moyen',0,521),(518,'REF518','RAYON518','2022-08-15','moyen',0,294),(519,'REF519','RAYON519','2022-05-03','moyen',0,938),(520,'REF520','RAYON520','2022-12-14','moyen',0,908),(521,'REF521','RAYON521','2022-12-10','moyen',0,500),(522,'REF522','RAYON522','2022-03-03','moyen',0,330),(523,'REF523','RAYON523','2022-07-30','bon',0,975),(524,'REF524','RAYON524','2022-04-27','moyen',0,314),(525,'REF525','RAYON525','2022-05-19','mauvais',0,960),(526,'REF526','RAYON526','2022-09-10','moyen',0,554),(527,'REF527','RAYON527','2022-03-16','moyen',0,43),(528,'REF528','RAYON528','2022-04-27','moyen',0,756),(529,'REF529','RAYON529','2022-03-16','neuf',0,23),(530,'REF530','RAYON530','2022-09-17','moyen',0,541),(531,'REF531','RAYON531','2022-05-25','neuf',0,458),(532,'REF532','RAYON532','2022-07-27','bon',0,871),(533,'REF533','RAYON533','2022-07-04','neuf',0,928),(534,'REF534','RAYON534','2022-05-24','bon',0,2),(535,'REF535','RAYON535','2022-09-20','moyen',0,863),(536,'REF536','RAYON536','2022-07-22','moyen',0,672),(537,'REF537','RAYON537','2022-09-19','moyen',0,812),(538,'REF538','RAYON538','2022-06-01','neuf',0,192),(539,'REF539','RAYON539','2022-02-08','moyen',0,963),(540,'REF540','RAYON540','2022-09-03','moyen',0,894),(541,'REF541','RAYON541','2022-07-17','neuf',0,789),(542,'REF542','RAYON542','2022-02-06','moyen',0,310),(543,'REF543','RAYON543','2022-12-07','neuf',0,605),(544,'REF544','RAYON544','2022-03-08','bon',0,968),(545,'REF545','RAYON545','2022-11-22','moyen',0,651),(546,'REF546','RAYON546','2022-10-25','neuf',0,878),(547,'REF547','RAYON547','2022-07-29','moyen',0,587),(548,'REF548','RAYON548','2022-04-18','neuf',0,546),(549,'REF549','RAYON549','2022-10-02','moyen',0,156),(550,'REF550','RAYON550','2022-06-12','moyen',0,365),(551,'REF551','RAYON551','2022-02-17','moyen',0,107),(552,'REF552','RAYON552','2022-05-17','moyen',0,353),(553,'REF553','RAYON553','2022-12-04','moyen',0,890),(554,'REF554','RAYON554','2022-07-10','mauvais',0,510),(555,'REF555','RAYON555','2022-06-16','neuf',0,95),(556,'REF556','RAYON556','2022-04-08','neuf',0,770),(557,'REF557','RAYON557','2022-07-03','moyen',0,74),(558,'REF558','RAYON558','2022-09-17','bon',0,200),(559,'REF559','RAYON559','2022-06-08','moyen',0,710),(560,'REF560','RAYON560','2022-07-23','bon',0,958),(561,'REF561','RAYON561','2022-08-20','bon',0,143),(562,'REF562','RAYON562','2022-06-23','mauvais',0,695),(563,'REF563','RAYON563','2022-05-11','moyen',0,392),(564,'REF564','RAYON564','2022-01-08','neuf',0,332),(565,'REF565','RAYON565','2022-01-09','moyen',0,100),(566,'REF566','RAYON566','2022-05-14','moyen',0,88),(567,'REF567','RAYON567','2022-07-02','bon',0,935),(568,'REF568','RAYON568','2022-05-08','moyen',0,28),(569,'REF569','RAYON569','2022-10-20','mauvais',0,820),(570,'REF570','RAYON570','2022-11-20','moyen',0,693),(571,'REF571','RAYON571','2022-02-27','bon',0,690),(572,'REF572','RAYON572','2022-12-17','moyen',0,241),(573,'REF573','RAYON573','2022-04-14','moyen',0,169),(574,'REF574','RAYON574','2022-01-16','neuf',0,188),(575,'REF575','RAYON575','2022-03-22','moyen',0,264),(576,'REF576','RAYON576','2022-09-09','moyen',0,345),(577,'REF577','RAYON577','2022-08-25','moyen',0,802),(578,'REF578','RAYON578','2022-04-16','mauvais',0,354),(579,'REF579','RAYON579','2022-11-17','moyen',0,780),(580,'REF580','RAYON580','2022-01-01','moyen',0,285),(581,'REF581','RAYON581','2022-10-13','neuf',0,569),(582,'REF582','RAYON582','2022-03-22','neuf',0,54),(583,'REF583','RAYON583','2022-01-19','moyen',0,937),(584,'REF584','RAYON584','2022-08-09','moyen',0,267),(585,'REF585','RAYON585','2022-04-22','moyen',0,764),(586,'REF586','RAYON586','2022-11-21','moyen',0,269),(587,'REF587','RAYON587','2022-06-24','neuf',0,87),(588,'REF588','RAYON588','2022-06-23','neuf',0,593),(589,'REF589','RAYON589','2022-08-25','moyen',0,979),(590,'REF590','RAYON590','2022-06-10','moyen',0,567),(591,'REF591','RAYON591','2022-08-25','neuf',0,514),(592,'REF592','RAYON592','2022-01-18','moyen',0,889),(593,'REF593','RAYON593','2022-06-16','bon',0,111),(594,'REF594','RAYON594','2022-06-06','bon',0,758),(595,'REF595','RAYON595','2022-07-12','moyen',0,560),(596,'REF596','RAYON596','2022-11-04','moyen',0,375),(597,'REF597','RAYON597','2022-01-02','moyen',0,905),(598,'REF598','RAYON598','2022-07-07','bon',0,874),(599,'REF599','RAYON599','2022-11-27','mauvais',0,490),(600,'REF600','RAYON600','2022-04-06','moyen',0,568),(601,'REF601','RAYON601','2022-01-16','moyen',0,781),(602,'REF602','RAYON602','2022-05-09','neuf',0,159),(603,'REF603','RAYON603','2022-10-05','neuf',0,604),(604,'REF604','RAYON604','2022-09-04','moyen',0,989),(605,'REF605','RAYON605','2022-02-24','moyen',0,790),(606,'REF606','RAYON606','2022-05-27','neuf',0,793),(607,'REF607','RAYON607','2022-02-05','neuf',0,846),(608,'REF608','RAYON608','2022-04-29','neuf',0,283),(609,'REF609','RAYON609','2022-06-05','neuf',0,631),(610,'REF610','RAYON610','2022-02-23','moyen',0,513),(611,'REF611','RAYON611','2022-03-02','bon',0,502),(612,'REF612','RAYON612','2022-03-22','moyen',0,11),(613,'REF613','RAYON613','2022-05-30','mauvais',0,142),(614,'REF614','RAYON614','2022-06-13','bon',0,433),(615,'REF615','RAYON615','2022-03-22','moyen',0,437),(616,'REF616','RAYON616','2022-03-20','neuf',0,586),(617,'REF617','RAYON617','2022-04-25','neuf',0,479),(618,'REF618','RAYON618','2022-07-28','moyen',0,321),(619,'REF619','RAYON619','2022-11-25','neuf',0,266),(620,'REF620','RAYON620','2022-07-21','mauvais',0,336),(621,'REF621','RAYON621','2022-02-10','moyen',0,230),(622,'REF622','RAYON622','2022-10-30','neuf',0,988),(623,'REF623','RAYON623','2022-09-30','moyen',0,929),(624,'REF624','RAYON624','2022-09-11','moyen',0,24),(625,'REF625','RAYON625','2022-05-01','bon',0,449),(626,'REF626','RAYON626','2022-11-26','neuf',0,717),(627,'REF627','RAYON627','2022-11-15','bon',0,378),(628,'REF628','RAYON628','2022-08-06','moyen',0,342),(629,'REF629','RAYON629','2022-11-15','neuf',0,141),(630,'REF630','RAYON630','2022-11-02','moyen',0,295),(631,'REF631','RAYON631','2022-05-04','moyen',0,580),(632,'REF632','RAYON632','2022-11-15','bon',0,240),(633,'REF633','RAYON633','2022-07-08','bon',0,649),(634,'REF634','RAYON634','2022-02-13','bon',0,504),(635,'REF635','RAYON635','2022-02-02','moyen',0,439),(636,'REF636','RAYON636','2022-03-31','bon',0,261),(637,'REF637','RAYON637','2022-03-20','moyen',0,581),(638,'REF638','RAYON638','2022-06-10','moyen',0,386),(639,'REF639','RAYON639','2022-06-13','moyen',0,909),(640,'REF640','RAYON640','2022-02-12','bon',0,609),(641,'REF641','RAYON641','2022-09-24','moyen',0,421),(642,'REF642','RAYON642','2022-05-27','moyen',0,49),(643,'REF643','RAYON643','2022-02-12','neuf',0,162),(644,'REF644','RAYON644','2022-04-08','moyen',0,328),(645,'REF645','RAYON645','2022-04-02','moyen',0,733),(646,'REF646','RAYON646','2022-01-24','moyen',0,81),(647,'REF647','RAYON647','2022-09-16','moyen',0,76),(648,'REF648','RAYON648','2022-12-11','moyen',0,363),(649,'REF649','RAYON649','2022-10-21','mauvais',0,176),(650,'REF650','RAYON650','2022-05-20','bon',0,275),(651,'REF651','RAYON651','2022-11-03','moyen',0,635),(652,'REF652','RAYON652','2022-03-27','neuf',0,706),(653,'REF653','RAYON653','2022-10-10','bon',0,15),(654,'REF654','RAYON654','2022-10-25','neuf',0,998),(655,'REF655','RAYON655','2022-06-17','neuf',0,339),(656,'REF656','RAYON656','2022-10-07','moyen',0,926),(657,'REF657','RAYON657','2022-04-17','moyen',0,119),(658,'REF658','RAYON658','2022-03-17','moyen',0,393),(659,'REF659','RAYON659','2022-08-30','bon',0,174),(660,'REF660','RAYON660','2022-04-23','mauvais',0,14),(661,'REF661','RAYON661','2022-06-30','bon',0,661),(662,'REF662','RAYON662','2022-07-13','bon',0,876),(663,'REF663','RAYON663','2022-12-15','neuf',0,589),(664,'REF664','RAYON664','2022-08-26','neuf',0,39),(665,'REF665','RAYON665','2022-01-06','moyen',0,848),(666,'REF666','RAYON666','2022-01-07','moyen',0,596),(667,'REF667','RAYON667','2022-10-15','moyen',0,282),(668,'REF668','RAYON668','2022-11-25','moyen',0,259),(669,'REF669','RAYON669','2022-11-14','neuf',0,720),(670,'REF670','RAYON670','2022-10-01','neuf',0,423),(671,'REF671','RAYON671','2022-01-16','neuf',0,284),(672,'REF672','RAYON672','2022-08-31','moyen',0,529),(673,'REF673','RAYON673','2022-12-18','moyen',0,196),(674,'REF674','RAYON674','2022-05-05','moyen',0,60),(675,'REF675','RAYON675','2022-11-04','moyen',0,59),(676,'REF676','RAYON676','2022-01-26','neuf',0,36),(677,'REF677','RAYON677','2022-01-21','neuf',0,446),(678,'REF678','RAYON678','2022-09-05','neuf',0,777),(679,'REF679','RAYON679','2022-04-16','neuf',0,811),(680,'REF680','RAYON680','2022-04-01','moyen',0,887),(681,'REF681','RAYON681','2022-10-20','moyen',0,685),(682,'REF682','RAYON682','2022-06-23','moyen',0,946),(683,'REF683','RAYON683','2022-09-24','moyen',0,862),(684,'REF684','RAYON684','2022-07-21','neuf',0,371),(685,'REF685','RAYON685','2022-04-11','moyen',0,419),(686,'REF686','RAYON686','2022-04-21','neuf',0,641),(687,'REF687','RAYON687','2022-02-01','moyen',0,135),(688,'REF688','RAYON688','2022-06-02','neuf',0,27),(689,'REF689','RAYON689','2022-10-27','moyen',0,61),(690,'REF690','RAYON690','2022-06-08','mauvais',0,748),(691,'REF691','RAYON691','2022-08-06','neuf',0,831),(692,'REF692','RAYON692','2022-02-19','moyen',0,33),(693,'REF693','RAYON693','2022-10-26','bon',0,109),(694,'REF694','RAYON694','2022-03-29','moyen',0,947),(695,'REF695','RAYON695','2022-03-23','moyen',0,366),(696,'REF696','RAYON696','2022-08-18','moyen',0,638),(697,'REF697','RAYON697','2022-03-27','moyen',0,223),(698,'REF698','RAYON698','2022-04-16','moyen',0,210),(699,'REF699','RAYON699','2022-08-25','moyen',0,512),(700,'REF700','RAYON700','2022-04-13','moyen',0,293),(701,'REF701','RAYON701','2022-06-06','moyen',0,417),(702,'REF702','RAYON702','2022-04-27','bon',0,930),(703,'REF703','RAYON703','2022-07-17','mauvais',0,50),(704,'REF704','RAYON704','2022-07-18','neuf',0,944),(705,'REF705','RAYON705','2022-08-29','moyen',0,702),(706,'REF706','RAYON706','2022-03-08','moyen',0,543),(707,'REF707','RAYON707','2022-05-16','moyen',0,355),(708,'REF708','RAYON708','2022-07-07','neuf',0,8),(709,'REF709','RAYON709','2022-12-16','moyen',0,633),(710,'REF710','RAYON710','2022-10-26','bon',0,129),(711,'REF711','RAYON711','2022-06-14','moyen',0,278),(712,'REF712','RAYON712','2022-10-12','moyen',0,70),(713,'REF713','RAYON713','2022-03-23','bon',0,329),(714,'REF714','RAYON714','2022-07-12','bon',0,214),(715,'REF715','RAYON715','2022-10-08','moyen',0,667),(716,'REF716','RAYON716','2022-10-04','moyen',0,5),(717,'REF717','RAYON717','2022-11-29','neuf',0,369),(718,'REF718','RAYON718','2022-09-05','neuf',0,252),(719,'REF719','RAYON719','2022-09-18','moyen',0,457),(720,'REF720','RAYON720','2022-07-13','bon',0,976),(721,'REF721','RAYON721','2022-05-01','neuf',0,957),(722,'REF722','RAYON722','2022-05-19','mauvais',0,248),(723,'REF723','RAYON723','2022-04-21','bon',0,391),(724,'REF724','RAYON724','2022-08-16','mauvais',0,303),(725,'REF725','RAYON725','2022-05-12','moyen',0,215),(726,'REF726','RAYON726','2022-05-24','moyen',0,501),(727,'REF727','RAYON727','2022-03-30','moyen',0,180),(728,'REF728','RAYON728','2022-01-09','moyen',0,406),(729,'REF729','RAYON729','2022-11-15','neuf',0,524),(730,'REF730','RAYON730','2022-10-06','neuf',0,913),(731,'REF731','RAYON731','2022-09-02','moyen',0,665),(732,'REF732','RAYON732','2022-02-26','moyen',0,734),(733,'REF733','RAYON733','2022-04-14','moyen',0,985),(734,'REF734','RAYON734','2022-04-30','neuf',0,537),(735,'REF735','RAYON735','2022-05-11','bon',0,880),(736,'REF736','RAYON736','2022-01-08','neuf',0,257),(737,'REF737','RAYON737','2022-06-19','moyen',0,430),(738,'REF738','RAYON738','2022-07-14','moyen',0,945),(739,'REF739','RAYON739','2022-09-16','neuf',0,564),(740,'REF740','RAYON740','2022-03-11','moyen',0,866),(741,'REF741','RAYON741','2022-10-21','moyen',0,551),(742,'REF742','RAYON742','2022-01-18','moyen',0,603),(743,'REF743','RAYON743','2022-08-21','moyen',0,127),(744,'REF744','RAYON744','2022-04-24','bon',0,932),(745,'REF745','RAYON745','2022-05-30','moyen',0,69),(746,'REF746','RAYON746','2022-01-26','moyen',0,674),(747,'REF747','RAYON747','2022-06-25','moyen',0,398),(748,'REF748','RAYON748','2022-08-17','mauvais',0,255),(749,'REF749','RAYON749','2022-02-25','mauvais',0,656),(750,'REF750','RAYON750','2022-03-12','mauvais',0,742),(751,'REF751','RAYON751','2022-01-01','neuf',0,978),(752,'REF752','RAYON752','2022-06-23','bon',0,110),(753,'REF753','RAYON753','2022-02-20','moyen',0,821),(754,'REF754','RAYON754','2022-11-20','moyen',0,461),(755,'REF755','RAYON755','2022-04-20','neuf',0,452),(756,'REF756','RAYON756','2022-02-24','moyen',0,454),(757,'REF757','RAYON757','2022-05-08','bon',0,224),(758,'REF758','RAYON758','2022-02-10','bon',0,160),(759,'REF759','RAYON759','2022-02-02','neuf',0,418),(760,'REF760','RAYON760','2022-01-28','moyen',0,1),(761,'REF761','RAYON761','2022-05-14','moyen',0,3),(762,'REF762','RAYON762','2022-09-06','moyen',0,779),(763,'REF763','RAYON763','2022-01-20','moyen',0,763),(764,'REF764','RAYON764','2022-01-25','mauvais',0,64),(765,'REF765','RAYON765','2022-02-24','moyen',0,508),(766,'REF766','RAYON766','2022-12-12','moyen',0,239),(767,'REF767','RAYON767','2022-04-30','moyen',0,574),(768,'REF768','RAYON768','2022-02-08','moyen',0,344),(769,'REF769','RAYON769','2022-02-04','bon',0,10),(770,'REF770','RAYON770','2022-02-04','bon',0,507),(771,'REF771','RAYON771','2022-08-07','bon',0,919),(772,'REF772','RAYON772','2022-11-02','moyen',0,540),(773,'REF773','RAYON773','2022-03-01','moyen',0,999),(774,'REF774','RAYON774','2022-09-12','moyen',0,798),(775,'REF775','RAYON775','2022-03-10','moyen',0,687),(776,'REF776','RAYON776','2022-09-10','moyen',0,760),(777,'REF777','RAYON777','2022-12-07','moyen',0,443),(778,'REF778','RAYON778','2022-05-29','moyen',0,971),(779,'REF779','RAYON779','2022-02-26','neuf',0,833),(780,'REF780','RAYON780','2022-11-14','moyen',0,444),(781,'REF781','RAYON781','2022-10-19','neuf',0,341),(782,'REF782','RAYON782','2022-02-11','moyen',0,208),(783,'REF783','RAYON783','2022-11-30','mauvais',0,654),(784,'REF784','RAYON784','2022-12-12','moyen',0,608),(785,'REF785','RAYON785','2022-10-12','moyen',0,93),(786,'REF786','RAYON786','2022-01-18','moyen',0,297),(787,'REF787','RAYON787','2022-01-26','bon',0,650),(788,'REF788','RAYON788','2022-08-15','neuf',0,990),(789,'REF789','RAYON789','2022-11-19','moyen',0,784),(790,'REF790','RAYON790','2022-03-12','neuf',0,388),(791,'REF791','RAYON791','2022-02-23','moyen',0,815),(792,'REF792','RAYON792','2022-05-09','moyen',0,498),(793,'REF793','RAYON793','2022-01-30','neuf',0,18),(794,'REF794','RAYON794','2022-12-19','moyen',0,682),(795,'REF795','RAYON795','2022-01-19','moyen',0,768),(796,'REF796','RAYON796','2022-05-23','moyen',0,108),(797,'REF797','RAYON797','2022-02-19','neuf',0,744),(798,'REF798','RAYON798','2022-01-07','moyen',0,622),(799,'REF799','RAYON799','2022-01-02','neuf',0,179),(800,'REF800','RAYON800','2022-05-26','moyen',0,659),(801,'REF801','RAYON801','2022-10-20','neuf',0,205),(802,'REF802','RAYON802','2022-04-05','moyen',0,1000),(803,'REF803','RAYON803','2022-08-16','bon',0,164),(804,'REF804','RAYON804','2022-06-04','bon',0,766),(805,'REF805','RAYON805','2022-06-16','mauvais',0,509),(806,'REF806','RAYON806','2022-02-27','neuf',0,29),(807,'REF807','RAYON807','2022-08-15','moyen',0,867),(808,'REF808','RAYON808','2022-05-27','bon',0,673),(809,'REF809','RAYON809','2022-09-16','bon',0,496),(810,'REF810','RAYON810','2022-03-16','moyen',0,709),(811,'REF811','RAYON811','2022-09-12','moyen',0,686),(812,'REF812','RAYON812','2022-01-07','mauvais',0,385),(813,'REF813','RAYON813','2022-08-14','mauvais',0,189),(814,'REF814','RAYON814','2022-08-24','moyen',0,274),(815,'REF815','RAYON815','2022-10-21','bon',0,153),(816,'REF816','RAYON816','2022-07-11','moyen',0,62),(817,'REF817','RAYON817','2022-10-19','moyen',0,865),(818,'REF818','RAYON818','2022-08-07','moyen',0,808),(819,'REF819','RAYON819','2022-11-05','bon',0,623),(820,'REF820','RAYON820','2022-10-26','neuf',0,246),(821,'REF821','RAYON821','2022-08-07','moyen',0,399),(822,'REF822','RAYON822','2022-07-16','moyen',0,373),(823,'REF823','RAYON823','2022-11-03','moyen',0,792),(824,'REF824','RAYON824','2022-05-13','moyen',0,767),(825,'REF825','RAYON825','2022-07-21','bon',0,120),(826,'REF826','RAYON826','2022-02-09','moyen',0,360),(827,'REF827','RAYON827','2022-02-11','bon',0,102),(828,'REF828','RAYON828','2022-07-20','neuf',0,104),(829,'REF829','RAYON829','2022-11-25','moyen',0,451),(830,'REF830','RAYON830','2022-04-14','neuf',0,714),(831,'REF831','RAYON831','2022-03-19','bon',0,804),(832,'REF832','RAYON832','2022-04-10','bon',0,409),(833,'REF833','RAYON833','2022-09-24','moyen',0,925),(834,'REF834','RAYON834','2022-02-12','moyen',0,886),(835,'REF835','RAYON835','2022-01-28','neuf',0,377),(836,'REF836','RAYON836','2022-02-25','neuf',0,525),(837,'REF837','RAYON837','2022-12-18','bon',0,132),(838,'REF838','RAYON838','2022-10-12','moyen',0,442),(839,'REF839','RAYON839','2022-11-06','mauvais',0,478),(840,'REF840','RAYON840','2022-06-08','neuf',0,287),(841,'REF841','RAYON841','2022-08-25','moyen',0,725),(842,'REF842','RAYON842','2022-01-12','moyen',0,696),(843,'REF843','RAYON843','2022-06-18','bon',0,232),(844,'REF844','RAYON844','2022-05-27','neuf',0,911),(845,'REF845','RAYON845','2022-06-24','bon',0,738),(846,'REF846','RAYON846','2022-02-24','moyen',0,573),(847,'REF847','RAYON847','2022-09-17','moyen',0,258),(848,'REF848','RAYON848','2022-04-18','moyen',0,460),(849,'REF849','RAYON849','2022-02-11','moyen',0,476),(850,'REF850','RAYON850','2022-02-12','neuf',0,730),(851,'REF851','RAYON851','2022-06-18','moyen',0,660),(852,'REF852','RAYON852','2022-06-21','moyen',0,403),(853,'REF853','RAYON853','2022-01-07','neuf',0,885),(854,'REF854','RAYON854','2022-10-18','moyen',0,308),(855,'REF855','RAYON855','2022-12-05','moyen',0,859),(856,'REF856','RAYON856','2022-08-30','bon',0,222),(857,'REF857','RAYON857','2022-08-22','moyen',0,139),(858,'REF858','RAYON858','2022-02-25','moyen',0,83),(859,'REF859','RAYON859','2022-03-22','neuf',0,759),(860,'REF860','RAYON860','2022-02-17','moyen',0,838),(861,'REF861','RAYON861','2022-09-23','neuf',0,834),(862,'REF862','RAYON862','2022-04-19','mauvais',0,335),(863,'REF863','RAYON863','2022-12-15','moyen',0,948),(864,'REF864','RAYON864','2022-04-01','moyen',0,405),(865,'REF865','RAYON865','2022-01-11','neuf',0,803),(866,'REF866','RAYON866','2022-04-08','bon',0,662),(867,'REF867','RAYON867','2022-02-02','bon',0,731),(868,'REF868','RAYON868','2022-09-07','moyen',0,348),(869,'REF869','RAYON869','2022-08-26','neuf',0,182),(870,'REF870','RAYON870','2022-07-17','neuf',0,450),(871,'REF871','RAYON871','2022-09-30','moyen',0,21),(872,'REF872','RAYON872','2022-10-17','mauvais',0,168),(873,'REF873','RAYON873','2022-06-09','moyen',0,262),(874,'REF874','RAYON874','2022-01-14','neuf',0,368),(875,'REF875','RAYON875','2022-08-31','moyen',0,138),(876,'REF876','RAYON876','2022-11-12','mauvais',0,527),(877,'REF877','RAYON877','2022-01-01','bon',0,47),(878,'REF878','RAYON878','2022-09-10','bon',0,602),(879,'REF879','RAYON879','2022-03-17','moyen',0,99),(880,'REF880','RAYON880','2022-07-10','moyen',0,951),(881,'REF881','RAYON881','2022-02-12','moyen',0,148),(882,'REF882','RAYON882','2022-08-01','bon',0,799),(883,'REF883','RAYON883','2022-09-09','neuf',0,71),(884,'REF884','RAYON884','2022-05-04','moyen',0,785),(885,'REF885','RAYON885','2022-02-20','moyen',0,897),(886,'REF886','RAYON886','2022-11-25','bon',0,962),(887,'REF887','RAYON887','2022-07-21','bon',0,165),(888,'REF888','RAYON888','2022-09-06','mauvais',0,46),(889,'REF889','RAYON889','2022-02-16','moyen',0,219),(890,'REF890','RAYON890','2022-06-16','bon',0,795),(891,'REF891','RAYON891','2022-07-27','moyen',0,791),(892,'REF892','RAYON892','2022-03-18','neuf',0,924),(893,'REF893','RAYON893','2022-10-21','neuf',0,121),(894,'REF894','RAYON894','2022-05-14','moyen',0,206),(895,'REF895','RAYON895','2022-03-05','moyen',0,199),(896,'REF896','RAYON896','2022-04-09','bon',0,317),(897,'REF897','RAYON897','2022-04-27','moyen',0,16),(898,'REF898','RAYON898','2022-06-15','bon',0,986),(899,'REF899','RAYON899','2022-04-25','moyen',0,936),(900,'REF900','RAYON900','2022-04-11','moyen',0,700),(901,'REF901','RAYON901','2022-08-15','moyen',0,893),(902,'REF902','RAYON902','2022-01-29','moyen',0,481),(903,'REF903','RAYON903','2022-06-03','moyen',0,578),(904,'REF904','RAYON904','2022-01-14','bon',0,296),(905,'REF905','RAYON905','2022-06-04','neuf',0,225),(906,'REF906','RAYON906','2022-09-07','bon',0,698),(907,'REF907','RAYON907','2022-01-21','moyen',0,723),(908,'REF908','RAYON908','2022-07-01','neuf',0,747),(909,'REF909','RAYON909','2022-08-18','mauvais',0,616),(910,'REF910','RAYON910','2022-02-27','moyen',0,740),(911,'REF911','RAYON911','2022-03-20','moyen',0,658),(912,'REF912','RAYON912','2022-07-10','bon',0,675),(913,'REF913','RAYON913','2022-10-30','neuf',0,198),(914,'REF914','RAYON914','2022-07-02','neuf',0,788),(915,'REF915','RAYON915','2022-10-19','moyen',0,106),(916,'REF916','RAYON916','2022-08-18','moyen',0,57),(917,'REF917','RAYON917','2022-08-24','moyen',0,397),(918,'REF918','RAYON918','2022-12-04','bon',0,401),(919,'REF919','RAYON919','2022-06-09','mauvais',0,124),(920,'REF920','RAYON920','2022-07-30','moyen',0,584),(921,'REF921','RAYON921','2022-03-20','bon',0,615),(922,'REF922','RAYON922','2022-04-01','moyen',0,787),(923,'REF923','RAYON923','2022-03-21','bon',0,844),(924,'REF924','RAYON924','2022-12-14','moyen',0,115),(925,'REF925','RAYON925','2022-08-07','neuf',0,213),(926,'REF926','RAYON926','2022-01-20','bon',0,302),(927,'REF927','RAYON927','2022-09-02','moyen',0,879),(928,'REF928','RAYON928','2022-02-03','neuf',0,456),(929,'REF929','RAYON929','2022-02-27','moyen',0,993),(930,'REF930','RAYON930','2022-01-23','moyen',0,306),(931,'REF931','RAYON931','2022-08-14','moyen',0,170),(932,'REF932','RAYON932','2022-10-19','neuf',0,750),(933,'REF933','RAYON933','2022-01-13','moyen',0,869),(934,'REF934','RAYON934','2022-05-13','moyen',0,562),(935,'REF935','RAYON935','2022-05-22','moyen',0,898),(936,'REF936','RAYON936','2022-12-14','moyen',0,243),(937,'REF937','RAYON937','2022-01-28','bon',0,154),(938,'REF938','RAYON938','2022-10-16','moyen',0,694),(939,'REF939','RAYON939','2022-08-31','moyen',0,424),(940,'REF940','RAYON940','2022-09-04','neuf',0,333),(941,'REF941','RAYON941','2022-11-29','moyen',0,973),(942,'REF942','RAYON942','2022-07-29','mauvais',0,561),(943,'REF943','RAYON943','2022-02-25','bon',0,187),(944,'REF944','RAYON944','2022-06-25','bon',0,288),(945,'REF945','RAYON945','2022-01-05','neuf',0,697),(946,'REF946','RAYON946','2022-01-14','moyen',0,440),(947,'REF947','RAYON947','2022-04-24','moyen',0,724),(948,'REF948','RAYON948','2022-05-13','moyen',0,982),(949,'REF949','RAYON949','2022-09-13','bon',0,116),(950,'REF950','RAYON950','2022-04-30','moyen',0,827),(951,'REF951','RAYON951','2022-12-19','neuf',0,931),(952,'REF952','RAYON952','2022-02-04','bon',0,716),(953,'REF953','RAYON953','2022-10-19','neuf',0,629),(954,'REF954','RAYON954','2022-03-12','moyen',0,980),(955,'REF955','RAYON955','2022-08-27','bon',0,917),(956,'REF956','RAYON956','2022-10-14','bon',0,307),(957,'REF957','RAYON957','2022-11-30','moyen',0,684),(958,'REF958','RAYON958','2022-12-05','moyen',0,245),(959,'REF959','RAYON959','2022-11-26','moyen',0,92),(960,'REF960','RAYON960','2022-08-14','moyen',0,186),(961,'REF961','RAYON961','2022-10-15','bon',0,412),(962,'REF962','RAYON962','2022-04-11','bon',0,572),(963,'REF963','RAYON963','2022-11-26','moyen',0,432),(964,'REF964','RAYON964','2022-08-21','mauvais',0,319),(965,'REF965','RAYON965','2022-06-18','moyen',0,996),(966,'REF966','RAYON966','2022-05-26','mauvais',0,636),(967,'REF967','RAYON967','2022-05-04','bon',0,4),(968,'REF968','RAYON968','2022-04-28','moyen',0,610),(969,'REF969','RAYON969','2022-02-23','bon',0,357),(970,'REF970','RAYON970','2022-01-04','moyen',0,201),(971,'REF971','RAYON971','2022-09-18','mauvais',0,382),(972,'REF972','RAYON972','2022-10-25','mauvais',0,881),(973,'REF973','RAYON973','2022-01-18','moyen',0,268),(974,'REF974','RAYON974','2022-08-26','neuf',0,708),(975,'REF975','RAYON975','2022-07-08','bon',0,836),(976,'REF976','RAYON976','2022-04-14','moyen',0,765),(977,'REF977','RAYON977','2022-02-17','neuf',0,557),(978,'REF978','RAYON978','2022-04-21','moyen',0,939),(979,'REF979','RAYON979','2022-03-19','moyen',0,786),(980,'REF980','RAYON980','2022-03-14','moyen',0,577),(981,'REF981','RAYON981','2022-07-28','neuf',0,981),(982,'REF982','RAYON982','2022-03-09','mauvais',0,473),(983,'REF983','RAYON983','2022-04-29','moyen',0,123),(984,'REF984','RAYON984','2022-02-20','moyen',0,891),(985,'REF985','RAYON985','2022-09-16','moyen',0,995),(986,'REF986','RAYON986','2022-09-22','moyen',0,814),(987,'REF987','RAYON987','2022-12-10','moyen',0,955),(988,'REF988','RAYON988','2022-10-10','moyen',0,923),(989,'REF989','RAYON989','2022-06-12','moyen',0,761),(990,'REF990','RAYON990','2022-05-03','moyen',0,85),(991,'REF991','RAYON991','2022-12-16','moyen',0,483),(992,'REF992','RAYON992','2022-07-12','moyen',0,832),(993,'REF993','RAYON993','2022-03-13','moyen',0,184),(994,'REF994','RAYON994','2022-07-15','moyen',0,260),(995,'REF995','RAYON995','2022-02-13','moyen',0,387),(996,'REF996','RAYON996','2022-05-05','neuf',0,969),(997,'REF997','RAYON997','2022-08-09','moyen',0,727),(998,'REF998','RAYON998','2022-10-26','mauvais',0,822),(999,'REF999','RAYON999','2022-07-27','moyen',0,218),(1000,'REF1000','RAYON1000','2022-06-20','moyen',0,114);
/*!40000 ALTER TABLE `exemplaire` ENABLE KEYS */;
UNLOCK TABLES;

--
-- Table structure for table `lecteur`
--

DROP TABLE IF EXISTS `lecteur`;
/*!40101 SET @saved_cs_client     = @@character_set_client */;
/*!40101 SET character_set_client = utf8 */;
CREATE TABLE `lecteur` (
  `id` int(11) NOT NULL AUTO_INCREMENT,
  `nom` varchar(50) NOT NULL,
  `prenom` varchar(50) NOT NULL,
  `date_naissance` date NOT NULL,
  `adresse` varchar(50) NOT NULL,
  `num_rue` int(11) NOT NULL,
  `code_postal` int(11) NOT NULL,
  `localite` varchar(50) NOT NULL,
  `telephone` varchar(50) NOT NULL,
  PRIMARY KEY (`id`)
) ENGINE=InnoDB AUTO_INCREMENT=17 DEFAULT CHARSET=utf8mb4 COLLATE=utf8mb4_general_ci;
/*!40101 SET character_set_client = @saved_cs_client */;

--
-- Dumping data for table `lecteur`
--

LOCK TABLES `lecteur` WRITE;
/*!40000 ALTER TABLE `lecteur` DISABLE KEYS */;
INSERT INTO `lecteur` VALUES (1,'Leblanc','Jean','1980-01-01','Rue de la Paix',1,1000,'Bruxelles','02/111.11.11'),(2,'Dupont','Jeanne','1980-01-01','Rue de la Corolle',36,1000,'Bruxelles','02/111.11.11'),(3,'Durand','Philip','1980-01-01','Rue de la Libration',1,1000,'Bruxelles','02/111.11.11'),(4,'Martin','Paul','1980-01-01','Rue de la Statue',1,1000,'Bruxelles','02/111.11.11'),(5,'Dubois','Christophe','1980-01-01','Rue du Pont',1,1000,'Bruxelles','02/111.11.11'),(6,'Thomas','Patrick','1980-01-01','Rue des abeilles',1,1000,'Bruxelles','02/111.11.11'),(7,'Petit','Gabriel','1980-01-01','Rue des coliers',1,1000,'Bruxelles','02/111.11.11'),(8,'Robert','Vronique','1980-01-01','Rue de dent perdue',1,1000,'Bruxelles','02/111.11.11'),(9,'Richard','Alice','1980-01-01','Rue des rues',1,1000,'Bruxelles','02/111.11.11'),(10,'Leroy','Fabien','1980-01-01','Rue de l\'Ukgraine',1,1000,'Bruxelles','02/111.11.11'),(11,'Moreau','Alvaro','1980-01-01','Rue de la Paille',1,1000,'Bruxelles','02/111.11.11'),(12,'Simon','Lucien','1980-01-01','Rue de l\'hpital',1,1000,'Bruxelles','02/111.11.11'),(13,'Laurent','Martine','1980-01-01','Rue de la Paix',1,1000,'Bruxelles','02/111.11.11'),(14,'Michel','Sylvie','1980-01-01','Rue de la Paix',1,1000,'Bruxelles','02/111.11.11'),(15,'Lefebvre','Olivier','1980-01-01','Rue de la Paix',1,1000,'Bruxelles','02/111.11.11'),(16,'Lefevre','Stphane','1980-01-01','Rue de la Paix',1,1000,'Bruxelles','02/111.11.11');
/*!40000 ALTER TABLE `lecteur` ENABLE KEYS */;
UNLOCK TABLES;

--
-- Table structure for table `livre`
--

DROP TABLE IF EXISTS `livre`;
/*!40101 SET @saved_cs_client     = @@character_set_client */;
/*!40101 SET character_set_client = utf8 */;
CREATE TABLE `livre` (
  `id` int(11) NOT NULL AUTO_INCREMENT,
  `titre` varchar(1000) NOT NULL,
  `langue` varchar(50) NOT NULL,
  `annee_publication` int(4) NOT NULL,
  `nombre_pages` int(11) NOT NULL,
  `nombre_exemplaires` int(11) NOT NULL,
  `code_isbn` varchar(50) NOT NULL,
  `auteur_id` int(11) NOT NULL,
  `theme_id` int(11) DEFAULT NULL,
  PRIMARY KEY (`id`),
  KEY `auteur_id` (`auteur_id`),
  KEY `theme_id` (`theme_id`),
  CONSTRAINT `livre_ibfk_1` FOREIGN KEY (`auteur_id`) REFERENCES `auteur` (`id`),
  CONSTRAINT `livre_ibfk_2` FOREIGN KEY (`theme_id`) REFERENCES `theme` (`id`)
) ENGINE=InnoDB AUTO_INCREMENT=1001 DEFAULT CHARSET=utf8mb4 COLLATE=utf8mb4_general_ci;
/*!40101 SET character_set_client = @saved_cs_client */;

--
-- Dumping data for table `livre`
--

LOCK TABLES `livre` WRITE;
/*!40000 ALTER TABLE `livre` DISABLE KEYS */;
INSERT INTO `livre` VALUES (1,'Conspirators of Pleasure (Spiklenci slasti)','espagnol',1996,189,2,'891755755-4',435,1),(2,'Ghost Ship, The','allemand',1993,730,4,'810124811-0',290,1),(3,'Remarkable Power','allemand',2007,993,2,'782773505-3',423,3),(4,'Deewaar','amricain',1994,979,2,'489593432-2',359,3),(5,'Empire Records','italien',1937,413,2,'312391752-5',92,1),(6,'Gotcha!','autre',1929,999,4,'682774389-6',318,2),(7,'Asterix in America (a.k.a Asterix Conquers America) (Astrix et les Indiens)','espagnol',1937,103,2,'119729504-6',132,4),(8,'En p miljonen','allemand',2004,880,3,'867188119-9',371,2),(9,'Upside of Anger, The','franais',1995,140,1,'527134396-0',63,4),(10,'Charlie Chan\'s Murder Cruise','espagnol',2004,337,4,'763104532-1',374,2),(11,'Untamed Youth','espagnol',2009,34,4,'287404048-7',226,3),(12,'Moment After, The','amricain',2007,434,3,'817687548-1',197,1),(13,'Bad Biology','amricain',2012,254,3,'943928343-2',123,1),(14,'Machine, The','ukrainien',2012,534,2,'832870440-4',165,1),(15,'Bloodbrothers','espagnol',2006,771,1,'140872405-7',76,3),(16,'Seance (Krei)','espagnol',1995,397,4,'348870461-0',49,1),(17,'Tamara','ukrainien',1993,180,2,'688296405-X',175,2),(18,'Ginger Snaps','russe',1989,185,4,'746884788-6',213,2),(19,'She\'s Out of Control','ukrainien',2003,741,2,'145774810-X',360,1),(20,'Hiroshima','amricain',1995,147,3,'485256736-0',283,4),(21,'Love Can Seriously Damage Your Health','ukrainien',2004,172,1,'560062399-2',278,4),(22,'Distant Drums','allemand',1991,221,1,'727845361-5',449,2),(23,'Fanny and Alexander (Fanny och Alexander)','autre',1994,501,4,'610446834-9',405,1),(24,'It\'s in the Water','franais',2010,979,2,'372989704-7',183,4),(25,'Speedway Junky','amricain',1900,987,2,'552860676-4',300,3),(26,'State Fair','espagnol',2012,64,4,'037512574-4',94,2),(27,'Direct from Brooklyn','espagnol',1983,707,4,'374968406-5',378,4),(28,'Camille','italien',1992,99,2,'192576206-8',317,2),(29,'Trail Beyond, The','russe',1993,877,2,'189450514-X',246,3),(30,'I Don\'t Want to Be a Man (Ich mchte kein Mann sein)','allemand',1950,71,2,'723565832-0',454,3),(31,'Alan Partridge: Alpha Papa','franais',1999,285,2,'951173374-5',142,3),(32,'Inspector Clouseau','ukrainien',1901,802,3,'033958208-1',258,1),(33,'Saving Mr. Banks','russe',2003,737,2,'572786892-0',1,1),(34,'Haunted Strangler, The (Grip of the Strangler)','franais',2005,374,3,'277359917-9',147,4),(35,'Fantasia','russe',2000,843,2,'401120014-X',142,1),(36,'Affluenza','russe',1909,688,1,'024706940-X',225,1),(37,'Honey','russe',2008,398,4,'735973067-8',250,1),(38,'Night Strangler, The','espagnol',1996,743,4,'470078241-2',302,1),(39,'The Little Rascals Save the Day','amricain',2009,527,1,'663751063-7',424,4),(40,'Lottery, The','espagnol',2011,572,1,'524277983-7',77,1),(41,'Fresh Horses','espagnol',2003,170,3,'925624270-2',256,4),(42,'American Yakuza','russe',1993,701,2,'704041967-X',233,4),(43,'El chocolate del loro','italien',2012,419,2,'881855549-9',272,3),(44,'Mr. Saturday Night','ukrainien',2003,446,2,'347058847-3',294,4),(45,'Employees\' Entrance','espagnol',2008,579,4,'729406626-4',175,2),(46,'Notorious Landlady, The','franais',2000,358,1,'749127880-9',211,2),(47,'Day Watch (Dnevnoy dozor)','ukrainien',1941,217,3,'861227885-6',473,1),(48,'Freddy\'s Dead: The Final Nightmare (Nightmare on Elm Street Part 6: Freddy\'s Dead, A)','franais',1994,866,1,'042311560-X',52,2),(49,'Disco Dancer','amricain',1992,632,1,'815735785-3',202,1),(50,'Citizen X','allemand',2005,708,3,'777730406-2',220,4),(51,'Late August, Early September (Fin aot, dbut septembre)','allemand',2001,310,2,'462441445-4',429,1),(52,'I\'ll Do Anything','amricain',2012,389,2,'085802051-3',495,4),(53,'Strangers on a Train','ukrainien',2002,633,2,'303894089-5',397,4),(54,'Wichita','italien',2010,868,1,'545999587-6',166,4),(55,'S.O.S. Eisberg','allemand',2010,617,3,'823152156-9',316,1),(56,'The Paris Express','amricain',2004,53,4,'227410684-3',70,1),(57,'Fitzgerald Family Christmas, The','amricain',2014,220,1,'649718380-9',382,4),(58,'This Film Is Not Yet Rated','franais',2007,117,1,'576165255-2',305,1),(59,'Under Capricorn','espagnol',1994,810,4,'823403384-0',80,4),(60,'Into the West','ukrainien',2005,720,3,'972270750-7',458,4),(61,'Bug','espagnol',1985,241,2,'727189406-3',168,4),(62,'Dirty Girl','ukrainien',1983,199,3,'495307762-8',131,1),(63,'Mail Early for Xmas','espagnol',1989,628,2,'805877094-9',136,1),(64,'Ashura','ukrainien',1988,337,4,'186245988-6',296,4),(65,'Woman in the Dunes (Suna no onna)','ukrainien',1997,655,2,'823976445-2',439,1),(66,'George Carlin: It\'s Bad for Ya!','amricain',1989,997,3,'454779717-X',251,3),(67,'Bouncing Babies','espagnol',2005,912,2,'548845814-X',125,2),(68,'Battleground','allemand',1939,717,1,'592507845-4',118,1),(69,'Thoroughly Modern Millie','espagnol',1967,403,4,'823054051-9',494,4),(70,'Elephant Man, The','franais',2001,101,3,'602819323-2',455,1),(71,'Metrobranding','amricain',1998,535,2,'033744296-7',438,4),(72,'Art of Dying, The (El Arte de Morir)','espagnol',2005,178,3,'834406601-8',32,4),(73,'Mad Dog Time','amricain',2012,391,3,'773362380-4',294,4),(74,'Soul Men','allemand',1996,493,3,'892066099-9',427,2),(75,'Guadalcanal Diary','franais',1987,75,1,'687662878-7',233,4),(76,'Black Venus','russe',1971,245,4,'172154923-4',394,1),(77,'Portraits of Women (Naisenkuvia)','allemand',1997,704,4,'882943187-7',199,2),(78,'William S. Burroughs: A Man Within','allemand',2011,85,1,'272754748-X',98,4),(79,'Fifty/Fifty','allemand',2004,88,4,'079656897-9',429,1),(80,'Jaguar','allemand',2004,825,4,'113892407-5',450,2),(81,'Eyes of an Angel','amricain',2003,291,1,'662654573-6',142,1),(82,'Phantom of the Opera','espagnol',2005,766,4,'811245112-5',270,3),(83,'Flame and Women (Hon to onna) ','amricain',2008,896,2,'584148140-1',88,1),(84,'Operation Homecoming: Writing the Wartime Experience','italien',2006,406,2,'696018104-6',489,4),(85,'New York Confidential','franais',2003,617,2,'917737299-9',411,4),(86,'Dangerous Lives of Altar Boys, The','italien',1989,108,4,'770811309-1',254,2),(87,'Children of the Century, The (Enfants du sicle, Les)','russe',1936,127,3,'712802926-5',278,4),(88,'Get Educated: Paathshaala','russe',2001,127,3,'171454564-4',376,3),(89,'Willow Creek','espagnol',1991,657,2,'634434858-5',241,3),(90,'Stevie','italien',1992,44,4,'895017336-0',301,3),(91,'Corvette Summer','amricain',1998,677,3,'628034235-2',244,1),(92,'With Fire and Sword (Ogniem i mieczem)','espagnol',2006,455,4,'209279126-5',426,3),(93,'Les hautes solitudes','amricain',1993,208,4,'848676220-0',97,2),(94,'Shriek If You Know What I Did Last Friday the Thirteenth','franais',1915,254,3,'562584807-6',209,4),(95,'Fist of the North Star','allemand',1991,294,4,'172041261-8',306,4),(96,'Melissa P.','russe',2003,828,4,'054429929-9',322,4),(97,'Soul Survivors (a.k.a. The Killer Cut)','allemand',1944,175,4,'384729666-3',420,4),(98,'Vacancy','amricain',1970,557,4,'388107308-6',51,4),(99,'Dark Truth, A (Truth, The)','russe',1997,513,2,'722425522-X',45,3),(100,'Sword and the Dragon, The (Ilya Muromets)','amricain',1986,205,4,'465672430-0',252,2),(101,'Hard, Fast and Beautiful','ukrainien',1932,37,2,'365324419-6',295,2),(102,'The Fighting 69th','russe',1987,558,3,'078065355-6',274,1),(103,'Big Game','espagnol',2014,541,4,'327080931-X',371,2),(104,'Wish I Was Here','ukrainien',2005,331,4,'536212174-X',343,3),(105,'Blood and Chocolate','amricain',2009,357,1,'987184281-3',290,3),(106,'Dog Day Afternoon','allemand',2003,608,3,'648523622-8',292,1),(107,'Reflections in a Golden Eye','allemand',1996,752,2,'466821611-9',172,4),(108,'4th Floor, The','russe',1994,29,2,'133692445-4',354,2),(109,'Just Add Water','espagnol',2002,867,4,'892714153-9',369,4),(110,'Railway Children, The','franais',1979,527,1,'050561798-6',149,1),(111,'My Way (Mai Wei)','espagnol',2000,242,4,'035616315-6',463,2),(112,'Flight of the Phoenix, The','allemand',2005,492,3,'343220361-6',31,3),(113,'Heidi','franais',1996,40,3,'006067371-0',328,2),(114,'Dead Calling, A','allemand',2008,645,3,'709519842-X',90,2),(115,'Rocket Gibraltar','franais',1989,495,2,'452389025-0',478,4),(116,'How to Seduce Difficult Women','espagnol',2004,302,3,'004794307-6',493,2),(117,'Someone Else\'s America','amricain',2008,634,2,'243071995-9',488,3),(118,'Out for a Kill','espagnol',2006,374,2,'046175880-6',144,2),(119,'Bad Country','allemand',1992,477,3,'913731852-7',99,3),(120,'Chance Pe Dance','espagnol',2007,612,3,'251912155-6',356,1),(121,'Boys, The (Pojat)','amricain',1998,400,2,'701048965-3',500,2),(122,'Rollerball','amricain',2005,986,2,'898835531-8',484,4),(123,'Hum Aapke Hain Koun...!','italien',1991,353,3,'404139092-3',145,3),(124,'[REC] 4: Apocalypse','espagnol',1968,709,3,'963359366-2',248,2),(125,'Flowers in the Attic','franais',1997,246,3,'432845985-6',269,3),(126,'House III: The Horror Show','amricain',2007,83,3,'871148236-2',67,1),(127,'Antitrust','franais',1992,779,1,'834205126-9',390,4),(128,'Blue Lagoon, The','russe',2011,104,2,'574297473-6',438,2),(129,'Elmer Gantry','allemand',1998,808,1,'744591551-6',113,4),(130,'Barbed Wire','italien',2003,383,3,'465073377-4',465,1),(131,'Hidden Fortress, The (Kakushi-toride no san-akunin)','autre',2003,633,3,'490679620-6',130,3),(132,'31 North 62 East','franais',1995,49,3,'654507716-3',394,2),(133,'42nd Street','amricain',1996,967,4,'946112510-0',450,4),(134,'In Dreams','allemand',1969,343,3,'000481157-7',141,4),(135,'King of Comedy (Hei kek ji wong)','franais',2010,203,2,'115982838-5',257,2),(136,'First Man Into Space','espagnol',2001,377,3,'992905832-X',355,3),(137,'The Winslow Boy','amricain',2004,119,1,'058469838-0',44,2),(138,'Kids Return (Kizzu ritn)','amricain',2008,8,3,'190647882-1',443,3),(139,'French Connection, The','russe',2011,568,2,'653437801-9',54,2),(140,'Extraordinary Adventures of Adle Blanc-Sec, The','russe',2001,238,4,'734279740-5',477,2),(141,'[REC] 4: Apocalypse','amricain',1938,899,3,'185884204-2',255,3),(142,'Lolita','espagnol',1998,901,4,'715255390-4',184,1),(143,'20,000 Leagues Under the Sea','italien',2006,631,1,'186825722-3',231,3),(144,'Gantz','ukrainien',1947,955,3,'523142310-6',392,4),(145,'Beyond a Reasonable Doubt','amricain',1943,994,3,'749096620-5',176,4),(146,'Bowery at Midnight','espagnol',1984,673,3,'720843706-8',233,2),(147,'Big Jim McLain','amricain',2007,906,3,'937534005-8',71,2),(148,'War','franais',1965,753,4,'219343798-X',487,4),(149,'Next Friday','amricain',2004,81,1,'067682924-4',427,2),(150,'Yellow Sea, The (a.k.a. The Murderer) (Hwanghae)','amricain',1974,751,2,'172155728-8',216,2),(151,'Rockers','italien',2001,795,3,'326613005-7',307,1),(152,'In the Navy','ukrainien',2005,210,1,'468465632-2',127,3),(153,'Spies (Spione)','franais',2012,46,1,'801843863-3',459,3),(154,'Hours','espagnol',1985,9,2,'828806860-X',356,1),(155,'Jack Goes Boating','espagnol',1993,915,2,'446149534-5',374,3),(156,'Genius Within: The Inner Life of Glenn Gould','espagnol',1986,721,1,'544027948-2',72,2),(157,'Arlington Road','amricain',1996,76,1,'205439729-6',168,4),(158,'Wives and Lovers','espagnol',1990,415,1,'533554833-9',325,3),(159,'Flicker','allemand',2007,145,2,'449905341-2',445,4),(160,'Berserk','franais',2019,835,4,'072327248-4',362,1),(161,'Goodbye, Dragon Inn (Bu san)','amricain',1907,645,2,'289656942-1',497,2),(162,'Whole Nine Yards, The','russe',2013,296,3,'953944704-6',270,3),(163,'Modris','allemand',1947,611,4,'469767982-2',284,4),(164,'Providence','amricain',2006,9,3,'381854929-X',82,2),(165,'Young Girls of Rochefort, The (Demoiselles de Rochefort, Les)','ukrainien',2005,346,1,'121761957-7',276,4),(166,'Pyramid, The','russe',2011,114,3,'802451220-3',6,3),(167,'My Piece of the Pie (Ma part du gteau)','russe',2008,546,1,'406512173-6',419,3),(168,'HellBent','franais',2007,423,1,'906616582-0',190,1),(169,'Fire Within, The (Feu follet, Le)','allemand',2006,219,2,'874432627-0',47,3),(170,'Last Stop 174 (ltima Parada 174) ','espagnol',2006,639,1,'324806668-7',181,3),(171,'Infamous','amricain',1997,196,4,'001499180-2',153,3),(172,'Life as We Know It','allemand',1997,752,1,'423017822-0',27,4),(173,'Transistor Love Story (Monrak Transistor)','allemand',1990,167,2,'296501932-4',96,4),(174,'Spring Break Shark Attack','ukrainien',2004,452,4,'166596829-X',210,4),(175,'101 Dalmatians (One Hundred and One Dalmatians)','franais',1995,852,4,'732586049-8',249,3),(176,'Leave','allemand',2010,542,4,'057686167-7',435,4),(177,'Captain Abu Raed','franais',1995,489,1,'304397771-8',325,2),(178,'711 Ocean Drive','amricain',2004,528,4,'929968809-5',268,3),(179,'Dear Heart','espagnol',1990,533,3,'934928575-4',5,2),(180,'High Heels and Low Lifes','allemand',2001,492,1,'670539039-5',276,4),(181,'Hole in the Head, A','franais',2002,831,3,'369534565-9',56,4),(182,'Creepshow','espagnol',1994,171,1,'657442425-9',355,3),(183,'Rooster\'s Breakfast (Petelinji zajtrk)','allemand',1989,816,3,'308301576-3',251,1),(184,'Last Legion, The','espagnol',2007,173,1,'140372787-2',297,2),(185,'Heidi','ukrainien',1979,951,1,'024355953-4',92,2),(186,'Abols Upe','amricain',2009,453,2,'427679686-5',166,1),(187,'Without Love','amricain',2011,33,2,'941514596-X',138,2),(188,'Boys Life','russe',1998,86,2,'044421038-5',360,1),(189,'Earthsea (Legend of Earthsea)','russe',1994,612,2,'391358161-8',148,2),(190,'Flamingo Kid, The','allemand',1987,985,4,'861820236-3',23,2),(191,'American Pie Presents The Naked Mile (American Pie 5: The Naked Mile)','amricain',2002,809,3,'334357813-4',364,1),(192,'Amazing Journey: The Story of The Who','amricain',1963,60,3,'662980706-5',481,3),(193,'Gerry','allemand',2011,744,1,'844494338-X',310,2),(194,'Defending Your Life','russe',2006,19,1,'651449468-4',166,4),(195,'World According to Garp, The','espagnol',1974,544,2,'251187765-1',29,3),(196,'Rated X','espagnol',2003,365,4,'582538529-0',249,1),(197,'The Fuller Brush Man','russe',2004,992,4,'108727897-X',297,1),(198,'Lake City','russe',1991,403,1,'408472053-4',310,2),(199,'Family Jewels, The (Eierdiebe)','russe',1998,702,1,'235902251-2',227,2),(200,'Atlas Shrugged: Who Is John Galt? (Atlas Shrugged: Part III)','espagnol',1995,120,4,'240124466-2',127,4),(201,'Party, The','italien',2013,942,4,'061778495-7',275,3),(202,'Doctor Strange','allemand',1949,720,4,'776087733-1',142,2),(203,'Flashpoint','allemand',2011,946,4,'342970276-3',59,1),(204,'Men of Means','franais',1954,130,3,'867786362-1',217,1),(205,'Kanal','espagnol',1903,100,2,'493599643-9',335,1),(206,'Bones','franais',1996,241,4,'583791936-8',298,2),(207,'Zero Charisma','franais',2008,67,3,'554047393-0',330,3),(208,'Blind Faith','espagnol',2005,515,4,'529692787-7',62,2),(209,'Phone Call from a Stranger','russe',2018,250,4,'070405384-5',230,3),(210,'Shara (Sharasojyu)','russe',2007,583,4,'871311971-0',2,3),(211,'Oath, The','espagnol',1991,793,3,'582133320-2',353,1),(212,'Solaris','allemand',1992,53,4,'882067411-4',456,2),(213,'That Guy... Who Was in That Thing','espagnol',2011,200,4,'882150335-6',380,4),(214,'Once Upon a Time (Der var engang)','amricain',2007,105,4,'409282052-6',495,1),(215,'Cooperstown','allemand',1990,840,1,'737922780-7',309,3),(216,'Hysteria: The Def Leppard Story','amricain',1996,184,2,'338889031-5',237,2),(217,'Idlewild','allemand',2012,124,2,'190709636-1',306,3),(218,'Attack of the Puppet People','ukrainien',1988,99,3,'849285012-4',370,1),(219,'Tokyo-Ga','franais',2011,561,2,'070284873-5',203,2),(220,'Touki Bouki','allemand',1988,435,2,'778586151-X',56,1),(221,'Shanghai Knights','amricain',1995,417,4,'290263556-7',411,3),(222,'Fuck Up','amricain',1933,476,3,'063305483-6',289,4),(223,'On a Clear Day You Can See Forever','russe',1997,352,2,'675418102-8',124,4),(224,'Head-On (Gegen die Wand)','allemand',1952,653,3,'374574350-4',52,1),(225,'The Gallant Hours','allemand',1939,788,3,'450897287-X',71,2),(226,'Killer Is Loose, The','franais',2001,933,1,'467026820-1',382,3),(227,'Petulia','allemand',1942,122,3,'742113554-5',275,2),(228,'Just Imagine','ukrainien',2008,83,4,'035941358-7',355,2),(229,'Atlas Shrugged: Who Is John Galt? (Atlas Shrugged: Part III)','allemand',2007,693,4,'030790314-1',8,2),(230,'Holiday','espagnol',1994,449,1,'505790156-7',13,2),(231,'Great Diamond Robbery, The','amricain',2001,419,2,'799739797-3',356,2),(232,'In Praise of Love (loge de l\'amour)','espagnol',1997,513,2,'717072137-6',265,2),(233,'Whole Town\'s Talking, The (Passport to Fame)','franais',1998,853,2,'800999983-0',353,2),(234,'Apple Dumpling Gang, The','amricain',2000,289,1,'189579900-7',46,1),(235,'Paint It Yellow (Rang De Basanti)','espagnol',2009,865,2,'071878124-4',461,3),(236,'Babadook, The','allemand',1977,943,4,'673127105-5',348,4),(237,'Cheech and Chong\'s Animated Movie','espagnol',1989,351,2,'940861853-X',337,4),(238,'Someday This Pain Will Be Useful to You','russe',2005,843,3,'319556637-0',402,1),(239,'Don\'t Tell Mom the Babysitter\'s Dead','franais',1989,322,1,'653916649-4',268,2),(240,'Fruitcake','allemand',2007,83,3,'538091414-4',154,4),(241,'Diabolique (Les diaboliques)','ukrainien',1984,385,1,'705917577-6',334,3),(242,'Tanguy','allemand',1966,142,4,'618186288-9',454,2),(243,'Mutual Appreciation','ukrainien',2006,636,3,'131974655-1',156,4),(244,'First Kid','amricain',2003,717,1,'781542277-2',140,4),(245,'Letters to Juliet','italien',2006,461,3,'564576589-3',188,1),(246,'Survive Style 5+','amricain',1986,185,4,'248661002-2',40,2),(247,'Ordinary Miracles','amricain',1990,726,4,'641577036-5',159,3),(248,'Russian Ark (Russkiy Kovcheg)','ukrainien',1998,225,2,'765680269-X',390,3),(249,'Taxi Blues','amricain',1996,790,1,'232990027-9',381,3),(250,'Hobbit: The Desolation of Smaug, The','italien',2006,807,2,'065829681-7',45,4),(251,'Cry in the Night, A','allemand',2007,636,1,'999397680-6',458,1),(252,'Paranormal Activity: The Marked Ones','espagnol',1990,236,4,'731244393-1',141,4),(253,'Mysteries of Lisbon (Mistrios de Lisboa)','espagnol',1981,532,1,'619636690-4',149,3),(254,'Search and Destroy','allemand',1983,899,2,'184511535-X',183,3),(255,'Formula 51','allemand',2008,654,2,'752440863-3',461,2),(256,'Kid from Brooklyn, The','espagnol',2010,104,4,'843788071-8',46,2),(257,'Pathfinder (Ofelas)','allemand',2007,786,3,'485654213-3',253,2),(258,'House III: The Horror Show','espagnol',1994,809,1,'834275768-4',303,4),(259,'Easy Come, Easy Go','espagnol',1952,296,3,'231383484-0',458,1),(260,'Pokmon Heroes','ukrainien',1912,607,3,'001844429-6',214,3),(261,'Beyond Tomorrow (Beyond Christmas)','franais',2008,263,2,'791225559-1',165,3),(262,'Slums of Beverly Hills, The','russe',1925,295,1,'967412930-8',452,1),(263,'Pursuit of Happyness, The','russe',2002,96,4,'657846080-2',126,2),(264,'Sometime in August (Mitte Ende August)','allemand',1989,622,3,'652920385-0',448,2),(265,'Bleak House','ukrainien',1997,174,1,'622866886-2',16,3),(266,'New York Cop (Ny Yku no koppu)','franais',1995,438,2,'901329319-0',120,3),(267,'Willy Wonka & the Chocolate Factory','amricain',1996,658,1,'830573701-2',483,1),(268,'Harum Scarum','amricain',1904,630,1,'588839839-X',324,1),(269,'Perfume of the Lady in Black, The (Il profumo della signora in nero)','ukrainien',2018,334,3,'788171274-0',55,1),(270,'Magic in the Water','allemand',2006,961,1,'599671755-7',137,4),(271,'Goliyon Ki Raasleela Ram-Leela','allemand',1998,234,3,'437888572-7',314,4),(272,'Bed & Breakfast: Love is a Happy Accident (Bed & Breakfast)','espagnol',1994,648,4,'429800972-6',389,3),(273,'The Two Policemen','espagnol',2002,933,2,'167481855-6',488,2),(274,'Alien Escape','russe',2004,901,3,'997178057-7',387,2),(275,'Craig Ferguson: Does This Need to Be Said?','allemand',2002,597,4,'248038685-6',17,3),(276,'K-19: The Widowmaker','amricain',2014,879,4,'542407657-2',494,3),(277,'Je, tu, il, elle (I, You, He, She)','amricain',2012,511,3,'670237321-X',137,2),(278,'Kelly & Cal','allemand',1947,675,4,'179322908-2',111,4),(279,'Live from Baghdad','espagnol',2007,231,2,'796718620-6',204,3),(280,'Valley of Head Hunters','italien',2005,947,1,'926289332-9',69,4),(281,'Ice Age','espagnol',2005,197,1,'779165731-7',204,2),(282,'Pellet (Bola, El)','russe',1915,383,3,'528439733-9',197,3),(283,'Pocket Money','espagnol',1999,888,4,'405434597-2',326,4),(284,'Float','espagnol',2005,718,2,'527937178-5',133,2),(285,'Substitute, The','russe',2007,16,3,'391457666-9',122,4),(286,'Black Stallion, The','amricain',2008,425,1,'578155988-4',141,3),(287,'Master, The','espagnol',1957,225,3,'436993057-X',194,2),(288,'Sputnik','ukrainien',1989,127,3,'195239938-6',239,3),(289,'Bound by Honor (a.k.a. Blood In, Blood Out)','russe',2006,61,2,'206111496-2',85,4),(290,'Pale Cocoon (Peiru Kokun)','amricain',1991,644,2,'697599150-2',348,4),(291,'Win a Date with Tad Hamilton!','amricain',2011,508,2,'689919006-0',155,2),(292,'Lee Daniels\' The Butler','amricain',2019,222,2,'659818785-0',270,2),(293,'Alex and Emma','russe',1956,1,2,'910041277-5',441,2),(294,'Lightning Strikes Twice','allemand',1947,223,3,'963216485-7',400,4),(295,'Queen Sized','allemand',2004,132,2,'266183695-0',276,1),(296,'Power/Rangers','russe',1969,310,1,'456987785-0',444,4),(297,'Safe Sex','amricain',1980,763,4,'603890170-1',493,1),(298,'Lonely Place to Die, A','allemand',2003,75,2,'067482896-8',227,1),(299,'Alice','espagnol',2012,136,4,'543220839-3',154,1),(300,'Earth Entranced (Terra em Transe)','espagnol',1991,538,2,'114960516-2',129,3),(301,'Like Father, Like Son','italien',2005,395,4,'253382314-7',31,3),(302,'Horse\'s Mouth, The','amricain',2005,810,4,'297569601-9',344,3),(303,'I.Q.','allemand',1989,879,1,'841427357-2',338,4),(304,'White Man\'s Burden','amricain',2011,233,1,'457673206-4',371,4),(305,'Broken Embraces (Los abrazos rotos)','allemand',2011,566,3,'421227962-2',316,4),(306,'Zen Noir','espagnol',1995,1,2,'132934245-3',244,2),(307,'Haunted Palace, The','ukrainien',1986,379,3,'155275986-5',316,3),(308,'Perfect Man, A','amricain',2008,797,2,'905055230-7',278,4),(309,'Groomsmen, The','espagnol',1992,259,2,'258642600-2',139,4),(310,'Destricted','amricain',1987,6,3,'062717942-8',459,1),(311,'Cheers for Miss Bishop','ukrainien',1974,347,4,'336896303-1',357,2),(312,'Predators','autre',2002,322,2,'618620928-8',17,4),(313,'Devils, The','amricain',1993,226,3,'442599644-5',415,4),(314,'Bourne Ultimatum, The','franais',2009,256,2,'910129218-8',274,4),(315,'Ways to Live Forever','espagnol',1908,84,3,'363021021-X',31,1),(316,'The Rag Man','russe',1999,553,4,'387832927-X',496,3),(317,'Mother of Mine (ideist parhain)','russe',1954,246,1,'797079654-0',465,4),(318,'K-11','russe',1993,944,4,'180023312-4',319,3),(319,'Borgman','allemand',1979,648,3,'017029204-5',238,1),(320,'Whores\' Glory','amricain',2011,425,2,'070124154-3',326,3),(321,'Everybody\'s Got Somebody... Not Me','franais',1999,209,2,'306720197-3',381,4),(322,'Heat\'s On, The','allemand',2004,816,1,'826240539-0',45,3),(323,'Land Without Bread (Hurdes, tierra sin pan, Las)','amricain',1962,741,2,'058352238-6',297,4),(324,'Secret Life of Walter Mitty, The','autre',2010,821,1,'256292647-1',212,2),(325,'Raising Arizona','amricain',1984,986,1,'155806673-X',497,2),(326,'Man I Love, The','ukrainien',2009,569,4,'102388979-X',493,3),(327,'Blades of Glory','russe',2009,443,2,'633261033-6',201,2),(328,'Encounter in the Third Dimension','franais',1942,906,2,'526457877-X',447,3),(329,'Tulse Luper Suitcases, Part 1: The Moab Story, The','franais',1999,232,2,'665733189-4',402,3),(330,'Bridal Party in Hardanger, The (Brudeferden i Hardanger)','amricain',2012,808,4,'908345184-4',376,1),(331,'Young and Prodigious T.S. Spivet, The (L\'extravagant voyage du jeune et prodigieux T.S. Spivet)','espagnol',2007,799,1,'491534316-2',77,3),(332,'Last Godfather, The','allemand',1923,603,3,'202295369-X',406,4),(333,'Torrente 5: Operacin Eurovegas','franais',2014,306,2,'597848294-2',311,1),(334,'Room for Romeo Brass, A','allemand',1915,188,3,'105627366-6',362,3),(335,'My Mother\'s Smile (a.k.a. The Religion Hour) (L\'ora di religione) (Il sorriso di mia madre)','allemand',1993,851,1,'809759470-6',163,2),(336,'Evil (Ondskan)','ukrainien',2004,166,1,'779776625-8',249,2),(337,'Diner','espagnol',2012,992,2,'858470971-1',265,2),(338,'Attack of the Killer Tomatoes!','amricain',2009,425,2,'874734076-2',156,4),(339,'Flashbacks of a Fool','franais',1998,252,2,'366520362-7',149,4),(340,'Aces: Iron Eagle III','amricain',1996,286,4,'690113374-X',63,1),(341,'Daffy Duck\'s Quackbusters','allemand',2000,275,3,'478429997-1',326,1),(342,'Wheels on Meals (Kuai can che)','russe',1997,522,1,'901203810-3',213,3),(343,'Maximum Conviction','russe',1973,251,2,'744995405-2',389,3),(344,'Relic, The','ukrainien',2004,367,1,'179268330-8',44,2),(345,'Save Me','allemand',2003,760,1,'240581449-8',462,3),(346,'Loverboy','ukrainien',1990,133,1,'273045580-9',292,3),(347,'Voodoo Tiger','amricain',2010,146,3,'138923222-0',221,2),(348,'Each Dawn I Die','allemand',2007,277,4,'270337526-3',132,3),(349,'Bad Lieutenant','italien',1977,482,3,'253774387-3',307,3),(350,'Io Island (Iodo)','allemand',2012,656,4,'503582987-1',442,3),(351,'Bourne Legacy, The','espagnol',1998,643,2,'861716011-X',435,2),(352,'Honey, I Shrunk the Kids','ukrainien',1942,727,2,'780672363-3',487,4),(353,'Man with the Gun','allemand',2005,634,1,'088208693-6',200,3),(354,'Alexandra\'s Project','espagnol',2002,706,1,'558609698-6',264,2),(355,'Calamity Jane','russe',1992,234,2,'693999650-8',107,4),(356,'I Hope They Serve Beer in Hell','espagnol',2009,404,2,'470996853-5',436,2),(357,'Justin Bieber: Never Say Never','allemand',1993,725,1,'972016844-7',334,4),(358,'Bakery Girl of Monceau, The (La boulangre de Monceau)','allemand',2009,306,1,'426749332-4',259,4),(359,'Confessional, The (Confessionnal, Le)','allemand',1919,583,4,'318008549-5',236,1),(360,'Just Like Me (Igualita a Mi)','amricain',2009,62,3,'291435405-3',186,2),(361,'Body Snatchers','allemand',1993,138,3,'680276197-1',172,4),(362,'Simpatico','espagnol',1998,831,2,'820782801-3',307,4),(363,'Downeast','franais',2013,116,2,'157366425-1',166,3),(364,'Adventures of Robin Hood, The','russe',1999,418,2,'483993364-2',154,1),(365,'Union Station','russe',1935,466,2,'048202179-9',140,3),(366,'Belle comme la femme d\'un autre','amricain',2017,881,3,'665594104-0',11,4),(367,'It\'s Impossible to Learn to Plow by Reading Books','amricain',2008,266,4,'081492443-3',265,4),(368,'One Flew Over the Cuckoo\'s Nest','amricain',1994,687,3,'540508609-6',332,1),(369,'Aria','espagnol',2014,423,3,'463580029-6',160,2),(370,'...tick... tick... tick...','allemand',2003,860,3,'023295277-9',243,1),(371,'Greatest Show on Earth, The','russe',1993,791,4,'277140742-6',499,3),(372,'Hitchcock','allemand',1996,143,1,'554489358-6',368,3),(373,'Perils of the Sentimental Swordsman','amricain',1997,603,3,'763997508-5',184,1),(374,'Search for One-eye Jimmy, The','italien',1992,842,1,'611095561-2',343,2),(375,'Jade','russe',2005,892,4,'226795135-5',25,1),(376,'Liar\'s Autobiography: The Untrue Story of Monty Python\'s Graham Chapman, A','russe',1996,851,1,'101192331-9',398,2),(377,'Jungle de Ikou (Jungre de Ikou)','espagnol',1998,500,1,'260724613-X',362,2),(378,'Farsan','ukrainien',2009,469,3,'816907934-9',174,4),(379,'Paradise','franais',1998,675,2,'317906687-3',325,1),(380,'King Boxer: Five Fingers of Death (Tian xia di yi quan)','allemand',2010,138,1,'065503405-6',67,3),(381,'Beach Blanket Bingo','espagnol',2009,290,4,'101513018-6',248,3),(382,'Crippled Avengers (Can que) (Return of the 5 Deadly Venoms)','allemand',1991,291,3,'278744334-6',370,2),(383,'Snow Walker, The','amricain',1923,593,4,'803990682-2',286,3),(384,'Pompatus of Love, The','amricain',1992,310,4,'565223292-7',121,2),(385,'Endless Love','amricain',2003,646,4,'446583686-4',40,2),(386,'Frenzy','franais',1990,19,1,'747315996-8',379,2),(387,'Makai Tensho: Samurai Reincarnation (Makai tensh)','amricain',1993,481,3,'745975983-X',193,3),(388,'Woman in Red, The','franais',1998,92,2,'585694921-8',183,2),(389,'Mating Habits of the Earthbound Human, The','allemand',1979,971,2,'324489019-9',74,3),(390,'Evolver','amricain',1994,123,3,'490229314-5',115,2),(391,'Viva Knievel!','russe',1995,773,1,'726785496-6',198,1),(392,'Air Crew','russe',2009,544,3,'901660687-4',264,4),(393,'Fireproof','espagnol',2006,802,1,'019712174-8',235,3),(394,'Django the Bastard (Strangers Gundown, The) (Django il bastardo)','allemand',1969,298,4,'665696886-4',60,4),(395,'Head Over Heels (De Pernas pro Ar)','ukrainien',2010,714,2,'034193739-8',2,4),(396,'Saw VI','amricain',1994,933,4,'809623261-4',385,3),(397,'Kedma','italien',2012,889,3,'146568194-9',167,3),(398,'Don\'t Go Breaking My Heart (Daan gyun naam yu)','espagnol',1992,716,3,'801489599-1',241,2),(399,'Ice Soldiers','russe',1967,54,3,'437206246-X',232,3),(400,'Pit and the Pendulum, The','amricain',1993,948,3,'165902570-2',305,3),(401,'Larry Crowne','russe',1924,736,2,'802189838-0',402,2),(402,'Diva','amricain',2008,454,3,'479149449-0',216,2),(403,'Kate & Leopold','autre',2008,329,1,'663348098-9',16,2),(404,'Can\'t Hardly Wait','ukrainien',1989,924,3,'356273672-X',364,3),(405,'The Visitor','amricain',2006,59,2,'432022431-0',29,1),(406,'Thieves, The (Dodookdeul)','amricain',2010,15,3,'728907783-0',480,2),(407,'Last Season, The','amricain',2009,520,4,'678265109-2',462,3),(408,'Mardock Scramble: The Second Combustion','ukrainien',1942,139,2,'803781345-2',390,2),(409,'Who\'s Your Daddy?','espagnol',2002,141,2,'994664547-5',259,2),(410,'Good Ol\' Freda','allemand',1995,55,3,'686787382-0',111,1),(411,'William Kunstler: Disturbing the Universe','allemand',2012,9,2,'509610008-1',86,4),(412,'Haunter','amricain',2004,714,1,'990001306-9',57,2),(413,'King of California','amricain',2003,575,3,'283899464-6',305,1),(414,'Dead Meat','franais',1915,881,4,'141534953-3',41,4),(415,'Veronika Voss (Sehnsucht der Veronika Voss, Die)','amricain',2002,316,2,'364646868-8',13,2),(416,'Harum Scarum','amricain',2011,254,2,'949415318-9',239,1),(417,'Making Plans for Lena (Non ma fille, tu n\'iras pas danser)','ukrainien',2003,378,3,'850895975-3',76,3),(418,'Grease','espagnol',2005,322,1,'399673314-3',16,2),(419,'Farewell to Matyora','espagnol',1993,593,3,'051297759-3',246,1),(420,'Mission: Impossible - Ghost Protocol','allemand',2004,306,4,'888913159-4',250,1),(421,'Asterix and the Big Fight (Astrix et le coup du menhir)','allemand',2006,182,1,'582915093-X',206,4),(422,'Exit Through the Gift Shop','ukrainien',1993,730,1,'868684180-5',238,1),(423,'Last Time, The','russe',1999,61,2,'840851318-4',198,3),(424,'Hitler\'s Madman','allemand',1973,339,1,'895164437-5',258,1),(425,'Making a Killing: The Untold Story of Psychotropic Drugging','amricain',2006,931,1,'075668937-6',27,2),(426,'Office Space','ukrainien',2004,433,4,'644531975-0',214,3),(427,'After...','amricain',1998,970,4,'694986807-3',264,3),(428,'Cockfighter','russe',1997,398,2,'380280072-9',385,1),(429,'Dacii','franais',1975,801,2,'791947041-2',289,4),(430,'Feast II: Sloppy Seconds','allemand',1989,909,4,'170838138-4',81,3),(431,'Never Forever','russe',1987,699,1,'664630221-9',375,3),(432,'Supermensch: The Legend of Shep Gordon','russe',1993,717,3,'651823516-0',500,4),(433,'Fog of War: Eleven Lessons from the Life of Robert S. McNamara, The','ukrainien',1937,391,1,'307060443-9',61,4),(434,'Girl Crazy','ukrainien',1980,46,3,'996740397-7',91,2),(435,'Hysteria: The Def Leppard Story','espagnol',1945,420,1,'584194473-8',171,1),(436,'Boy Called Hate, A','russe',2008,78,2,'066947955-1',383,4),(437,'Chloe','franais',1941,580,4,'823798688-1',121,2),(438,'Othello (Tragedy of Othello: The Moor of Venice, The)','allemand',2005,536,3,'862170785-3',368,3),(439,'Breath, The (Nefes: Vatan sagolsun)','russe',2007,234,4,'520158717-8',376,4),(440,'Laaga Chunari Mein Daag: Journey of a Woman','russe',1901,740,4,'401688572-8',387,2),(441,'The Wild Bunch: An Album in Montage','ukrainien',2003,60,4,'504205691-2',87,2),(442,'Trek Nation','allemand',1904,184,2,'239270948-3',19,1),(443,'6 Desires: DH Lawrence and Sardinia','ukrainien',1917,197,1,'367223554-7',456,2),(444,'Intended, The','franais',2000,175,1,'688990655-1',177,1),(445,'Lawman','russe',2010,2,3,'152361724-1',187,1),(446,'Anna Karenina','espagnol',2009,378,2,'856799886-7',132,4),(447,'Death Race 3: Inferno','espagnol',1979,417,3,'527778450-0',408,2),(448,'Rage at Dawn','amricain',2007,498,3,'333938661-7',273,3),(449,'Zift','espagnol',1998,800,2,'041980271-1',319,2),(450,'Emigrants, The (Utvandrarna)','russe',2004,310,4,'769046741-5',29,1),(451,'Lonely Passion of Judith Hearne, The','ukrainien',1987,981,4,'170696119-7',342,1),(452,'Willy Wonka & the Chocolate Factory','russe',2007,567,4,'824528083-6',431,4),(453,'Back In Action','allemand',1995,10,1,'608957998-X',330,4),(454,'I Belong (Som du ser meg)','espagnol',2009,746,3,'603938950-8',404,1),(455,'I\'m Gonna Explode (a.k.a. I\'m Going to Explode) (Voy a explotar)','autre',1993,720,4,'508482993-6',187,4),(456,'Love Letters','franais',2003,199,4,'494451771-8',430,1),(457,'Susan Slept Here','amricain',1998,710,4,'758650252-8',171,2),(458,'Personal Effects','franais',2001,427,4,'245485692-1',400,3),(459,'Lust for Life','amricain',2001,387,3,'240314238-7',314,1),(460,'Awful Truth, The','amricain',2009,417,2,'173220942-1',418,2),(461,'Avengers, The','ukrainien',1995,499,1,'219182477-3',103,1),(462,'While You Were Sleeping','amricain',2006,796,4,'742195753-7',7,3),(463,'Good People','allemand',1976,822,3,'109412303-X',172,3),(464,'In Bed (En la cama)','russe',2003,809,2,'056394509-5',226,4),(465,'Dark Wind, The','allemand',2005,163,1,'318468469-5',74,2),(466,'She Wouldn\'t Say Yes','russe',2006,741,3,'077480090-9',158,2),(467,'Cohen and Tate','allemand',2003,505,1,'357851801-8',122,4),(468,'Rack, The','espagnol',2007,171,1,'591694484-5',129,4),(469,'Arabian Nights','allemand',2007,684,1,'730387622-7',18,4),(470,'ABBA: The Movie','amricain',2001,623,1,'915741615-X',313,2),(471,'Beauty and the Beast (Belle et la bte, La)','ukrainien',2001,447,4,'562650349-8',402,4),(472,'Bastards (Les salauds)','italien',1997,599,2,'043744111-3',66,1),(473,'Basquiat','autre',2002,538,4,'963197930-X',469,4),(474,'Fort Apache','allemand',2009,555,3,'934489118-4',243,1),(475,'Talk of the Town, The','franais',1986,496,1,'212896073-8',254,2),(476,'Pretty Woman','russe',1996,427,1,'678621446-0',329,2),(477,'Children of the Corn III','amricain',1980,983,2,'766947984-1',231,1),(478,'Paradise Lost 3: Purgatory','ukrainien',1988,433,4,'738576334-0',93,2),(479,'My Life in Orange (Sommer in Orange)','italien',1922,530,2,'453522166-9',309,1),(480,'Dentist, The','espagnol',2013,805,3,'482908925-3',175,1),(481,'Dishonored','franais',2003,444,4,'132528393-2',358,4),(482,'Entitled, The','allemand',1998,43,2,'940311512-2',369,1),(483,'Astro Boy','amricain',2002,524,3,'879165390-8',159,1),(484,'Out of the Blue','amricain',1912,665,2,'216600236-6',103,2),(485,'Strong Man, The','italien',2000,105,3,'638026487-6',229,1),(486,'Noel','amricain',2006,985,2,'270456042-0',249,1),(487,'Big Trouble','amricain',1994,835,1,'401391028-4',214,4),(488,'Informant!, The','russe',2009,965,1,'933959993-4',480,1),(489,'Vital Signs','amricain',2006,530,1,'328308834-9',23,1),(490,'Masque of the Red Death, The','amricain',2011,430,1,'916624581-8',267,4),(491,'Husk','espagnol',2001,829,4,'885118623-5',307,3),(492,'Loose Change: Second Edition','allemand',2002,757,2,'385657006-3',482,1),(493,'Assassination Games','allemand',2009,199,4,'532998601-X',391,4),(494,'War Within, The','italien',2011,410,4,'388229703-4',359,1),(495,'Crime Zone','amricain',2008,503,3,'470337118-9',255,2),(496,'Atomic Twister','espagnol',1987,482,1,'423383310-6',312,4),(497,'Wild Target','allemand',1987,204,4,'539177719-4',16,4),(498,'Wise Blood','amricain',1987,363,1,'338601155-1',152,1),(499,'Chronicles of Narnia: The Voyage of the Dawn Treader, The','espagnol',1991,786,4,'545425686-2',463,1),(500,'Knockin\' on Heaven\'s Door','amricain',2007,43,1,'262486727-9',160,4),(501,'Alligator People, The','russe',1985,618,2,'023553650-4',240,1),(502,'Post Tenebras Lux','franais',2008,860,2,'000150328-6',304,1),(503,'Torment (Hets)','amricain',2009,264,4,'801238224-5',468,2),(504,'Candleshoe','allemand',2010,317,4,'408348638-4',298,4),(505,'Comes a Bright Day','italien',1987,986,1,'660655369-5',95,3),(506,'Who Killed Vincent Chin?','amricain',1935,933,2,'883966080-1',143,1),(507,'White Fang (Zanna Bianca)','autre',1997,33,1,'603036469-3',113,4),(508,'The White Sister','espagnol',1977,531,4,'996869316-2',493,3),(509,'Billion Dollar Brain','allemand',1995,20,4,'674703620-4',312,3),(510,'Inbetweeners 2, The','espagnol',2000,73,2,'636242724-6',378,2),(511,'Night at the Roxbury, A','franais',2012,243,3,'259234734-8',1,2),(512,'Aries Spears: Hollywood, Look I\'m Smiling','ukrainien',1936,379,4,'322153654-2',406,2),(513,'Yves Saint Laurent','espagnol',1976,774,1,'299523589-0',34,4),(514,'Partners in Crime (Associs contre le crime...)','amricain',2006,634,2,'719048042-0',361,2),(515,'Formula 51','allemand',2008,728,4,'108191492-0',495,4),(516,'On Golden Pond','allemand',1930,472,3,'995893063-3',76,2),(517,'Street Thief','amricain',1986,663,1,'863485641-0',400,2),(518,'Ballad of Narayama, The (Narayama bushiko)','amricain',1993,816,1,'417520967-0',483,1),(519,'Divo, Il','allemand',1996,560,4,'627820772-9',420,4),(520,'Four more years (Fyra r till)','espagnol',2011,332,3,'933038100-6',39,4),(521,'Inner Life of Martin Frost, The','amricain',1942,96,1,'311351955-1',36,2),(522,'Joe Somebody','ukrainien',1998,803,3,'599445563-6',276,1),(523,'Tropical Malady (Sud pralad)','russe',1997,144,1,'835893358-4',440,4),(524,'Black Mask (Hak hap)','allemand',1992,484,3,'323570861-8',277,3),(525,'Sinbad: Legend of the Seven Seas','allemand',2005,461,1,'657513391-6',421,2),(526,'Secret Life of Walter Mitty, The','espagnol',2009,710,4,'141291072-2',415,2),(527,'Girl from Monday, The','espagnol',2010,880,4,'314600132-2',114,2),(528,'Tavarataivas','amricain',2002,76,1,'035111413-0',36,2),(529,'Frankenstein\'s Army','allemand',2001,797,4,'008237637-9',117,4),(530,'Blade of the Ripper','allemand',2021,457,1,'238635451-2',401,4),(531,'Score: A Hockey Musical','allemand',2007,797,4,'570464082-6',7,1),(532,'Walking Dead, The','russe',2010,780,3,'590979845-6',286,3),(533,'Intervista','russe',1986,620,1,'329271205-X',100,3),(534,'Angel and the Badman','italien',1986,985,4,'475577211-7',63,1),(535,'Iron Giant, The','allemand',1992,113,3,'735105606-4',144,4),(536,'Dog Days (Hundstage)','amricain',2006,796,3,'479058956-0',352,4),(537,'Beyond Enemy Lines (Framom frmsta linjen)','allemand',2013,80,3,'166559331-8',130,1),(538,'Focus','allemand',2000,747,2,'572725662-3',214,2),(539,'Machine Gun McCain (Gli intoccabili)','italien',1994,35,4,'090862251-1',63,1),(540,'Royal Tenenbaums, The','ukrainien',1981,130,1,'062048670-8',299,1),(541,'Raid on Rommel','espagnol',1964,633,4,'574107189-9',356,4),(542,'Tall Story','ukrainien',2010,652,1,'840766668-8',398,2),(543,'Gold of Rome (L\'oro di Roma)','ukrainien',1981,445,2,'038760695-5',83,3),(544,'Mademoiselle','allemand',2004,547,2,'431139263-X',374,3),(545,'Paper Will Be Blue, The (Hrtia va fi albastr)','allemand',2009,275,1,'434566623-6',382,2),(546,'Hum Tumhare Hain Sanam','autre',1990,271,3,'381274318-3',53,2),(547,'My Blueberry Nights','amricain',2006,162,4,'632964618-X',169,1),(548,'Sunday in the Country, A (Un dimanche  la campagne)','franais',2012,845,4,'185745354-9',500,3),(549,'Eight Iron Men','espagnol',2006,812,2,'246326019-X',74,3),(550,'Aquamarine','franais',1984,851,4,'271033567-0',486,2),(551,'Gold Diggers of 1937','allemand',2004,447,2,'853544933-7',62,3),(552,'Johnny Apollo','allemand',2001,723,2,'696834556-0',273,1),(553,'Cold Water (Eau Froide, L\')','amricain',1928,456,2,'231842767-4',374,4),(554,'Story of Mankind, The','russe',1911,168,2,'075200666-5',375,4),(555,'The Return of Ringo','espagnol',1996,731,3,'009877487-5',342,1),(556,'2 ou 3 choses que je sais d\'elle (2 or 3 Things I Know About Her)','espagnol',2002,451,2,'840224506-4',48,3),(557,'Pet Sematary II','espagnol',1996,496,3,'315453655-8',33,1),(558,'Moving Out','amricain',2008,86,1,'813893763-7',332,1),(559,'Chalte Chalte','espagnol',1987,562,4,'100070285-5',191,3),(560,'Loose Cannons (Mine vaganti)','ukrainien',2007,364,3,'609494465-8',331,2),(561,'Attack of the Puppet People','allemand',1992,349,3,'549414348-1',316,4),(562,'Freaks','espagnol',1980,82,1,'497717551-4',315,1),(563,'High Heels and Low Lifes','italien',2006,844,1,'059660381-9',208,4),(564,'Earthquake','russe',2013,307,2,'339952758-6',350,2),(565,'Fall of the House of Usher, The (chute de la maison Usher, La)','allemand',2004,830,1,'893451060-9',357,1),(566,'Human Capital (Il capitale umano)','russe',2006,979,4,'217651040-2',244,1),(567,'Parasites, Les','franais',2001,334,4,'454735384-0',375,3),(568,'Black Fury','ukrainien',2008,396,4,'048689781-8',89,4),(569,'Quai des Orfvres (Jenny Lamour)','allemand',2001,933,4,'146816294-2',430,1),(570,'Bad Luck Love','allemand',2009,807,1,'664490253-7',400,1),(571,'Last Run, The','amricain',1994,397,2,'025613451-0',406,4),(572,'The Land Before Time IX: Journey to the Big Water','ukrainien',2008,887,2,'641044038-3',180,1),(573,'Distinguished Gentleman, The','espagnol',2010,551,3,'410950125-3',1,2),(574,'Bustin\' Loose','allemand',1982,325,3,'665890107-4',207,2),(575,'Saboteur','italien',1984,554,3,'776418633-3',46,2),(576,'Curious Case of Benjamin Button, The','espagnol',2004,474,4,'463839241-5',399,1),(577,'All the Rage (It\'s the Rage)','espagnol',1986,899,2,'680647204-4',139,1),(578,'Two Night Stand','ukrainien',1969,432,4,'599229818-5',408,3),(579,'High School Musical','ukrainien',2002,919,2,'703356114-8',470,1),(580,'Waterloo Bridge','russe',2005,797,1,'680612991-9',173,1),(581,'So Long Letty','ukrainien',1986,156,2,'847719408-4',214,1),(582,'Street People','amricain',2005,562,3,'792787847-6',293,1),(583,'Lost Horizon','russe',1960,478,4,'329091735-5',385,1),(584,'Last Train Home','franais',2009,127,2,'570567052-4',33,4),(585,'Stranger than Fiction','allemand',1996,470,3,'925942301-5',81,2),(586,'Private Romeo','ukrainien',2012,517,3,'847575666-2',23,3),(587,'On the Waterfront','allemand',1984,843,2,'342182940-3',216,2),(588,'Resistance','allemand',1996,948,4,'790407794-9',194,4),(589,'Love Affair','amricain',2004,939,2,'190692133-4',67,3),(590,'Serious Moonlight','allemand',2009,424,1,'721513206-4',257,1),(591,'Dark Truth, A (Truth, The)','espagnol',2010,172,1,'325288561-1',402,3),(592,'Rockers','espagnol',2009,189,2,'563814417-X',179,1),(593,'Father Goose','amricain',1996,592,4,'980582541-8',481,2),(594,'Thrust in Me','russe',1999,521,1,'786081013-1',186,1),(595,'Thunder Soul','franais',1998,850,3,'936098324-1',262,1),(596,'Crimes of Fashion','allemand',2017,344,1,'370526274-2',33,2),(597,'Young Again','amricain',2007,52,1,'106704174-5',331,3),(598,'Lies (Gojitmal)','ukrainien',1999,378,4,'966720773-0',54,4),(599,'Assault, The (Aanslag, De)','italien',1993,983,3,'856193048-9',131,4),(600,'Double Solitaire','franais',2000,948,3,'769558678-1',363,3),(601,'Hasty Heart, The','allemand',2011,917,4,'408044772-8',76,1),(602,'Wrong Box, The','russe',2011,831,4,'589079303-9',14,2),(603,'Io Island (Iodo)','espagnol',1989,447,2,'412593024-4',347,1),(604,'Happy Ever Afters','autre',1938,931,4,'691931461-4',162,1),(605,'Wife, The','italien',1997,358,4,'848644454-3',339,4),(606,'Man Vanishes, A (Ningen Johatsu)','allemand',2012,859,3,'122864446-2',397,4),(607,'Charlie Chan in Rio','allemand',2003,825,1,'401993515-7',104,4),(608,'Alphabet','russe',2007,87,2,'027729607-2',499,4),(609,'Family Game, The (Kazoku gmu)','allemand',2003,734,1,'186631555-2',305,1),(610,'I Am Legend','russe',1998,199,2,'280487682-9',485,3),(611,'Respiro','amricain',2006,378,3,'245071787-0',92,2),(612,'Hustlers, The (Veijarit)','russe',1986,430,4,'677057840-9',79,2),(613,'Born to Fight (Kerd ma lui)','espagnol',2004,332,2,'028884617-6',284,3),(614,'Black Gold','espagnol',2006,128,1,'719769387-X',400,2),(615,'DiG!','amricain',1969,148,3,'795672641-7',460,2),(616,'Safe Conduct (Laissez-Passer)','russe',1989,422,3,'784858383-X',229,1),(617,'Thunderpants','franais',2001,961,1,'444248797-9',11,1),(618,'Hav Plenty','espagnol',2008,137,2,'719603072-9',106,1),(619,'Phil Ochs: There But for Fortune','russe',2005,148,2,'159252970-4',144,2),(620,'It\'s Kind of a Funny Story','franais',2012,749,1,'696960844-1',50,1),(621,'Fistful of Fingers, A','franais',2018,547,1,'657801355-5',288,4),(622,'The First Men in the Moon','russe',1980,203,1,'271406450-7',2,2),(623,'Regret to Inform','italien',1985,347,2,'833730351-4',358,4),(624,'Balto','espagnol',1988,483,2,'298421633-4',341,4),(625,'Business, The','espagnol',1985,481,3,'437176864-4',482,3),(626,'Dhobi Ghat','amricain',2010,13,4,'290127420-X',317,4),(627,'Firelight','amricain',1947,727,2,'559571316-X',33,3),(628,'Stan Helsing','allemand',2003,466,4,'488734198-9',392,1),(629,'Bullet Ballet','ukrainien',2006,651,1,'423808813-1',108,3),(630,'Yu-Gi-Oh!: Bonds Beyond Time (Gekijouban Yuugiou: Chouyuugou! Jikuu o koeta kizuna)','espagnol',2006,34,3,'242720313-0',299,3),(631,'Harvard Man','franais',2016,421,3,'398235584-2',470,3),(632,'Robots','allemand',2010,242,4,'750513545-7',404,3),(633,'Hits','amricain',2006,685,2,'550328885-8',327,4),(634,'Safety Patrol','ukrainien',1998,225,4,'216533921-9',12,1),(635,'Vice','franais',2004,791,2,'331436216-1',398,2),(636,'Shattered','italien',2005,534,4,'303459504-2',433,4),(637,'Vampire in Brooklyn','espagnol',2012,467,2,'852266788-8',159,4),(638,'Dragonball Evolution','amricain',1963,991,1,'458453976-6',150,1),(639,'Dead End','franais',2007,580,4,'383137781-2',236,1),(640,'Die Another Day','espagnol',2006,122,4,'821792318-3',132,2),(641,'Sahara','franais',2000,396,1,'088897844-8',260,4),(642,'Home on the Range','russe',1974,323,4,'280323841-1',68,2),(643,'Dead Heat on a Merry-Go-Round','russe',1924,758,1,'371852080-X',455,3),(644,'Baby-Sitters Club, The','allemand',2008,284,2,'199391876-0',438,1),(645,'Paper Chase, The','franais',2009,383,1,'819357359-5',143,2),(646,'The Cop in Blue Jeans','amricain',1992,373,4,'675154312-3',341,1),(647,'Antonia\'s Line (Antonia)','italien',1996,199,3,'432021543-5',247,4),(648,'Chef in Love, A (Shekvarebuli kulinaris ataserti retsepti)','allemand',1918,451,1,'459375173-X',53,1),(649,'Bill & Ted\'s Bogus Journey','allemand',2008,934,1,'386663392-0',217,1),(650,'Soviet Story, The','russe',1990,945,1,'088543136-7',240,4),(651,'Ay, Carmela! (Ay, Carmela!)','russe',2001,660,4,'600360873-0',378,4),(652,'Grudge Match','russe',2012,329,2,'304277678-6',63,3),(653,'Alter Egos','allemand',2010,969,3,'514306220-9',495,1),(654,'Seventh Horse of the Sun  (Suraj Ka Satvan Ghoda)','russe',2004,145,2,'853727592-1',7,3),(655,'City of Sadness, A (Bei qing cheng shi)','espagnol',1920,713,3,'894504949-5',233,1),(656,'Little Monsters','italien',2012,692,1,'216465673-3',162,3),(657,'Hangman\'s House','allemand',1997,809,4,'811532570-8',94,1),(658,'Wrong Arm of the Law, The','espagnol',2006,848,4,'207440321-6',322,1),(659,'This Gun for Hire','amricain',2010,714,1,'705373044-1',88,3),(660,'Rosemary\'s Baby','allemand',1998,637,4,'497592228-2',499,4),(661,'Pennies from Heaven','russe',2008,430,3,'395376570-1',93,4),(662,'Hotte in Paradise (Hotte im Paradies)','amricain',2011,775,3,'614062940-3',27,4),(663,'Rudy','ukrainien',2004,380,3,'830511621-2',466,3),(664,'Panther','amricain',2006,664,4,'470640612-9',108,4),(665,'Firelight','allemand',2004,46,2,'107942751-1',52,2),(666,'Zatoichi at Large (Zatichi goy-tabi) (Zatichi 23)','amricain',1993,998,3,'532218045-1',481,3),(667,'Dragon Ball Z the Movie: The World\'s Strongest (a.k.a. Dragon Ball Z: The Strongest Guy in The World) (Doragon bru Z: Kono yo de ichiban tsuyoi yatsu)','espagnol',2010,718,3,'426618600-2',471,1),(668,'King Is Dancing, The (Le roi danse)','russe',1994,323,4,'386352369-5',341,3),(669,'Not Another Teen Movie','franais',1947,518,1,'365619468-8',291,1),(670,'Last Picture Show, The','russe',1995,65,1,'953992966-0',177,1),(671,'Barefoot','russe',1996,353,1,'313404937-6',244,3),(672,'Hot Lead and Cold Feet','allemand',2011,530,4,'450116123-X',197,1),(673,'Blondie of the Follies','russe',1995,666,4,'013225733-5',171,2),(674,'Greatest, The','espagnol',1996,64,2,'154293772-8',49,2),(675,'Chant of Jimmy Blacksmith, The','espagnol',1994,491,4,'530703732-5',494,1),(676,'Jarhead 2: Field of Fire','allemand',1995,214,4,'702433455-X',340,4),(677,'Abouna','allemand',2013,156,2,'108334730-6',137,3),(678,'Johnny Dangerously','allemand',1998,839,3,'841060920-7',358,2),(679,'Bedlam','amricain',2012,89,2,'030796395-0',177,4),(680,'Believer, The','espagnol',1992,324,2,'376430339-5',186,2),(681,'Li\'l Quinquin','allemand',1988,127,1,'018777220-7',332,1),(682,'The Joy of Living','amricain',1996,241,3,'900332747-5',185,3),(683,'Tarzan','espagnol',1953,945,1,'465251530-8',55,2),(684,'Awakening, The','allemand',2008,510,3,'197579487-7',242,4),(685,'Big Shots','autre',2011,452,2,'578425759-5',464,4),(686,'Air Raid Wardens','russe',1993,940,1,'744326710-X',241,1),(687,'Devil Is a Woman, The','allemand',1904,369,2,'810247647-8',140,2),(688,'Charlie\'s Country','franais',2004,615,4,'735463959-1',289,4),(689,'Melissa P.','russe',1994,369,1,'773858702-4',364,1),(690,'Camouflage (Barwy ochronne)','espagnol',2010,662,2,'556924063-2',17,1),(691,'Day Without a Mexican, A','allemand',1992,659,1,'041765485-5',109,3),(692,'Beast Must Die, The','ukrainien',1960,739,2,'253474174-8',282,4),(693,'Girls About Town','franais',1988,227,1,'486831169-7',126,3),(694,'Attila Marcel','ukrainien',2012,344,1,'236795399-6',320,1),(695,'Jackass Presents: Bad Grandpa .5','allemand',2012,944,2,'298074239-2',457,4),(696,'Hi-Life','ukrainien',1921,666,1,'337101263-8',123,3),(697,'No Blade of Grass','espagnol',2001,100,1,'132197653-4',42,4),(698,'Race','franais',1936,639,2,'366496663-5',370,2),(699,'Moving McAllister','espagnol',2005,204,3,'258064516-0',248,1),(700,'Paris Trout','russe',1998,697,4,'350262577-8',451,2),(701,'Breaktime, The (Zang-e Tafrih) (Recess)','italien',1986,170,3,'947058669-7',500,1),(702,'Take Her, She\'s Mine','ukrainien',1998,364,3,'327469137-2',430,2),(703,'C\'mon Man','allemand',2010,833,1,'310581746-8',190,1),(704,'In the Winter Dark','ukrainien',1997,347,3,'608847134-4',137,3),(705,'My Sons (Musuko)','amricain',2002,433,3,'201765796-4',180,2),(706,'Macbeth','amricain',2012,584,1,'481618970-X',93,3),(707,'I Start Counting','espagnol',2013,995,2,'899653514-1',165,2),(708,'Tenebre','allemand',2018,490,2,'682066717-5',167,3),(709,'Berlin Alexanderplatz','espagnol',2012,862,1,'142512270-1',481,1),(710,'Notorious Bettie Page, The','espagnol',1995,521,2,'782317536-3',325,1),(711,'White Oleander','ukrainien',2018,52,3,'596834993-X',204,2),(712,'My Dinner with Andr','amricain',2006,533,4,'591232714-0',211,4),(713,'RoboCop 2','amricain',2001,832,2,'648699845-8',462,4),(714,'Gods and Generals','amricain',2013,306,1,'054343334-X',183,4),(715,'Outsider','russe',2011,408,1,'277803181-2',442,3),(716,'Song of Bernadette, The','espagnol',1999,353,3,'469426924-0',234,4),(717,'Two Moon Junction','amricain',1991,34,2,'709493013-5',202,3),(718,'The Little Fox','espagnol',2018,691,4,'904495402-4',437,3),(719,'Mystery (Fu cheng mi shi)','espagnol',2011,931,4,'384854762-7',120,2),(720,'Crazy/Beautiful','russe',2007,150,4,'006134829-5',303,1),(721,'Vampire Bat, The','franais',2008,271,3,'279143609-X',83,4),(722,'New Rulers of the World, The','allemand',2009,936,3,'286959739-8',108,2),(723,'King Kong','espagnol',1970,505,3,'922523729-4',46,2),(724,'Stuart Little 2','espagnol',1965,505,4,'145963634-1',394,1),(725,'Idiot\'s Delight','autre',1900,391,3,'106305417-6',157,3),(726,'Mouth to Mouth','autre',1932,476,4,'639247627-X',125,2),(727,'Blind Shaft (Mang jing)','allemand',2008,974,1,'760891005-4',420,2),(728,'Marley & Me','franais',2005,923,1,'833214732-8',327,3),(729,'Angels in the Outfield','russe',2008,591,1,'183202185-8',489,3),(730,'Wyatt Earp\'s Revenge','allemand',2007,201,1,'727157233-3',26,3),(731,'Sabotage','amricain',1998,443,3,'265429225-8',142,1),(732,'South, The (Sur, El)','allemand',2003,281,4,'771107349-6',122,4),(733,'I Love You Phillip Morris','russe',1965,652,2,'926698920-7',490,1),(734,'Four Sahibjade','allemand',1940,564,2,'806979147-0',433,2),(735,'What Women Want','franais',2008,347,3,'727347593-9',35,1),(736,'Clouds of Sils Maria','amricain',2010,947,4,'480468471-9',293,2),(737,'Trapped in the Closet: Chapters 23-33','espagnol',2004,753,4,'867458301-6',95,3),(738,'Scott Pilgrim vs. the World','amricain',2012,170,3,'885095280-5',304,4),(739,'Smell of Camphor, Fragrance of Jasmine (Booye kafoor, atre yas)','espagnol',2009,969,2,'556101980-5',137,1),(740,'Hobbit: An Unexpected Journey, The','allemand',2002,726,1,'360288623-9',391,3),(741,'Amreeka','allemand',2010,489,2,'967177106-8',117,2),(742,'Mail Order Bride','russe',2002,425,4,'331582936-5',313,1),(743,'Mangler, The','russe',2008,758,1,'726713274-X',68,4),(744,'Werewolf of London','russe',1996,456,4,'637836816-3',276,4),(745,'Night of the Shooting Stars (Notte di San Lorenzo, La)','amricain',1995,151,1,'367845625-1',411,2),(746,'Who Do I Gotta Kill?','allemand',2001,39,1,'249383466-6',19,2),(747,'Match, The','italien',1996,51,3,'091789791-9',195,2),(748,'Tomb of Ligeia, The','amricain',1926,628,1,'425193134-3',165,1),(749,'Banger Sisters, The','allemand',1970,183,3,'310675503-2',432,2),(750,'Doctor and the Devils, The','espagnol',1995,326,2,'730999603-8',80,2),(751,'Seeking Justice','allemand',1966,636,3,'280684440-1',366,3),(752,'Affair to Remember, An','russe',2010,657,3,'019957532-0',186,3),(753,'Secret, The','allemand',1995,181,3,'988518103-2',189,4),(754,'Ciao Bella','espagnol',1992,630,4,'872252936-5',300,4),(755,'That\'s My Boy','allemand',1927,652,1,'578151257-8',294,4),(756,'Seyyit Khan: Bride of the Earth (Seyyit Han)','amricain',1995,260,2,'637005394-5',93,4),(757,'Maybe, Maybe Not (Bewegte Mann, Der)','amricain',1994,537,3,'850009043-X',394,1),(758,'Samurai Rebellion (Ji-uchi: Hairy tsuma shimatsu)','russe',2010,723,4,'993839378-0',47,1),(759,'Question of Silence, A (De stilte rond Christine M.)','allemand',1946,340,1,'162215818-0',58,3),(760,'Hell Ride','franais',2007,41,4,'234184744-7',109,4),(761,'Wind and the Lion, The','allemand',1991,757,2,'164003044-1',420,4),(762,'Csar','autre',1995,11,2,'141987855-7',399,1),(763,'Land Before Time III: The Time of the Great Giving','russe',2007,950,2,'625515912-4',194,2),(764,'Shanghai Noon','espagnol',1993,164,3,'691846213-X',292,1),(765,'Walking Tall','russe',1987,630,3,'170380738-3',493,4),(766,'Brother, Can You Spare a Dime?','allemand',1996,662,2,'534956646-6',223,2),(767,'Masti','ukrainien',2012,880,4,'809318547-X',166,3),(768,'Brothers (Veljekset)','ukrainien',1927,135,4,'961792057-3',8,1),(769,'Primary','allemand',1900,98,1,'973909614-X',322,4),(770,'Flintstones in Viva Rock Vegas, The','franais',1987,976,4,'824659202-5',268,4),(771,'Nun, The (La religieuse)','espagnol',1995,916,1,'270453081-5',349,2),(772,'Mr. Wonderful','ukrainien',2000,658,4,'562488340-4',178,4),(773,'Saving Private Ryan','autre',1941,1,4,'046924204-3',439,4),(774,'Xtro 3: Watch the Skies','allemand',1999,41,4,'731988729-0',158,3),(775,'Expendables, The','amricain',2005,470,2,'090123535-0',344,1),(776,'Blue City','amricain',2008,688,3,'397074980-8',59,2),(777,'War of the Worlds','amricain',2010,530,1,'074295788-8',441,3),(778,'This Is Where I Leave You','russe',2007,479,2,'898582484-8',267,1),(779,'Genealogies of a Crime (Gnalogies d\'un crime)','franais',2008,726,3,'924785126-2',374,1),(780,'If It\'s Tuesday, This Must Be Belgium','allemand',2010,113,1,'996302643-5',81,2),(781,'Tora-san Our Lovable Tramp (Otoko wa tsurai yo)','espagnol',1999,168,4,'193339267-3',440,3),(782,'Bohemian Life, The (La vie de bohme)','amricain',1998,126,2,'219242791-3',205,2),(783,'Edvard Munch','ukrainien',2003,276,1,'176696247-5',101,3),(784,'Big Bad Wolf','amricain',1985,246,1,'499543806-8',332,1),(785,'The Heavy','amricain',1996,172,4,'846608470-3',485,4),(786,'Tamara Drewe','ukrainien',2000,279,3,'154476137-6',414,2),(787,'Sleepless in Seattle','amricain',1988,108,4,'060345591-3',210,4),(788,'Sun Don\'t Shine','italien',1989,94,3,'362050361-3',180,1),(789,'The Magic Flute','espagnol',1993,727,4,'106856611-6',425,4),(790,'Club Sandwich','espagnol',1957,306,1,'659232430-9',421,4),(791,'What We Did on Our Holiday','russe',1994,659,3,'538465339-6',299,2),(792,'Nasty Old People','amricain',2006,231,2,'379054890-1',158,4),(793,'Othello','amricain',1929,960,3,'121804180-3',164,3),(794,'Like Water','franais',2004,360,2,'743284554-9',445,3),(795,'Perfect Family, The','espagnol',2003,254,2,'352911710-2',308,1),(796,'Walt & El Grupo','allemand',1997,680,4,'868387109-6',179,1),(797,'And Life Goes On (a.k.a. Life and Nothing More) (Zendegi va digar hich)','amricain',2007,28,1,'695528971-3',435,2),(798,'Mr. Moto in Danger Island','russe',1999,68,3,'671587210-4',398,1),(799,'Black Rainbow','allemand',2010,351,3,'834016658-1',484,1),(800,'6 Souls (Shelter)','ukrainien',2010,559,3,'831341841-9',34,3),(801,'High Spirits','amricain',2010,108,3,'257138757-X',379,2),(802,'Formula, The','russe',1941,191,4,'308040788-1',279,3),(803,'I Saw the Sun (Gnesi grdm)','russe',2002,833,4,'628563525-0',499,4),(804,'Thank You, Mr. Moto','italien',1999,599,2,'530062159-5',361,1),(805,'Faster Pussycat! Kill! Kill!','allemand',2009,143,3,'875923498-9',224,1),(806,'Asterix vs. Caesar (Astrix et la surprise de Csar)','russe',1987,125,2,'937143087-7',230,4),(807,'Good Ol\' Freda','allemand',2006,944,1,'193786055-8',305,3),(808,'Underground: The Julian Assange Story','amricain',1994,387,4,'664220025-X',274,4),(809,'North & South','espagnol',2012,855,2,'171549631-0',312,3),(810,'Garden, The','allemand',2001,640,2,'442842451-5',244,4),(811,'Wonderland','allemand',2004,906,4,'311791156-1',376,3),(812,'An Amazing Couple','russe',1999,303,2,'423291218-5',173,4),(813,'Slave Ship','allemand',2005,190,2,'091510823-2',480,4),(814,'Gates of Heaven','amricain',2008,439,3,'193430628-2',354,4),(815,'Snapshot','ukrainien',1985,217,3,'585490409-8',345,4),(816,'Sirocco','amricain',2007,343,4,'473047678-6',291,3),(817,'The Big Flame','espagnol',1997,71,2,'043292606-2',83,3),(818,'Testament','russe',2012,149,3,'327303865-9',227,3),(819,'Wild and Wonderful Whites of West Virginia, The','espagnol',1978,835,3,'899947443-7',226,1),(820,'Tokyo Twilight (Tky boshoku)','amricain',1992,973,1,'157998190-9',121,2),(821,'Coming Home','allemand',2012,794,1,'600918403-7',457,4),(822,'Absent (Ausente)','russe',1987,740,1,'346817032-7',156,1),(823,'A Smoky Mountain Christmas','espagnol',1991,923,4,'669202235-5',118,1),(824,'Dead of Winter','allemand',2008,592,1,'039280753-X',329,3),(825,'Golem, The (Golem, wie er in die Welt kam, Der)','espagnol',1995,916,2,'438393478-1',260,3),(826,'Coming Down the Mountain','espagnol',2003,197,2,'249895318-3',206,2),(827,'Het Vonnis','allemand',1929,159,4,'900017514-3',133,1),(828,'Duck, You Sucker (a.k.a. Fistful of Dynamite, A) (Gi la testa)','russe',2001,732,4,'519038660-0',469,1),(829,'Right America: Feeling Wronged - Some Voices from the Campaign Trail ','amricain',1997,605,2,'435180178-6',413,1),(830,'Thief and the Cobbler, The (a.k.a. Arabian Knight)','amricain',2012,595,1,'178266941-8',347,4),(831,'Tales That Witness Madness','amricain',2007,379,3,'578345530-X',92,2),(832,'SuperBabies: Baby Geniuses 2','espagnol',2004,175,2,'806638820-9',187,1),(833,'Tukkijoella','amricain',1989,791,1,'115194117-4',190,3),(834,'War Comes to America (Why We Fight, 7)','espagnol',2009,910,2,'435040825-8',257,2),(835,'Inspector General, The','italien',2007,390,4,'313065598-0',36,3),(836,'Ruling Class, The','allemand',2007,386,3,'087541264-5',391,3),(837,'North Dallas Forty','allemand',1924,294,4,'361844289-0',363,4),(838,'Desperation','allemand',2007,847,2,'593706315-5',68,3),(839,'Gaslight','franais',2002,332,1,'837466272-7',146,1),(840,'My Boyfriends\' Dogs','allemand',2000,492,2,'776537838-4',201,1),(841,'Turner & Hooch','russe',2006,877,3,'328910297-1',36,1),(842,'In Harm\'s Way','espagnol',1985,411,1,'699971900-4',18,4),(843,'Kingdom II, The (Riget II)','amricain',1992,522,3,'342762544-3',355,3),(844,'The Green Prince','espagnol',2011,896,3,'457003045-9',85,3),(845,'Knights of the Round Table','russe',1999,800,4,'002218074-5',270,1),(846,'Planet B-Boy','ukrainien',1984,244,4,'952165177-6',498,2),(847,'Open Hearts (Elsker dig for evigt)','allemand',1993,660,2,'792079189-8',244,2),(848,'My Neighbor Totoro (Tonari no Totoro)','amricain',2007,228,1,'904362679-1',456,4),(849,'Art of War III: Retribution, The','allemand',1999,623,2,'480238041-0',311,3),(850,'Just Ask My Children','espagnol',2007,592,3,'409923974-8',31,3),(851,'Night Crossing','espagnol',2003,555,2,'302996354-3',416,4),(852,'Thomasine & Bushrod','allemand',2010,459,2,'522238614-7',388,4),(853,'Saphead, The','espagnol',1992,734,3,'027437151-0',261,1),(854,'River Why, The','espagnol',2007,893,4,'666554394-3',72,4),(855,'Merry Widow, The','russe',1995,765,2,'242279366-5',303,2),(856,'Hound of the Baskervilles, The','allemand',1977,221,3,'128757353-3',282,3),(857,'Federal Hill','ukrainien',1988,272,1,'097163975-2',87,1),(858,'Terminator, The','franais',1998,10,2,'444423079-7',286,3),(859,'Sex and the Single Girl','espagnol',1932,393,3,'125516551-0',411,1),(860,'Undiscovered','franais',1994,421,1,'432152977-8',377,4),(861,'Shadow Kill','espagnol',1994,2,1,'931280283-6',475,4),(862,'Congress, The','russe',1993,63,1,'407627926-3',108,2),(863,'Snake River Desperadoes','amricain',1989,597,1,'870710503-7',147,1),(864,'Mother Ksters Goes to Heaven (Mutter Ksters\' Fahrt zum Himmel)','allemand',1993,16,2,'505029301-4',284,2),(865,'Fantasy Mission Force (Mi ni te gong dui)','amricain',2006,466,4,'315111348-6',86,4),(866,'My Darling Clementine','allemand',2009,629,3,'642258243-9',484,2),(867,'Don McKay','russe',1994,303,3,'497734694-7',105,4),(868,'5 Broken Cameras','russe',1921,995,1,'667262468-6',395,1),(869,'Dead Man\'s Walk','allemand',1928,391,2,'661943466-5',62,2),(870,'Children of Nature (Brn nttrunnar)','amricain',1986,252,3,'651897185-1',320,2),(871,'X-Files: Fight the Future, The','amricain',2009,74,3,'443708271-0',55,3),(872,'Three (Tri)','franais',1976,650,3,'175705855-9',330,4),(873,'Fat People (Gordos)','allemand',2001,761,1,'034178170-3',155,1),(874,'Crow, The: Wicked Prayer','italien',1990,563,3,'894372885-9',495,3),(875,'Home Page','espagnol',1992,309,2,'791511118-3',116,2),(876,'Silence, The (Das letzte Schweigen)','amricain',1980,932,3,'007225396-7',132,1),(877,'Hellraiser: Deader','amricain',1985,29,2,'734713489-7',344,2),(878,'Unforgettable Summer, An (Un t inoubliable)','espagnol',2001,400,3,'581174289-4',22,2),(879,'End of the Game (Der Richter und sein Henker)','espagnol',2012,847,3,'645932858-7',351,4),(880,'Peanuts - Die Bank zahlt alles','amricain',2000,307,2,'929626687-4',486,3),(881,'Death Takes a Holiday','espagnol',2008,155,3,'023047695-3',208,1),(882,'Caveman','russe',2007,72,4,'680737388-0',366,2),(883,'Sound of Insects, The','amricain',1974,137,3,'461648995-5',77,3),(884,'Six Days','italien',2010,810,3,'078253230-6',364,4),(885,'Good Guys and the Bad Guys, The','allemand',1985,558,3,'499060707-4',232,3),(886,'Cannibal Holocaust','espagnol',1992,745,2,'123967226-8',264,2),(887,'Beat the Devil','ukrainien',1988,182,1,'113611852-7',103,2),(888,'Cat Concerto, The','amricain',1966,733,4,'974995324-X',467,3),(889,'Living on One Dollar','espagnol',2007,462,4,'833188044-7',377,1),(890,'North','amricain',1906,460,1,'042511642-5',473,1),(891,'Radiohead: Meeting People Is Easy','amricain',2000,928,2,'350337842-1',331,4),(892,'Public Woman, The (Femme publique, La)','espagnol',1954,971,2,'227060827-5',422,2),(893,'Maryam','amricain',1993,250,4,'708417302-1',438,1),(894,'Time Machine, The','allemand',2006,484,4,'668062083-X',116,4),(895,'Crossroads','allemand',1906,432,4,'642631312-2',203,3),(896,'Skyfall','espagnol',2011,903,2,'507246459-8',339,2),(897,'Kamchatka','ukrainien',2007,255,2,'595095458-0',414,1),(898,'Twonky, The','allemand',2016,78,2,'269988247-X',351,2),(899,'Yanks','amricain',2002,139,4,'577539947-1',298,1),(900,'Flow: For Love of Water','amricain',2012,661,4,'501760775-7',100,4),(901,'Emigrants, The (Utvandrarna)','allemand',2011,469,1,'091809823-8',472,1),(902,'Hackers','espagnol',1994,788,2,'611376919-4',312,2),(903,'Tales of the Grim Sleeper','franais',1993,137,1,'044133419-9',272,1),(904,'Promises','italien',2005,406,3,'747084248-9',331,1),(905,'The Voices','italien',1973,986,2,'846844165-1',475,1),(906,'Swan and the Wanderer, The (Kulkuri ja joutsen)','amricain',1993,23,1,'326074977-2',354,2),(907,'Terminal Man, The','russe',1992,588,1,'110200773-0',391,1),(908,'My Favorite Martian','russe',1991,545,2,'268747286-7',138,1),(909,'Marksman, The','franais',1999,590,4,'649198722-1',34,4),(910,'Woman In Berlin, A (Anonyma - Eine Frau in Berlin)','allemand',2006,601,3,'959389997-9',267,2),(911,'Eight Days a Week','espagnol',1997,238,4,'179443728-2',453,1),(912,'Buck Privates','allemand',1993,402,3,'702065314-6',108,1),(913,'Around the World','russe',1999,302,4,'514167678-1',210,2),(914,'Paleface, The','russe',2001,235,2,'963019159-8',82,1),(915,'Graduate, The','allemand',1994,845,4,'810644089-3',254,4),(916,'I Shot a Man in Vegas','russe',2004,479,1,'450666504-X',405,2),(917,'Visions of Europe','italien',2008,846,4,'205069160-2',399,4),(918,'Dinosaur 13','russe',1993,443,2,'525237840-1',406,1),(919,'Where the Rivers Flow North','allemand',2002,171,1,'840896764-9',69,2),(920,'Card Player, The (Il cartaio)','russe',2001,47,2,'338781997-8',313,1),(921,'10 MPH','franais',1961,285,3,'271894465-X',230,3),(922,'Luca, Luca (Hija del canbal, La)','italien',1918,670,2,'219123713-4',391,1),(923,'High Heels and Low Lifes','russe',2000,553,4,'016727482-1',434,3),(924,'Girasoli, I (Sunflower)','amricain',2010,907,4,'146169562-7',312,2),(925,'Where Do We Go Now?','allemand',2012,831,1,'382375044-5',270,1),(926,'American Raspberry (Prime Time) (Funny America)','amricain',2009,201,1,'924473859-7',201,2),(927,'The Orkly Kid','ukrainien',2015,336,3,'853587758-4',305,1),(928,'Stardust','russe',2008,576,4,'634916890-9',383,1),(929,'Dragon (Wu Xia)','allemand',1993,712,4,'908467082-5',218,2),(930,'Part of the Weekend Never Dies','allemand',1997,200,3,'895382179-7',292,3),(931,'DOA: Dead or Alive','russe',2007,198,1,'911826747-5',295,2),(932,'Nixon','franais',1932,23,2,'334996176-2',120,2),(933,'Battle for Brooklyn','italien',2005,300,1,'129433154-X',17,4),(934,'Last Laugh, The (Letzte Mann, Der)','franais',1994,14,2,'373083015-5',349,4),(935,'Midnight Crossing','italien',2002,502,3,'958546922-7',58,1),(936,'Grayeagle','amricain',1960,390,4,'519805650-2',435,3),(937,'English Surgeon, The','espagnol',1994,107,1,'126143846-9',180,2),(938,'Mulholland Falls','allemand',1981,4,3,'753635475-4',492,3),(939,'Black Snake Moan','espagnol',2005,903,4,'730499167-4',157,1),(940,'Funny Man, A (Dirch)','franais',2004,55,1,'690946067-7',441,2),(941,'Neo Ned','amricain',2008,639,2,'592069870-5',383,2),(942,'Little Nemo: Adventures in Slumberland','allemand',1934,801,3,'361504518-1',204,4),(943,'Brenda Starr','amricain',2011,580,3,'525330007-4',418,3),(944,'Ghoul, The','russe',2005,27,4,'622114517-1',225,1),(945,'Life is a Bed of Roses (Vie est un roman, La)','espagnol',2002,295,1,'547429631-2',173,2),(946,'Bte humaine, La','amricain',2012,731,4,'680404785-0',183,4),(947,'Married Life','russe',1999,121,3,'511752346-6',106,2),(948,'Lunopolis','espagnol',2007,981,4,'997299992-0',29,1),(949,'Kimberly','espagnol',1943,372,3,'088607119-4',454,4),(950,'United States of Secrets (Part One): The Program','espagnol',1966,717,1,'703272963-0',303,2),(951,'Butterfly on a Wheel (Shattered)','ukrainien',2004,270,1,'490966336-3',85,2),(952,'Foreign Correspondent','franais',2010,431,4,'946053609-3',25,4),(953,'Angels in the Outfield','espagnol',1931,597,1,'890194338-7',153,1),(954,'Day a Pig Fell Into the Well, The (Daijiga umule pajinnal)','allemand',2008,973,2,'593213969-2',271,1),(955,'Suburban Gothic','espagnol',1928,564,3,'069747736-3',122,4),(956,'Young Guns II','ukrainien',2011,372,2,'586725451-8',230,1),(957,'Akeelah and the Bee','espagnol',1986,435,4,'865344134-4',127,3),(958,'Four Stories of St. Julian ','espagnol',1948,567,1,'617529785-7',274,2),(959,'Spring Breakers','allemand',2006,545,2,'399711466-8',352,1),(960,'Pendulum','allemand',2005,678,4,'414666146-3',219,3),(961,'James and the Giant Peach','franais',1997,262,4,'737572071-1',362,2),(962,'Jack the Ripper','italien',2012,233,4,'098394628-0',25,3),(963,'Raven, The','allemand',2010,766,3,'675258171-1',322,2),(964,'Square, The (Al Midan)','amricain',2003,674,1,'781067770-5',90,2),(965,'Kitchen Party','russe',1994,426,1,'704123108-9',416,2),(966,'Retroactive','franais',1934,42,4,'081552035-2',444,4),(967,'Army of Shadows (L\'arme des ombres)','espagnol',1993,179,1,'578418567-5',290,3),(968,'Hot Rods to Hell','amricain',1924,14,2,'844672537-1',352,1),(969,'Love Loves Coincidences','espagnol',1921,224,4,'059880025-5',69,1),(970,'Battle of Britain, The (Why We Fight, 4)','amricain',2011,89,1,'540476581-X',220,4),(971,'Trust the Man','russe',1989,109,3,'949989040-8',396,2),(972,'Two Hands','franais',2008,48,4,'705595055-4',162,4),(973,'Prozac Nation','italien',2008,612,2,'634846000-2',303,4),(974,'Downhill','espagnol',1933,874,2,'969158456-5',420,4),(975,'In the Mood For Love (Fa yeung nin wa)','espagnol',1998,488,3,'634976087-5',56,1),(976,'Shrek the Third','russe',1996,697,2,'489607043-7',497,1),(977,'Purge (Puhdistus)','russe',1999,102,4,'110907062-4',166,1),(978,'Allegheny Uprising','espagnol',1967,113,4,'512942616-9',302,2),(979,'Blue','amricain',2007,754,3,'952757397-1',6,2),(980,'Kids','espagnol',1996,930,3,'078073295-2',494,4),(981,'Cry, The (Grido, Il)','amricain',1991,675,3,'457260130-5',430,4),(982,'Devil in a Blue Dress','autre',2012,339,2,'142246976-X',475,1),(983,'Black or White','italien',1991,327,3,'283523143-9',84,1),(984,'Pornography (Pornografia)','allemand',2001,330,1,'660083383-1',401,3),(985,'Albatross','ukrainien',1993,409,3,'829555694-0',332,4),(986,'Equilibrium','espagnol',1943,274,1,'968275170-5',427,2),(987,'Csar','espagnol',1993,810,1,'036539383-5',306,4),(988,'Funny Bones','amricain',2009,806,4,'079855977-2',400,2),(989,'Our Music (Notre musique)','russe',2013,689,3,'944198623-2',176,4),(990,'Knight\'s Tale, A','russe',1992,561,4,'228710604-9',496,2),(991,'Fierce Light: When Spirit Meets Action','amricain',2006,946,4,'749893386-1',44,2),(992,'Bionicle: The Legend Reborn','franais',1985,593,1,'599047567-5',345,4),(993,'Emmanuel\'s Gift','russe',2010,40,1,'415035706-4',446,1),(994,'White Bird in a Blizzard','russe',2009,752,1,'252460524-8',380,2),(995,'Even Angels Eat Beans','franais',2011,915,3,'231392491-2',57,2),(996,'Haunting of Molly Hartley, The','ukrainien',1935,567,3,'869276209-1',135,2),(997,'Bringing Out the Dead','allemand',2006,211,3,'172454573-6',372,2),(998,'Holy Matrimony','espagnol',2009,672,3,'665655695-7',422,1),(999,'Lesbian Vampire Killers','espagnol',2004,549,2,'615775103-7',362,2),(1000,'Johnny Mad Dog','amricain',1947,486,3,'518136560-4',52,2);
/*!40000 ALTER TABLE `livre` ENABLE KEYS */;
UNLOCK TABLES;

--
-- Table structure for table `theme`
--

DROP TABLE IF EXISTS `theme`;
/*!40101 SET @saved_cs_client     = @@character_set_client */;
/*!40101 SET character_set_client = utf8 */;
CREATE TABLE `theme` (
  `id` int(11) NOT NULL AUTO_INCREMENT,
  `theme` varchar(50) NOT NULL,
  PRIMARY KEY (`id`)
) ENGINE=InnoDB AUTO_INCREMENT=6 DEFAULT CHARSET=utf8mb4 COLLATE=utf8mb4_general_ci;
/*!40101 SET character_set_client = @saved_cs_client */;

--
-- Dumping data for table `theme`
--

LOCK TABLES `theme` WRITE;
/*!40000 ALTER TABLE `theme` DISABLE KEYS */;
INSERT INTO `theme` VALUES (1,'Aventure'),(2,'Fantastique'),(3,'Policier'),(4,'Science-fiction'),(5,'Roman');
/*!40000 ALTER TABLE `theme` ENABLE KEYS */;
UNLOCK TABLES;

--
-- Dumping routines for database 'biblio4_prof'
--
/*!50003 SET @saved_sql_mode       = @@sql_mode */ ;
/*!50003 SET sql_mode              = 'STRICT_TRANS_TABLES,ERROR_FOR_DIVISION_BY_ZERO,NO_AUTO_CREATE_USER,NO_ENGINE_SUBSTITUTION' */ ;
/*!50003 DROP FUNCTION IF EXISTS `date_aleatoire` */;
/*!50003 SET @saved_cs_client      = @@character_set_client */ ;
/*!50003 SET @saved_cs_results     = @@character_set_results */ ;
/*!50003 SET @saved_col_connection = @@collation_connection */ ;
/*!50003 SET character_set_client  = utf8mb3 */ ;
/*!50003 SET character_set_results = utf8mb3 */ ;
/*!50003 SET collation_connection  = utf8mb3_general_ci */ ;
DELIMITER ;;
CREATE DEFINER=`root`@`localhost` FUNCTION `date_aleatoire`(date_min DATE, date_max DATE) RETURNS date
BEGIN
RETURN (
        SELECT
            DATE(
                DATE_ADD(
                    date_min,
                    INTERVAL FLOOR(
                        RAND() * DATEDIFF(date_max, date_min)
                    ) DAY
                )
            )
    );

END ;;
DELIMITER ;
/*!50003 SET sql_mode              = @saved_sql_mode */ ;
/*!50003 SET character_set_client  = @saved_cs_client */ ;
/*!50003 SET character_set_results = @saved_cs_results */ ;
/*!50003 SET collation_connection  = @saved_col_connection */ ;
/*!50003 SET @saved_sql_mode       = @@sql_mode */ ;
/*!50003 SET sql_mode              = 'STRICT_TRANS_TABLES,ERROR_FOR_DIVISION_BY_ZERO,NO_AUTO_CREATE_USER,NO_ENGINE_SUBSTITUTION' */ ;
/*!50003 DROP FUNCTION IF EXISTS `date_aleatoire_nullable` */;
/*!50003 SET @saved_cs_client      = @@character_set_client */ ;
/*!50003 SET @saved_cs_results     = @@character_set_results */ ;
/*!50003 SET @saved_col_connection = @@collation_connection */ ;
/*!50003 SET character_set_client  = utf8mb3 */ ;
/*!50003 SET character_set_results = utf8mb3 */ ;
/*!50003 SET collation_connection  = utf8mb3_general_ci */ ;
DELIMITER ;;
CREATE DEFINER=`root`@`localhost` FUNCTION `date_aleatoire_nullable`(date_min DATE, date_max DATE) RETURNS date
BEGIN DECLARE alea FLOAT;

SET alea = rand();

IF alea < 0.5 THEN RETURN NULL;

ELSE RETURN date_aleatoire(date_min, date_max);

END IF;

END ;;
DELIMITER ;
/*!50003 SET sql_mode              = @saved_sql_mode */ ;
/*!50003 SET character_set_client  = @saved_cs_client */ ;
/*!50003 SET character_set_results = @saved_cs_results */ ;
/*!50003 SET collation_connection  = @saved_col_connection */ ;
/*!50003 SET @saved_sql_mode       = @@sql_mode */ ;
/*!50003 SET sql_mode              = 'STRICT_TRANS_TABLES,ERROR_FOR_DIVISION_BY_ZERO,NO_AUTO_CREATE_USER,NO_ENGINE_SUBSTITUTION' */ ;
/*!50003 DROP FUNCTION IF EXISTS `GET_RANDOM_NATIONALITE` */;
/*!50003 SET @saved_cs_client      = @@character_set_client */ ;
/*!50003 SET @saved_cs_results     = @@character_set_results */ ;
/*!50003 SET @saved_col_connection = @@collation_connection */ ;
/*!50003 SET character_set_client  = utf8mb3 */ ;
/*!50003 SET character_set_results = utf8mb3 */ ;
/*!50003 SET collation_connection  = utf8mb3_general_ci */ ;
DELIMITER ;;
CREATE DEFINER=`root`@`localhost` FUNCTION `GET_RANDOM_NATIONALITE`() RETURNS varchar(50) CHARSET utf8mb4 COLLATE utf8mb4_general_ci
BEGIN 
	DECLARE nationalite VARCHAR(50);
	DECLARE alea FLOAT;
	SET alea = rand();
	SET
	    nationalite = case
	        when alea < 0.1 then 'belge'
	        when alea < 0.2 then 'franais'
	        when alea < 0.3 then 'amricain'
	        when alea < 0.4 then 'allemand'
	        when alea < 0.5 then 'russe'
	        when alea < 0.6 then 'ukrainien'
	        when alea < 0.7 then 'italien'
	        when alea < 0.8 then 'espagnol'
	        else 'autre'
END; 

RETURN nationalite;

END ;;
DELIMITER ;
/*!50003 SET sql_mode              = @saved_sql_mode */ ;
/*!50003 SET character_set_client  = @saved_cs_client */ ;
/*!50003 SET character_set_results = @saved_cs_results */ ;
/*!50003 SET collation_connection  = @saved_col_connection */ ;
/*!50003 SET @saved_sql_mode       = @@sql_mode */ ;
/*!50003 SET sql_mode              = 'STRICT_TRANS_TABLES,ERROR_FOR_DIVISION_BY_ZERO,NO_AUTO_CREATE_USER,NO_ENGINE_SUBSTITUTION' */ ;
/*!50003 DROP FUNCTION IF EXISTS `nombre_aleatoire` */;
/*!50003 SET @saved_cs_client      = @@character_set_client */ ;
/*!50003 SET @saved_cs_results     = @@character_set_results */ ;
/*!50003 SET @saved_col_connection = @@collation_connection */ ;
/*!50003 SET character_set_client  = utf8mb3 */ ;
/*!50003 SET character_set_results = utf8mb3 */ ;
/*!50003 SET collation_connection  = utf8mb3_general_ci */ ;
DELIMITER ;;
CREATE DEFINER=`root`@`localhost` FUNCTION `nombre_aleatoire`(nombre_min INT, nombre_max INT) RETURNS int(11)
BEGIN
RETURN (
        SELECT
            FLOOR(
                RAND() * (nombre_max - nombre_min + 1)
            ) + nombre_min
    );

END ;;
DELIMITER ;
/*!50003 SET sql_mode              = @saved_sql_mode */ ;
/*!50003 SET character_set_client  = @saved_cs_client */ ;
/*!50003 SET character_set_results = @saved_cs_results */ ;
/*!50003 SET collation_connection  = @saved_col_connection */ ;
/*!50003 SET @saved_sql_mode       = @@sql_mode */ ;
/*!50003 SET sql_mode              = 'STRICT_TRANS_TABLES,ERROR_FOR_DIVISION_BY_ZERO,NO_AUTO_CREATE_USER,NO_ENGINE_SUBSTITUTION' */ ;
/*!50003 DROP FUNCTION IF EXISTS `populate_emprunt` */;
/*!50003 SET @saved_cs_client      = @@character_set_client */ ;
/*!50003 SET @saved_cs_results     = @@character_set_results */ ;
/*!50003 SET @saved_col_connection = @@collation_connection */ ;
/*!50003 SET character_set_client  = utf8mb3 */ ;
/*!50003 SET character_set_results = utf8mb3 */ ;
/*!50003 SET collation_connection  = utf8mb3_general_ci */ ;
DELIMITER ;;
CREATE DEFINER=`root`@`localhost` FUNCTION `populate_emprunt`(nombre_emprunts INT) RETURNS varchar(255) CHARSET utf8mb4 COLLATE utf8mb4_general_ci
BEGIN DECLARE i INT DEFAULT 0;

DECLARE date_emprunt DATE;

DECLARE date_retour DATE;

DECLARE nombre_lecteurs INT;

DECLARE nombre_exemplaires INT;

DECLARE lecteur_id INT;

DECLARE exemplaire_id INT;

SELECT COUNT(*) INTO nombre_lecteurs FROM lecteur;

SELECT COUNT(*) INTO nombre_exemplaires FROM exemplaire;

IF nombre_exemplaires > 0 THEN
WHILE i < nombre_emprunts
DO
SET date_emprunt = (
        SELECT
            date_aleatoire('2022-01-01', CURRENT_DATE())
    );

SET date_retour = (
        SELECT
            date_aleatoire_nullable(date_emprunt, CURRENT_DATE())
    );

SET lecteur_id = (
        SELECT
            nombre_aleatoire(1, nombre_lecteurs)
    );

SET @exemplaire_id = (
        SELECT
            nombre_aleatoire(1, nombre_exemplaires)
    );

WHILE
    @exemplaire_id IN (
        SELECT exemplaire_id
        FROM emprunt
        WHERE
            date_retour IS NULL
            AND exemplaire_id = @exemplaire_id
    )
DO
SET
    @exemplaire_id = (
        SELECT
            nombre_aleatoire(1, nombre_exemplaires)
    );

END WHILE;

INSERT INTO
    emprunt (
        date_emprunt,
        date_retour,
        lecteur_id,
        exemplaire_id
    )
VALUES (
        date_emprunt,
        date_retour,
        lecteur_id,
        @exemplaire_id
    );

SET i = i + 1;

END WHILE;

ELSE SET nombre_emprunts = 0;

END IF;

RETURN
    CONCAT(
        nombre_emprunts,
        ' emprunts alatoires ont t ajouts  la table emprunt'
    );

END ;;
DELIMITER ;
/*!50003 SET sql_mode              = @saved_sql_mode */ ;
/*!50003 SET character_set_client  = @saved_cs_client */ ;
/*!50003 SET character_set_results = @saved_cs_results */ ;
/*!50003 SET collation_connection  = @saved_col_connection */ ;
/*!50003 SET @saved_sql_mode       = @@sql_mode */ ;
/*!50003 SET sql_mode              = 'STRICT_TRANS_TABLES,ERROR_FOR_DIVISION_BY_ZERO,NO_AUTO_CREATE_USER,NO_ENGINE_SUBSTITUTION' */ ;
/*!50003 DROP FUNCTION IF EXISTS `populate_exemplaire` */;
/*!50003 SET @saved_cs_client      = @@character_set_client */ ;
/*!50003 SET @saved_cs_results     = @@character_set_results */ ;
/*!50003 SET @saved_col_connection = @@collation_connection */ ;
/*!50003 SET character_set_client  = utf8mb3 */ ;
/*!50003 SET character_set_results = utf8mb3 */ ;
/*!50003 SET collation_connection  = utf8mb3_general_ci */ ;
DELIMITER ;;
CREATE DEFINER=`root`@`localhost` FUNCTION `populate_exemplaire`(nombre_exemplaires INT) RETURNS varchar(255) CHARSET utf8mb4 COLLATE utf8mb4_general_ci
BEGIN DECLARE i INT DEFAULT 1;

DECLARE reference VARCHAR(50) ;

DECLARE rayon VARCHAR(50) ;

DECLARE date_acquisition DATE ;

DECLARE etat VARCHAR(50);

DECLARE est_perdu BOOLEAN;



DECLARE nombre_livres INT;

SELECT COUNT(*) INTO nombre_livres FROM livre;

SET est_perdu = 0;



IF nombre_livres > 0
AND nombre_exemplaires <= nombre_livres THEN
WHILE
    i <= nombre_exemplaires
DO
SET
    reference = CONCAT('REF', i);

SET rayon = CONCAT('RAYON', i);

SET date_acquisition = (
        SELECT
            date_aleatoire('2022-01-01', CURRENT_DATE())
    );

SET
    etat = case
        when rand() < 0.1 then 'mauvais'
        when rand() < 0.2 then 'bon'
        when rand() < 0.3 then 'neuf'
        else 'moyen'
        
    END;

SET @livre_id = (SELECT nombre_aleatoire(1,nombre_livres));

WHILE @livre_id IN (
        SELECT livre_id
        FROM exemplaire
    )
DO
SET @livre_id = (
        SELECT
            nombre_aleatoire(1, nombre_livres)
    );

END WHILE;

INSERT INTO
    exemplaire (
        reference,
        rayon,
        date_acquisition,
        etat,
        est_perdu,
        livre_id
    )
VALUES (
        reference,
        rayon,
        date_acquisition,
        etat,
        est_perdu,
        @livre_id
    );

SET i = i + 1;

END WHILE;

ELSE SET nombre_exemplaires = 0;

END IF;

RETURN
    CONCAT(
        nombre_exemplaires,
        ' exemplaires alatoires ont t ajouts  la table exemplaire'
    );

END ;;
DELIMITER ;
/*!50003 SET sql_mode              = @saved_sql_mode */ ;
/*!50003 SET character_set_client  = @saved_cs_client */ ;
/*!50003 SET character_set_results = @saved_cs_results */ ;
/*!50003 SET collation_connection  = @saved_col_connection */ ;
/*!40103 SET TIME_ZONE=@OLD_TIME_ZONE */;

/*!40101 SET SQL_MODE=@OLD_SQL_MODE */;
/*!40014 SET FOREIGN_KEY_CHECKS=@OLD_FOREIGN_KEY_CHECKS */;
/*!40014 SET UNIQUE_CHECKS=@OLD_UNIQUE_CHECKS */;
/*!40101 SET CHARACTER_SET_CLIENT=@OLD_CHARACTER_SET_CLIENT */;
/*!40101 SET CHARACTER_SET_RESULTS=@OLD_CHARACTER_SET_RESULTS */;
/*!40101 SET COLLATION_CONNECTION=@OLD_COLLATION_CONNECTION */;
/*!40111 SET SQL_NOTES=@OLD_SQL_NOTES */;

-- Dump completed on 2022-12-20 16:34:21
