-- MariaDB dump 10.19  Distrib 10.6.11-MariaDB, for debian-linux-gnu (x86_64)
--
-- Host: localhost    Database: biblio4_prof
-- ------------------------------------------------------
-- Server version	10.6.11-MariaDB-0ubuntu0.22.04.1

/*!40101 SET @OLD_CHARACTER_SET_CLIENT=@@CHARACTER_SET_CLIENT */;
/*!40101 SET @OLD_CHARACTER_SET_RESULTS=@@CHARACTER_SET_RESULTS */;
/*!40101 SET @OLD_COLLATION_CONNECTION=@@COLLATION_CONNECTION */;
/*!40101 SET NAMES utf8mb4 */;
/*!40103 SET @OLD_TIME_ZONE=@@TIME_ZONE */;
/*!40103 SET TIME_ZONE='+00:00' */;
/*!40014 SET @OLD_UNIQUE_CHECKS=@@UNIQUE_CHECKS, UNIQUE_CHECKS=0 */;
/*!40014 SET @OLD_FOREIGN_KEY_CHECKS=@@FOREIGN_KEY_CHECKS, FOREIGN_KEY_CHECKS=0 */;
/*!40101 SET @OLD_SQL_MODE=@@SQL_MODE, SQL_MODE='NO_AUTO_VALUE_ON_ZERO' */;
/*!40111 SET @OLD_SQL_NOTES=@@SQL_NOTES, SQL_NOTES=0 */;

--
-- Current Database: `biblio4_prof`
--

CREATE DATABASE /*!32312 IF NOT EXISTS*/ `biblio4_prof` /*!40100 DEFAULT CHARACTER SET utf8mb4 COLLATE utf8mb4_general_ci */;

USE `biblio4_prof`;

--
-- Table structure for table `auteur`
--

DROP TABLE IF EXISTS `auteur`;
/*!40101 SET @saved_cs_client     = @@character_set_client */;
/*!40101 SET character_set_client = utf8 */;
CREATE TABLE `auteur` (
  `id` int(11) NOT NULL AUTO_INCREMENT,
  `nom` varchar(50) NOT NULL,
  `prenom` varchar(50) NOT NULL,
  `date_naissance` date DEFAULT NULL,
  `nationalite` varchar(50) DEFAULT NULL,
  PRIMARY KEY (`id`)
) ENGINE=InnoDB AUTO_INCREMENT=501 DEFAULT CHARSET=utf8mb4 COLLATE=utf8mb4_general_ci;
/*!40101 SET character_set_client = @saved_cs_client */;

--
-- Dumping data for table `auteur`
--

LOCK TABLES `auteur` WRITE;
/*!40000 ALTER TABLE `auteur` DISABLE KEYS */;
INSERT INTO `auteur` VALUES (1,'Leven','Holli','1981-10-10',NULL),(2,'Mauchline','Gabe','2013-08-14',NULL),(3,'Silwood','Vaughan','1980-10-08',NULL),(4,'Kitchener','Merline','1976-12-29',NULL),(5,'Cattermull','Levi','1992-08-29',NULL),(6,'Grimme','Lucho','1954-04-28',NULL),(7,'Pennino','Curt','1971-08-19',NULL),(8,'Deluce','Deck','1981-03-07',NULL),(9,'Rothermel','Lynna','1977-01-06',NULL),(10,'MacHostie','Danyelle','1991-07-17',NULL),(11,'Linstead','Mimi','2012-08-24',NULL),(12,'Benterman','Hyacinthe','2010-08-13',NULL),(13,'Pirkis','Drake','2001-02-20',NULL),(14,'Vigar','Mandel','1959-11-07',NULL),(15,'Bottom','Man','1973-11-01',NULL),(16,'Basili','Leann','1975-08-15',NULL),(17,'Etock','Brinna','2006-08-05',NULL),(18,'Marqyes','Shelbi','1964-02-08',NULL),(19,'Wegener','Brinn','1978-10-01',NULL),(20,'Mozzini','Donnie','1987-06-06',NULL),(21,'Chatters','Amye','1986-11-23',NULL),(22,'Bernardoux','Francesca','1958-03-09',NULL),(23,'Starte','Tabatha','2008-03-28',NULL),(24,'Bulloch','Vania','1960-08-21',NULL),(25,'Herety','Shannah','1956-06-21',NULL),(26,'Marchington','Forrester','1950-06-12',NULL),(27,'Prestedge','Derrick','1996-10-21',NULL),(28,'Downse','Aarika','1990-09-13',NULL),(29,'Devanny','Thomasina','2013-01-27',NULL),(30,'Cutbirth','Jere','1951-04-11',NULL),(31,'Sporner','Cassi','1959-02-24',NULL),(32,'Blastock','Mylo','1991-12-03',NULL),(33,'Trenoweth','Manuel','2004-02-27',NULL),(34,'Dudson','Flin','1967-01-09',NULL),(35,'Peploe','Filmer','2000-08-24',NULL),(36,'Giovanardi','Leslie','1960-02-28',NULL),(37,'Saywell','Rafa','1976-11-11',NULL),(38,'Meir','Jamesy','1989-10-30',NULL),(39,'Jewett','Corabelle','2004-07-24',NULL),(40,'Bagguley','Giuseppe','1975-04-25',NULL),(41,'Welldrake','Bren','1976-11-20',NULL),(42,'Toor','Celestyna','2008-06-28',NULL),(43,'Goss','Merrilee','1969-10-16',NULL),(44,'Di Carli','Ainslee','2001-06-27',NULL),(45,'Aslin','Cchaddie','1956-01-22',NULL),(46,'Walklot','Anett','1953-10-30',NULL),(47,'Gawith','Prentice','1950-12-22',NULL),(48,'Beamond','Elwood','2007-05-18',NULL),(49,'Tregust','Maynard','1977-12-18',NULL),(50,'Janauschek','Donovan','1981-09-09',NULL),(51,'Jeans','Hebert','1960-07-23',NULL),(52,'Lasseter','Elianore','1971-09-23',NULL),(53,'Giral','Julianne','1962-12-15',NULL),(54,'Priscott','Angelika','2013-08-04',NULL),(55,'Keatch','Aurel','1973-02-04',NULL),(56,'Rummins','Mayor','2002-09-14',NULL),(57,'Minget','Claudie','1952-03-23',NULL),(58,'O\'Shavlan','Melony','1995-01-06',NULL),(59,'Van Rembrandt','Enriqueta','1976-05-25',NULL),(60,'Souter','Audy','2010-12-10',NULL),(61,'Branthwaite','Taddeo','1983-07-09',NULL),(62,'Maden','Starla','1998-10-07',NULL),(63,'Johnikin','Erin','1965-04-12',NULL),(64,'Wreiford','Page','2008-02-02',NULL),(65,'Look','Grata','2002-08-12',NULL),(66,'Chittem','Helen-elizabeth','1974-10-16',NULL),(67,'Ferrino','Tobey','1980-02-13',NULL),(68,'Caulfield','Tommi','1962-03-22',NULL),(69,'Lansdown','Aguste','1984-10-01',NULL),(70,'Candish','Modesty','1959-02-01',NULL),(71,'Humfrey','Norton','1955-03-07',NULL),(72,'Ferrao','Karolina','2012-08-19',NULL),(73,'Gamell','Rosalie','1991-08-17',NULL),(74,'Donati','Tilda','1970-03-26',NULL),(75,'Sharma','Imojean','1990-04-15',NULL),(76,'Tirrey','Sylas','1962-09-25',NULL),(77,'Stratford','Toddy','1956-10-22',NULL),(78,'Esslement','Vladimir','2009-11-01',NULL),(79,'Yoell','Cloris','1972-10-03',NULL),(80,'Blakey','Mei','2012-04-10',NULL),(81,'Osorio','Howey','2001-02-05',NULL),(82,'Wannop','Ilysa','1954-09-03',NULL),(83,'Albion','Eugenia','2012-01-26',NULL),(84,'Bischoff','Felecia','1990-04-30',NULL),(85,'de Quesne','Harlin','1965-06-04',NULL),(86,'Pickthorn','Anabal','1970-02-22',NULL),(87,'Gosson','Gunner','2004-06-12',NULL),(88,'Beglin','Julie','1969-10-17',NULL),(89,'Huckle','Chevalier','2013-08-21',NULL),(90,'Handmore','Blakeley','1952-10-19',NULL),(91,'Jelf','Arlen','1965-01-31',NULL),(92,'Skelding','Elias','1953-01-10',NULL),(93,'Sarginson','Sabra','1983-11-19',NULL),(94,'Arber','Felicio','1982-05-02',NULL),(95,'Gunson','Babita','2010-01-08',NULL),(96,'Millimoe','Steffen','1961-02-04',NULL),(97,'Heaviside','Maybelle','1953-06-03',NULL),(98,'Hannigan','Northrup','1997-10-24',NULL),(99,'Leal','Teddy','1986-10-19',NULL),(100,'Stannah','Aleksandr','1990-07-25',NULL),(101,'Carlick','Darci','1978-05-31',NULL),(102,'Tithecote','Leone','1970-05-16',NULL),(103,'Gegg','Adoree','1966-08-15',NULL),(104,'Brittin','Mylo','1971-12-26',NULL),(105,'Limbourne','Kerry','2010-01-24',NULL),(106,'Duffie','Any','1992-05-15',NULL),(107,'Shanahan','Bartie','1981-08-27',NULL),(108,'Deacock','Frederik','1981-02-26',NULL),(109,'Nibley','Rik','2010-10-28',NULL),(110,'Sudell','Claudian','1968-08-25',NULL),(111,'Fisbey','Gale','1988-10-07',NULL),(112,'Mangeney','Ulrich','1959-11-24',NULL),(113,'Megson','Smith','2011-03-06',NULL),(114,'Linning','Veronika','1970-03-12',NULL),(115,'Nowakowski','Allene','1995-06-10',NULL),(116,'Ovendale','Zelig','1988-08-11',NULL),(117,'Bulbeck','Sharl','2006-09-27',NULL),(118,'Connechie','Ashley','1989-11-09',NULL),(119,'Humbell','Abdul','1979-01-26',NULL),(120,'Morsey','Jerry','1975-10-10',NULL),(121,'McVrone','Kenneth','1991-08-29',NULL),(122,'Tindle','Camille','1952-12-22',NULL),(123,'Martinek','Onofredo','1967-11-26',NULL),(124,'Hodgin','Marlo','1966-08-02',NULL),(125,'Baynton','Kasey','1979-03-19',NULL),(126,'Fosdick','Alister','1982-04-22',NULL),(127,'Maslen','Therine','1959-11-21',NULL),(128,'Schankel','Minni','1966-07-11',NULL),(129,'Tatton','Layla','2002-12-17',NULL),(130,'Crighton','Stirling','1973-03-25',NULL),(131,'Staneland','Westbrook','1971-04-08',NULL),(132,'Flagg','Currie','1986-08-24',NULL),(133,'Ferneyhough','Sigmund','2005-06-03',NULL),(134,'Ellum','Cleveland','1989-03-04',NULL),(135,'Clipsham','Gordy','1979-08-05',NULL),(136,'Brackstone','Edee','1980-06-14',NULL),(137,'Mathie','Audrey','2013-06-23',NULL),(138,'Chetwin','Mitchel','1984-01-12',NULL),(139,'Ipsley','Elisabet','1993-09-19',NULL),(140,'Theobold','Blake','2002-06-29',NULL),(141,'Cramb','Johnath','1953-04-22',NULL),(142,'Balsellie','Eldin','2001-01-19',NULL),(143,'Roddick','Arron','2003-05-08',NULL),(144,'Pittoli','Leelah','1999-08-04',NULL),(145,'Heersma','Ennis','1973-11-24',NULL),(146,'Lace','Emmy','1984-09-20',NULL),(147,'Aronson','Neall','1987-11-29',NULL),(148,'Woodall','Kerry','1971-05-23',NULL),(149,'Burgisi','Oralia','2007-03-22',NULL),(150,'Mea','Tully','1979-12-05',NULL),(151,'Searston','Gweneth','1991-12-24',NULL),(152,'Jeacock','Pasquale','2006-02-09',NULL),(153,'Gulliford','Gail','1976-08-12',NULL),(154,'Roderighi','Hagen','1978-09-25',NULL),(155,'Dziwisz','Daryle','2013-10-29',NULL),(156,'Vinck','Olimpia','1990-12-07',NULL),(157,'Cotilard','Saidee','1963-03-11',NULL),(158,'Swarbrigg','Allys','1957-02-21',NULL),(159,'Van der Mark','Chelsae','2010-02-22',NULL),(160,'d\' Elboux','Natalya','1973-04-19',NULL),(161,'Peploe','Gilberto','1950-01-22',NULL),(162,'Karpov','Ashely','2008-05-24',NULL),(163,'Prescot','Ruy','1985-10-18',NULL),(164,'Guerre','Reagen','1953-10-17',NULL),(165,'Crofthwaite','Vivian','1989-08-02',NULL),(166,'Darlison','Mill','2008-07-19',NULL),(167,'Monier','Bancroft','1995-12-23',NULL),(168,'Blundan','Constantino','2004-03-26',NULL),(169,'Gillio','Malva','1955-03-31',NULL),(170,'Foulis','Raychel','2005-07-08',NULL),(171,'Beaton','Ellen','1955-11-09',NULL),(172,'Durnill','Michelle','2004-09-19',NULL),(173,'Saleway','Marina','1950-01-12',NULL),(174,'Durnin','Katrina','1978-01-02',NULL),(175,'Pinsent','Ofelia','1961-12-03',NULL),(176,'Hadigate','Kellia','1989-08-08',NULL),(177,'O\'Cannovane','Roxana','1984-03-29',NULL),(178,'Greeveson','Hollis','2002-05-27',NULL),(179,'Barnardo','Gusella','1981-04-14',NULL),(180,'Lush','Myrlene','2013-03-22',NULL),(181,'Staresmeare','Grayce','1980-03-30',NULL),(182,'Beernt','Aguste','1975-07-23',NULL),(183,'Kunze','Sheelah','1987-01-22',NULL),(184,'Mainstone','Sib','1994-08-14',NULL),(185,'Liverseege','Karrah','1997-11-30',NULL),(186,'Trencher','Giffy','1991-09-21',NULL),(187,'McGroarty','Orville','1950-11-11',NULL),(188,'De La Haye','Kendricks','1957-02-23',NULL),(189,'Saffen','Harrietta','1983-02-24',NULL),(190,'Fernanando','Selle','1966-04-19',NULL),(191,'Androck','Abey','1996-01-17',NULL),(192,'Maylor','Donnell','2003-05-02',NULL),(193,'Westoll','Bink','1950-07-12',NULL),(194,'Hugin','Dotty','1984-08-21',NULL),(195,'Cattermull','Melvin','1993-08-12',NULL),(196,'Prew','Kariotta','2000-02-25',NULL),(197,'Ghidoli','Theobald','2005-11-30',NULL),(198,'Grabham','Corrina','1951-02-13',NULL),(199,'Pittman','Benjamin','1979-11-09',NULL),(200,'O\'Kinneally','Sigfried','1967-11-30',NULL),(201,'Benza','Addison','2013-12-29',NULL),(202,'Betho','Corty','1960-03-27',NULL),(203,'Stang-Gjertsen','Trumann','2001-03-14',NULL),(204,'Pomroy','Laetitia','1983-04-18',NULL),(205,'Steade','Solly','1962-11-11',NULL),(206,'Durkin','Anny','1978-06-06',NULL),(207,'Mertsching','Rabi','1989-07-23',NULL),(208,'Freckelton','Lanita','1998-07-02',NULL),(209,'Blanpein','Becky','2009-10-31',NULL),(210,'Airy','Sabine','1975-08-29',NULL),(211,'Dunton','Brinn','1962-10-16',NULL),(212,'Anfonsi','Kippy','2000-12-25',NULL),(213,'Habbergham','Isahella','1974-07-16',NULL),(214,'Sellner','Robinett','1983-09-28',NULL),(215,'Biffen','Sheilakathryn','1981-01-31',NULL),(216,'Johnsson','Whitney','2004-03-17',NULL),(217,'Lumsden','Zulema','1999-10-14',NULL),(218,'Henriksson','Arabele','1972-04-16',NULL),(219,'Albery','Virgil','1976-02-10',NULL),(220,'Trump','Ruperto','2013-09-02',NULL),(221,'Fazackerley','Ailbert','1998-01-08',NULL),(222,'Bohman','Gene','1999-02-02',NULL),(223,'Shemilt','Larissa','1987-05-22',NULL),(224,'Rangell','June','1989-09-01',NULL),(225,'Lowerson','Franny','1972-03-05',NULL),(226,'Simester','Devonna','2005-11-18',NULL),(227,'Alflatt','Duke','1970-11-14',NULL),(228,'Bedlington','Godart','1950-09-18',NULL),(229,'Nancekivell','Rae','1954-12-13',NULL),(230,'Tatford','Davy','1972-08-12',NULL),(231,'Austing','Gretchen','1984-03-18',NULL),(232,'Magister','Homer','1989-03-22',NULL),(233,'Howerd','Alene','1979-06-21',NULL),(234,'McDiarmid','Tobi','1979-09-05',NULL),(235,'Normadell','Candis','2009-12-26',NULL),(236,'Sapwell','Clotilda','1968-11-23',NULL),(237,'Antal','Harman','1992-07-10',NULL),(238,'Butner','Moises','1977-12-04',NULL),(239,'Juares','Querida','1962-01-20',NULL),(240,'Cormack','Neille','1990-06-28',NULL),(241,'Cone','Nicolette','1988-04-15',NULL),(242,'Salter','Dannie','1955-12-21',NULL),(243,'Diffley','Desi','1992-12-26',NULL),(244,'Pollins','Emylee','1955-01-08',NULL),(245,'Claughton','Dru','1974-02-19',NULL),(246,'Cokayne','Hyacinthie','1991-08-18',NULL),(247,'Carcas','Janel','1957-09-25',NULL),(248,'McKee','Hyacintha','1991-10-11',NULL),(249,'Waeland','Alexa','2007-09-07',NULL),(250,'Ubsdell','Gearard','1985-02-01',NULL),(251,'Gladeche','Nealy','1952-05-21',NULL),(252,'Tiffin','Laurianne','1984-09-03',NULL),(253,'Critzen','Vincents','1988-03-16',NULL),(254,'Prescot','Jobina','1973-01-01',NULL),(255,'McClune','Buiron','1950-05-26',NULL),(256,'Hastwell','Linda','2010-12-27',NULL),(257,'Clair','Howard','1997-09-26',NULL),(258,'Szwarc','Crawford','2005-09-19',NULL),(259,'Upson','Corbett','1957-05-16',NULL),(260,'Hudleston','Phedra','2011-09-20',NULL),(261,'Guthrum','Ruddy','1980-06-22',NULL),(262,'Philipson','Gerek','1981-03-20',NULL),(263,'Bastone','Gayle','1950-08-29',NULL),(264,'Fuente','Linzy','1987-08-24',NULL),(265,'Scotter','Carlotta','2008-03-30',NULL),(266,'Stiff','Sophey','2000-04-14',NULL),(267,'Mulvin','Colly','1962-09-10',NULL),(268,'Pietesch','Bartolemo','1990-08-07',NULL),(269,'Chalcot','Tiler','1986-12-04',NULL),(270,'Cicchetto','Carlie','2012-10-27',NULL),(271,'Jeffers','Tyson','1961-05-01',NULL),(272,'Robbert','Herby','2010-03-13',NULL),(273,'Ruggs','Ilario','1960-12-26',NULL),(274,'Laban','Harrie','1952-05-05',NULL),(275,'Bale','Matty','1992-10-03',NULL),(276,'Sebrook','Emmi','1964-10-02',NULL),(277,'Burtwell','Anatollo','1959-07-03',NULL),(278,'Plevin','Collie','1953-03-30',NULL),(279,'Hawking','Hugh','2001-09-15',NULL),(280,'Marner','Lorain','2006-10-22',NULL),(281,'Burriss','Leann','1950-12-01',NULL),(282,'Hagstone','Nefen','1976-02-29',NULL),(283,'Norwich','Evaleen','1950-01-23',NULL),(284,'Wilmington','Oralia','1999-10-27',NULL),(285,'Ellacott','Aaron','2006-11-28',NULL),(286,'Pettingill','Addie','1957-01-30',NULL),(287,'Longea','Lindy','2006-09-07',NULL),(288,'Heister','Karilynn','1956-03-03',NULL),(289,'Blaszczynski','Eleonora','2002-10-21',NULL),(290,'Dicke','Rory','2003-07-03',NULL),(291,'Billson','Nerta','1995-02-07',NULL),(292,'Scallon','Nickolaus','1951-01-04',NULL),(293,'Arboine','Calhoun','2011-09-25',NULL),(294,'Dwelling','Bobette','1999-08-21',NULL),(295,'Teodoro','Alain','2012-12-26',NULL),(296,'Wilsey','Roscoe','1988-01-09',NULL),(297,'Farmiloe','Gram','1951-02-24',NULL),(298,'Edmans','Gleda','1969-09-03',NULL),(299,'Iashvili','Jorge','1980-12-04',NULL),(300,'Fetherstone','Addison','1981-08-11',NULL),(301,'Primrose','Kellen','1951-04-11',NULL),(302,'Dundon','Wendell','1989-07-15',NULL),(303,'Strode','Nadine','1951-11-08',NULL),(304,'Ainslie','Laurette','1968-08-30',NULL),(305,'Coxhead','Eveline','1973-10-03',NULL),(306,'Denman','Margot','2012-10-13',NULL),(307,'Passion','Evaleen','2000-08-28',NULL),(308,'Clemoes','Cissy','1950-12-07',NULL),(309,'Eisig','Vinson','1994-09-09',NULL),(310,'Wick','Wendye','1978-08-25',NULL),(311,'Romeuf','Cirilo','1959-03-05',NULL),(312,'Meineken','Bartlett','1973-12-01',NULL),(313,'Hertwell','Joy','1978-01-27',NULL),(314,'Cisneros','Drew','1954-08-10',NULL),(315,'Giacobazzi','Emylee','1952-10-24',NULL),(316,'Nys','Kaiser','1950-04-03',NULL),(317,'Blaine','Emelda','2006-10-28',NULL),(318,'Rooms','Tiff','1977-05-10',NULL),(319,'Melsom','Sal','1980-04-21',NULL),(320,'Winspar','Bert','1955-06-17',NULL),(321,'Pannett','Lonnie','1950-05-17',NULL),(322,'Purry','Shermie','1999-06-30',NULL),(323,'De Cristoforo','Kellen','2004-05-09',NULL),(324,'Pavlov','Fee','2009-04-15',NULL),(325,'Colloff','Wallace','1955-05-17',NULL),(326,'O\' Gara','Lavinia','1991-01-03',NULL),(327,'Malin','Barron','2010-11-30',NULL),(328,'Baudasso','Barbie','2003-07-19',NULL),(329,'Lindwasser','Vivyan','1970-12-29',NULL),(330,'Casford','Belva','1958-04-28',NULL),(331,'Eglinton','Kirsten','1992-08-19',NULL),(332,'Sentance','Blake','2010-03-12',NULL),(333,'Sanchis','Reginald','1995-01-26',NULL),(334,'Sabatier','Christen','1994-10-07',NULL),(335,'Alenikov','Broddy','1974-08-16',NULL),(336,'Djuricic','Dorise','2002-10-27',NULL),(337,'Solland','Ethe','2012-03-26',NULL),(338,'Lawlan','Barbe','1974-09-14',NULL),(339,'Pakenham','Renie','1950-10-24',NULL),(340,'Roycroft','Berty','2007-12-14',NULL),(341,'Whybray','Sadie','1981-04-29',NULL),(342,'Iacobetto','Eloise','1996-10-08',NULL),(343,'Sholem','Vladamir','1961-11-13',NULL),(344,'Capron','Filmore','1997-01-13',NULL),(345,'Drissell','Consuelo','1957-07-28',NULL),(346,'Oxton','Lu','1974-10-02',NULL),(347,'Allanson','Mike','1987-01-18',NULL),(348,'Redler','Janenna','1996-12-23',NULL),(349,'Slemming','Aubrey','2009-09-29',NULL),(350,'Spratt','Coralyn','1979-10-16',NULL),(351,'Kennan','Silvana','1983-09-18',NULL),(352,'Castles','Marian','1965-03-14',NULL),(353,'Jiruch','Polly','1988-11-07',NULL),(354,'Webland','Wilhelm','1970-08-31',NULL),(355,'Pile','Ermentrude','2000-10-08',NULL),(356,'Burdge','Joshia','2013-11-08',NULL),(357,'Borrott','Ollie','1988-12-15',NULL),(358,'Dine-Hart','Liz','1953-03-20',NULL),(359,'Stacey','Burnard','1977-03-20',NULL),(360,'Sawford','Carmita','2012-06-05',NULL),(361,'Amphlett','Augustine','1988-06-27',NULL),(362,'Rumens','Valentijn','1955-02-27',NULL),(363,'Freund','Nannette','1988-04-26',NULL),(364,'Betton','Virgie','1998-02-13',NULL),(365,'Soonhouse','Erhart','2011-08-24',NULL),(366,'Cuthbertson','Gardener','1985-11-12',NULL),(367,'Manvelle','Paola','2008-05-23',NULL),(368,'Wilstead','Torey','2006-05-12',NULL),(369,'Castagna','Kasey','1992-08-17',NULL),(370,'Kensley','Cara','1994-01-19',NULL),(371,'McNevin','Lowell','1978-05-18',NULL),(372,'Hutcheson','Guenevere','1959-09-25',NULL),(373,'Hodjetts','Rice','1977-07-12',NULL),(374,'Massimo','Flem','1994-06-10',NULL),(375,'Faux','Menard','1961-08-14',NULL),(376,'Figgen','Ferd','2002-10-10',NULL),(377,'Brinsford','Loralie','1987-01-04',NULL),(378,'Hassan','Marget','1976-09-23',NULL),(379,'Brilon','Heidi','1972-08-11',NULL),(380,'Lepere','Kaylyn','1982-11-12',NULL),(381,'MacClure','Lorne','1982-06-30',NULL),(382,'Birkmyr','Rebecca','2013-11-15',NULL),(383,'Elliott','Desi','1979-11-21',NULL),(384,'Spaven','Norbert','1971-10-29',NULL),(385,'Callear','Ike','1969-06-14',NULL),(386,'Gerrie','Fairlie','1981-10-16',NULL),(387,'Norker','Stanford','1986-08-05',NULL),(388,'Beahan','Terence','1973-08-05',NULL),(389,'Scrimgeour','Nance','1958-03-12',NULL),(390,'Mathison','Gasparo','1984-03-08',NULL),(391,'Tebbs','Boote','1968-05-04',NULL),(392,'Croydon','Wallis','2003-02-22',NULL),(393,'Klaiser','Paxton','1968-09-12',NULL),(394,'Skitch','Mayer','2012-01-22',NULL),(395,'Hollerin','Ericha','2012-03-12',NULL),(396,'Wonfar','Gwenore','2010-10-22',NULL),(397,'Shenfish','Prissie','2003-06-12',NULL),(398,'Sherratt','Bertina','1970-10-22',NULL),(399,'McCloughlin','Ediva','1957-09-11',NULL),(400,'Camber','Hendrik','1990-01-19',NULL),(401,'McCarty','Dell','1999-03-06',NULL),(402,'Parry','Loy','2011-09-24',NULL),(403,'Janous','Emmet','1983-02-11',NULL),(404,'Feavyour','Conni','1994-05-19',NULL),(405,'Ailmer','Terrye','2008-07-22',NULL),(406,'Wormell','Giana','1981-08-21',NULL),(407,'Tewkesbury.','Hyacintha','1996-07-10',NULL),(408,'Scotchmore','Lemuel','1959-09-13',NULL),(409,'Shilton','Ansel','1986-12-07',NULL),(410,'Sexten','Glenn','1977-07-24',NULL),(411,'Hanaby','Angy','1977-01-03',NULL),(412,'Gazey','Dora','2002-05-11',NULL),(413,'Bellenger','Cicily','2002-10-07',NULL),(414,'Callcott','Celinda','1992-10-01',NULL),(415,'Batchelour','Shayna','2005-06-18',NULL),(416,'Bilyard','Vonnie','1971-01-20',NULL),(417,'Sansam','Benedetta','1952-11-17',NULL),(418,'Stafford','Cristionna','1965-03-28',NULL),(419,'Buckleigh','Konstance','1953-07-19',NULL),(420,'Howell','Adela','1986-01-10',NULL),(421,'Jiggens','Tremain','1991-06-28',NULL),(422,'Flello','Ugo','1985-05-15',NULL),(423,'Sheers','Bellanca','2002-05-16',NULL),(424,'Bagley','Aimee','1977-09-30',NULL),(425,'Krout','Rycca','1995-08-19',NULL),(426,'Wasmer','Zaneta','1966-11-27',NULL),(427,'Klimschak','Selig','1961-08-18',NULL),(428,'Desseine','Matilda','1957-06-09',NULL),(429,'Glentz','Miller','1952-04-21',NULL),(430,'Snowsill','Brenn','2003-03-14',NULL),(431,'Jouanot','Myriam','1953-01-29',NULL),(432,'Bettington','Carroll','1997-10-22',NULL),(433,'Shoveller','Missy','1987-10-19',NULL),(434,'Rushmer','Padget','1995-07-24',NULL),(435,'Rawle','Aldon','2000-05-31',NULL),(436,'Ledgerton','Hart','2001-05-20',NULL),(437,'Kingsnorth','Louisette','1991-09-06',NULL),(438,'Westerman','Emelda','2004-04-01',NULL),(439,'Pieper','Alexandros','1968-03-14',NULL),(440,'Jiricka','Rica','2006-04-03',NULL),(441,'Bremmer','Nickie','1984-09-03',NULL),(442,'Pullan','Dorian','1954-08-07',NULL),(443,'Pavyer','Kelsey','1996-12-23',NULL),(444,'Melling','Sibley','1979-02-02',NULL),(445,'Allon','Johann','1954-07-04',NULL),(446,'Calcut','Latrena','2013-04-08',NULL),(447,'Summerly','Rubetta','1996-10-27',NULL),(448,'Leirmonth','Yves','1994-04-23',NULL),(449,'Sanger','Coletta','1967-01-27',NULL),(450,'Kershaw','Aeriell','1966-06-07',NULL),(451,'Zebedee','Baird','1980-12-11',NULL),(452,'Akram','Adriano','1991-06-08',NULL),(453,'Chesworth','Win','2000-05-01',NULL),(454,'Rippingale','Pavlov','2013-05-11',NULL),(455,'Piburn','Penelope','1987-10-17',NULL),(456,'Jeschner','Sharlene','2012-11-18',NULL),(457,'Frankom','Burke','1959-01-14',NULL),(458,'Pink','Carla','1998-07-17',NULL),(459,'Boshers','Abbot','1973-08-02',NULL),(460,'Deyes','Tilda','1986-04-25',NULL),(461,'Adie','Travers','1996-10-21',NULL),(462,'Ormes','Garry','2011-02-03',NULL),(463,'Kehir','Brittaney','1987-01-13',NULL),(464,'Wingar','Berkie','1951-11-24',NULL),(465,'Dourin','Vivianna','1976-05-19',NULL),(466,'Lipmann','Kelley','2012-03-18',NULL),(467,'Petrasso','Isabel','1989-11-29',NULL),(468,'Reed','Myrah','1962-12-03',NULL),(469,'Eddies','Kristel','1958-11-15',NULL),(470,'Cathersides','Conrade','1955-08-07',NULL),(471,'Arbuckel','Charmian','1951-05-18',NULL),(472,'Aronowitz','Jamima','2004-02-01',NULL),(473,'Hawler','Antonie','1960-04-20',NULL),(474,'Sumption','Ferdinande','1967-03-31',NULL),(475,'Minihan','Druci','2005-04-28',NULL),(476,'Cordner','Earle','1982-11-18',NULL),(477,'Anyon','Joceline','2012-06-06',NULL),(478,'Polson','Zola','1971-07-07',NULL),(479,'Laban','Marilee','1998-04-08',NULL),(480,'Muldownie','Anestassia','1998-10-19',NULL),(481,'Schoenrock','Chandra','1985-03-12',NULL),(482,'Ridder','Felicity','1979-07-27',NULL),(483,'Yesinin','Mackenzie','1992-04-05',NULL),(484,'Andre','Jaime','2008-08-05',NULL),(485,'Limpricht','Kat','1988-03-10',NULL),(486,'Clendennen','Calley','1965-03-03',NULL),(487,'Rivelon','Leland','1975-04-10',NULL),(488,'Grisenthwaite','Alexine','1966-11-10',NULL),(489,'Maultby','Eldon','1958-06-25',NULL),(490,'Le land','Nicky','2005-10-26',NULL),(491,'Mairs','Darryl','2011-08-26',NULL),(492,'Looney','Rock','1962-10-18',NULL),(493,'Middlemass','Pooh','1957-01-10',NULL),(494,'Wilshin','Claudius','2010-10-01',NULL),(495,'Whyborn','Danette','1976-09-01',NULL),(496,'Ducket','Ervin','1965-02-03',NULL),(497,'Bellanger','Mari','2009-06-17',NULL),(498,'Tooze','Karleen','2010-01-06',NULL),(499,'Dine-Hart','Deeyn','2007-09-15',NULL),(500,'Bartolomivis','Cordula','1994-06-21',NULL);
/*!40000 ALTER TABLE `auteur` ENABLE KEYS */;
UNLOCK TABLES;

--
-- Table structure for table `emprunt`
--

DROP TABLE IF EXISTS `emprunt`;
/*!40101 SET @saved_cs_client     = @@character_set_client */;
/*!40101 SET character_set_client = utf8 */;
CREATE TABLE `emprunt` (
  `id` int(11) NOT NULL AUTO_INCREMENT,
  `date_emprunt` date NOT NULL,
  `date_retour` date DEFAULT NULL,
  `lecteur_id` int(11) NOT NULL,
  `exemplaire_id` int(11) NOT NULL,
  PRIMARY KEY (`id`),
  KEY `lecteur_id` (`lecteur_id`),
  KEY `exemplaire_id` (`exemplaire_id`),
  CONSTRAINT `emprunt_ibfk_1` FOREIGN KEY (`lecteur_id`) REFERENCES `lecteur` (`id`),
  CONSTRAINT `emprunt_ibfk_2` FOREIGN KEY (`exemplaire_id`) REFERENCES `exemplaire` (`id`)
) ENGINE=InnoDB AUTO_INCREMENT=101 DEFAULT CHARSET=utf8mb4 COLLATE=utf8mb4_general_ci;
/*!40101 SET character_set_client = @saved_cs_client */;

--
-- Dumping data for table `emprunt`
--

LOCK TABLES `emprunt` WRITE;
/*!40000 ALTER TABLE `emprunt` DISABLE KEYS */;
INSERT INTO `emprunt` VALUES (1,'2022-12-08','2022-12-20',10,42),(2,'2022-05-25','2022-08-07',1,79),(3,'2022-04-19',NULL,9,835),(4,'2022-07-14',NULL,9,995),(5,'2022-05-05','2022-11-03',11,880),(6,'2022-06-07','2022-10-01',4,221),(7,'2022-06-29','2022-11-24',10,519),(8,'2022-09-26',NULL,15,773),(9,'2022-03-05','2022-06-09',16,708),(10,'2022-09-10',NULL,2,175),(11,'2022-07-18',NULL,12,735),(12,'2022-07-06',NULL,10,599),(13,'2022-04-01',NULL,11,830),(14,'2022-03-04',NULL,7,959),(15,'2022-07-02','2022-12-14',12,613),(16,'2022-12-09','2022-12-09',7,767),(17,'2022-08-12','2022-10-05',8,223),(18,'2022-08-11',NULL,9,91),(19,'2022-11-29',NULL,5,164),(20,'2022-12-07',NULL,12,550),(21,'2022-08-17','2022-12-17',2,691),(22,'2022-01-31',NULL,9,552),(23,'2022-03-08',NULL,14,379),(24,'2022-05-08','2022-07-02',4,378),(25,'2022-03-20','2022-05-18',3,91),(26,'2022-01-04','2022-11-07',1,547),(27,'2022-08-11',NULL,10,581),(28,'2022-01-19','2022-06-27',13,512),(29,'2022-03-12',NULL,12,192),(30,'2022-10-14',NULL,16,333),(31,'2022-10-13',NULL,13,684),(32,'2022-02-20','2022-11-24',9,35),(33,'2022-06-30',NULL,11,66),(34,'2022-04-15',NULL,8,617),(35,'2022-08-07',NULL,6,82),(36,'2022-04-23',NULL,13,955),(37,'2022-05-10','2022-10-20',12,537),(38,'2022-06-09','2022-11-24',7,376),(39,'2022-09-04',NULL,11,367),(40,'2022-10-01','2022-11-12',6,56),(41,'2022-04-15',NULL,11,296),(42,'2022-07-15','2022-11-01',14,159),(43,'2022-03-31','2022-05-24',11,660),(44,'2022-04-26','2022-07-07',9,797),(45,'2022-05-08',NULL,16,652),(46,'2022-04-25','2022-07-20',13,954),(47,'2022-05-03','2022-07-11',15,592),(48,'2022-04-04','2022-12-01',16,211),(49,'2022-01-22','2022-03-23',15,920),(50,'2022-11-22','2022-12-03',9,475),(51,'2022-09-24',NULL,8,223),(52,'2022-09-28',NULL,8,835),(53,'2022-10-12','2022-10-22',4,632),(54,'2022-06-29','2022-10-26',8,388),(55,'2022-06-19',NULL,12,809),(56,'2022-12-02',NULL,12,776),(57,'2022-08-15','2022-10-07',8,215),(58,'2022-07-28',NULL,13,886),(59,'2022-02-21',NULL,15,453),(60,'2022-06-11','2022-07-27',7,437),(61,'2022-11-13',NULL,2,979),(62,'2022-08-11',NULL,3,90),(63,'2022-01-10','2022-03-25',9,877),(64,'2022-11-03','2022-12-17',9,855),(65,'2022-08-31','2022-09-29',12,913),(66,'2022-04-29','2022-10-04',9,748),(67,'2022-01-29',NULL,9,306),(68,'2022-10-31',NULL,5,260),(69,'2022-06-19','2022-10-10',4,327),(70,'2022-11-27','2022-12-12',3,855),(71,'2022-10-10',NULL,12,415),(72,'2022-10-31',NULL,11,22),(73,'2022-03-21',NULL,10,860),(74,'2022-06-20','2022-10-24',16,768),(75,'2022-11-28',NULL,2,377),(76,'2022-07-20','2022-11-21',15,222),(77,'2022-04-25','2022-11-07',4,632),(78,'2022-06-29','2022-10-21',6,865),(79,'2022-03-21','2022-03-22',7,69),(80,'2022-02-01',NULL,16,38),(81,'2022-04-25','2022-09-08',6,865),(82,'2022-05-15',NULL,7,156),(83,'2022-07-05',NULL,4,511),(84,'2022-12-09',NULL,11,335),(85,'2022-09-09','2022-11-11',8,349),(86,'2022-05-29',NULL,16,840),(87,'2022-03-12',NULL,14,633),(88,'2022-09-10','2022-09-30',1,419),(89,'2022-01-28',NULL,8,801),(90,'2022-08-29','2022-12-11',10,256),(91,'2022-06-19','2022-10-23',9,715),(92,'2022-11-18',NULL,5,272),(93,'2022-06-15','2022-07-21',7,505),(94,'2022-04-05','2022-06-24',2,461),(95,'2022-01-25','2022-08-22',5,458),(96,'2022-06-15','2022-09-04',5,994),(97,'2022-03-09','2022-06-11',12,507),(98,'2022-06-05','2022-06-15',4,30),(99,'2022-06-04',NULL,3,637),(100,'2022-08-08',NULL,2,11);
/*!40000 ALTER TABLE `emprunt` ENABLE KEYS */;
UNLOCK TABLES;

--
-- Table structure for table `exemplaire`
--

DROP TABLE IF EXISTS `exemplaire`;
/*!40101 SET @saved_cs_client     = @@character_set_client */;
/*!40101 SET character_set_client = utf8 */;
CREATE TABLE `exemplaire` (
  `id` int(11) NOT NULL AUTO_INCREMENT,
  `reference` varchar(50) NOT NULL,
  `rayon` varchar(50) NOT NULL,
  `date_acquisition` date NOT NULL,
  `etat` varchar(50) NOT NULL,
  `est_perdu` tinyint(1) NOT NULL DEFAULT 0,
  `livre_id` int(11) NOT NULL,
  PRIMARY KEY (`id`),
  UNIQUE KEY `reference` (`reference`),
  KEY `livre_id` (`livre_id`),
  CONSTRAINT `exemplaire_ibfk_1` FOREIGN KEY (`livre_id`) REFERENCES `livre` (`id`)
) ENGINE=InnoDB AUTO_INCREMENT=1001 DEFAULT CHARSET=utf8mb4 COLLATE=utf8mb4_general_ci;
/*!40101 SET character_set_client = @saved_cs_client */;

--
-- Dumping data for table `exemplaire`
--

LOCK TABLES `exemplaire` WRITE;
/*!40000 ALTER TABLE `exemplaire` DISABLE KEYS */;
INSERT INTO `exemplaire` VALUES (1,'REF-1299410','RAYON-91','2022-02-19','moyen',0,629),(2,'REF-6737247','RAYON-49','2022-05-21','moyen',0,175),(3,'REF-3483200','RAYON-22','2022-01-17','neuf',0,204),(4,'REF-7603238','RAYON-20','2022-08-26','neuf',0,888),(5,'REF-8350897','RAYON-52','2022-01-19','neuf',0,287),(6,'REF-6979397','RAYON-64','2022-01-21','moyen',0,602),(7,'REF-8162379','RAYON-28','2022-11-30','neuf',0,775),(8,'REF-1521473','RAYON-44','2022-09-14','moyen',0,623),(9,'REF-9931575','RAYON-10','2022-07-02','moyen',0,596),(10,'REF-8564992','RAYON-50','2022-11-19','mauvais',0,914),(11,'REF-6867380','RAYON-70','2022-05-26','moyen',0,297),(12,'REF-5252973','RAYON-74','2022-02-11','moyen',0,422),(13,'REF-9154268','RAYON-32','2022-10-14','bon',0,613),(14,'REF-8213765','RAYON-27','2022-11-07','moyen',0,647),(15,'REF-6205023','RAYON-17','2022-12-06','moyen',0,849),(16,'REF-9061428','RAYON-99','2022-03-16','neuf',0,947),(17,'REF-8828187','RAYON-58','2022-03-22','moyen',0,866),(18,'REF-5147376','RAYON-98','2022-04-30','moyen',0,190),(19,'REF-7968516','RAYON-42','2022-09-02','neuf',0,437),(20,'REF-5103757','RAYON-25','2022-08-31','moyen',0,21),(21,'REF-3602515','RAYON-75','2022-08-09','neuf',0,64),(22,'REF-2966088','RAYON-30','2022-07-20','bon',0,842),(23,'REF-3175859','RAYON-7','2022-05-11','bon',0,4),(24,'REF-9987033','RAYON-99','2022-11-19','moyen',0,32),(25,'REF-8659446','RAYON-24','2022-07-23','bon',0,744),(26,'REF-9947745','RAYON-75','2022-09-16','neuf',0,496),(27,'REF-4832099','RAYON-93','2022-03-09','moyen',0,636),(28,'REF-1673445','RAYON-94','2022-02-24','neuf',0,448),(29,'REF-4622355','RAYON-97','2022-06-12','moyen',0,791),(30,'REF-7105466','RAYON-19','2022-09-30','neuf',0,515),(31,'REF-2559880','RAYON-74','2022-11-22','bon',0,374),(32,'REF-4976339','RAYON-37','2022-05-01','bon',0,152),(33,'REF-463966','RAYON-78','2022-09-21','moyen',0,535),(34,'REF-7887977','RAYON-35','2022-04-30','moyen',0,605),(35,'REF-637617','RAYON-51','2022-04-28','neuf',0,228),(36,'REF-8679080','RAYON-66','2022-08-29','bon',0,139),(37,'REF-7957988','RAYON-57','2022-06-01','moyen',0,171),(38,'REF-9745808','RAYON-37','2022-11-08','moyen',0,823),(39,'REF-3328274','RAYON-20','2022-12-14','neuf',0,705),(40,'REF-6683106','RAYON-23','2022-02-18','mauvais',0,998),(41,'REF-1858421','RAYON-94','2022-02-12','moyen',0,21),(42,'REF-6379311','RAYON-13','2022-09-12','neuf',0,138),(43,'REF-2978056','RAYON-8','2022-06-23','moyen',0,226),(44,'REF-8220952','RAYON-44','2022-09-08','bon',0,366),(45,'REF-3370120','RAYON-59','2022-11-29','neuf',0,189),(46,'REF-6041080','RAYON-46','2022-06-12','moyen',0,972),(47,'REF-7022674','RAYON-60','2022-11-07','moyen',0,786),(48,'REF-7377859','RAYON-34','2022-06-07','moyen',0,988),(49,'REF-6749155','RAYON-42','2022-01-16','moyen',0,276),(50,'REF-1862479','RAYON-11','2022-12-09','moyen',0,60),(51,'REF-5801103','RAYON-73','2022-11-06','moyen',0,907),(52,'REF-4458083','RAYON-52','2022-03-18','bon',0,135),(53,'REF-9952618','RAYON-58','2022-11-06','neuf',0,641),(54,'REF-6958324','RAYON-56','2022-09-03','neuf',0,778),(55,'REF-3459939','RAYON-40','2022-12-03','neuf',0,473),(56,'REF-4312872','RAYON-74','2022-05-23','moyen',0,661),(57,'REF-5713753','RAYON-88','2022-08-25','moyen',0,225),(58,'REF-4945163','RAYON-80','2022-06-28','bon',0,306),(59,'REF-4717905','RAYON-45','2022-10-12','bon',0,408),(60,'REF-7325799','RAYON-44','2022-01-01','neuf',0,287),(61,'REF-4249722','RAYON-27','2022-01-19','bon',0,617),(62,'REF-8204206','RAYON-26','2022-10-11','moyen',0,169),(63,'REF-486075','RAYON-74','2022-07-11','moyen',0,777),(64,'REF-9682708','RAYON-52','2022-08-18','moyen',0,202),(65,'REF-3174573','RAYON-99','2022-12-05','neuf',0,519),(66,'REF-2777095','RAYON-84','2022-04-30','neuf',0,87),(67,'REF-4117811','RAYON-80','2022-09-26','neuf',0,1000),(68,'REF-8733689','RAYON-37','2022-03-19','moyen',0,684),(69,'REF-7995186','RAYON-95','2022-05-02','moyen',0,268),(70,'REF-8655855','RAYON-53','2022-01-10','moyen',0,97),(71,'REF-4023898','RAYON-73','2022-05-23','bon',0,149),(72,'REF-7817048','RAYON-47','2022-12-07','neuf',0,424),(73,'REF-2340477','RAYON-91','2022-10-11','bon',0,262),(74,'REF-1147949','RAYON-80','2022-08-03','moyen',0,612),(75,'REF-6787246','RAYON-56','2022-09-27','moyen',0,539),(76,'REF-1429677','RAYON-10','2022-01-25','mauvais',0,958),(77,'REF-7313519','RAYON-79','2022-09-16','moyen',0,995),(78,'REF-1639590','RAYON-84','2022-09-04','moyen',0,473),(79,'REF-6486740','RAYON-83','2022-03-06','moyen',0,914),(80,'REF-235396','RAYON-38','2022-10-15','moyen',0,688),(81,'REF-6480698','RAYON-18','2022-12-03','moyen',0,926),(82,'REF-3321845','RAYON-89','2022-05-29','moyen',0,354),(83,'REF-3706655','RAYON-80','2022-10-31','neuf',0,518),(84,'REF-9173086','RAYON-4','2022-05-29','moyen',0,727),(85,'REF-8911070','RAYON-28','2022-09-05','moyen',0,559),(86,'REF-303646','RAYON-48','2022-04-12','mauvais',0,821),(87,'REF-5999048','RAYON-54','2022-11-13','moyen',0,352),(88,'REF-1773981','RAYON-84','2022-08-12','moyen',0,927),(89,'REF-9902665','RAYON-18','2022-11-09','moyen',0,530),(90,'REF-5271458','RAYON-5','2022-08-22','moyen',0,982),(91,'REF-6325492','RAYON-22','2022-03-08','moyen',0,259),(92,'REF-7063275','RAYON-76','2022-08-24','mauvais',0,139),(93,'REF-9192439','RAYON-19','2022-02-22','neuf',0,939),(94,'REF-8657361','RAYON-52','2022-12-09','neuf',0,125),(95,'REF-5729103','RAYON-50','2022-09-20','moyen',0,308),(96,'REF-4108224','RAYON-14','2022-05-31','moyen',0,400),(97,'REF-4304449','RAYON-96','2022-06-20','moyen',0,508),(98,'REF-2738429','RAYON-85','2022-05-26','neuf',0,972),(99,'REF-8280207','RAYON-23','2022-08-18','moyen',0,8),(100,'REF-9882193','RAYON-92','2022-08-10','moyen',0,357),(101,'REF-2787948','RAYON-33','2022-10-07','moyen',0,785),(102,'REF-552405','RAYON-93','2022-06-06','neuf',0,105),(103,'REF-8614959','RAYON-100','2022-05-18','neuf',0,41),(104,'REF-1376540','RAYON-57','2022-05-28','moyen',0,558),(105,'REF-2796267','RAYON-73','2022-10-05','moyen',0,62),(106,'REF-3551927','RAYON-60','2022-11-14','neuf',0,99),(107,'REF-8968458','RAYON-19','2022-03-30','moyen',0,719),(108,'REF-3060735','RAYON-38','2022-12-07','moyen',0,794),(109,'REF-4486731','RAYON-87','2022-12-11','moyen',0,165),(110,'REF-1033738','RAYON-3','2022-10-15','moyen',0,317),(111,'REF-3277554','RAYON-70','2022-06-15','moyen',0,609),(112,'REF-7609182','RAYON-98','2022-08-06','moyen',0,615),(113,'REF-5959117','RAYON-14','2022-11-11','mauvais',0,456),(114,'REF-7424187','RAYON-35','2022-06-24','neuf',0,195),(115,'REF-649219','RAYON-75','2022-06-29','bon',0,796),(116,'REF-7703942','RAYON-47','2022-01-06','moyen',0,628),(117,'REF-656714','RAYON-45','2022-01-11','moyen',0,86),(118,'REF-9750641','RAYON-62','2022-03-01','neuf',0,667),(119,'REF-4891622','RAYON-45','2022-09-26','bon',0,687),(120,'REF-1725796','RAYON-81','2022-06-24','mauvais',0,4),(121,'REF-5000051','RAYON-49','2022-12-01','moyen',0,549),(122,'REF-794533','RAYON-76','2022-07-01','bon',0,134),(123,'REF-9180518','RAYON-19','2022-03-08','moyen',0,641),(124,'REF-3583770','RAYON-87','2022-04-06','neuf',0,685),(125,'REF-3023790','RAYON-46','2022-05-18','moyen',0,963),(126,'REF-2904448','RAYON-57','2022-12-06','mauvais',0,694),(127,'REF-6807952','RAYON-33','2022-07-25','moyen',0,14),(128,'REF-2900265','RAYON-42','2022-03-05','neuf',0,732),(129,'REF-6490533','RAYON-6','2022-04-19','moyen',0,402),(130,'REF-4634732','RAYON-12','2022-03-04','bon',0,180),(131,'REF-8337161','RAYON-63','2022-08-16','moyen',0,3),(132,'REF-778796','RAYON-39','2022-08-25','bon',0,46),(133,'REF-9925937','RAYON-83','2022-02-26','bon',0,647),(134,'REF-4465681','RAYON-30','2022-02-15','moyen',0,741),(135,'REF-8779215','RAYON-17','2022-03-15','bon',0,154),(136,'REF-7778273','RAYON-43','2022-10-14','moyen',0,560),(137,'REF-7872340','RAYON-26','2022-11-24','moyen',0,584),(138,'REF-4291251','RAYON-40','2022-08-31','bon',0,221),(139,'REF-6468077','RAYON-58','2022-11-25','neuf',0,588),(140,'REF-3251639','RAYON-87','2022-05-03','moyen',0,178),(141,'REF-8233461','RAYON-59','2022-06-11','moyen',0,39),(142,'REF-579738','RAYON-18','2022-09-06','neuf',0,552),(143,'REF-1972398','RAYON-34','2022-01-25','moyen',0,509),(144,'REF-7411503','RAYON-18','2022-08-28','bon',0,265),(145,'REF-2453491','RAYON-44','2022-06-03','bon',0,825),(146,'REF-3607064','RAYON-33','2022-07-18','moyen',0,510),(147,'REF-6108889','RAYON-53','2022-10-12','moyen',0,802),(148,'REF-9018883','RAYON-11','2022-10-20','moyen',0,419),(149,'REF-1124138','RAYON-31','2022-03-11','mauvais',0,352),(150,'REF-6430499','RAYON-16','2022-11-04','neuf',0,224),(151,'REF-5813166','RAYON-24','2022-06-05','bon',0,703),(152,'REF-8399462','RAYON-10','2022-11-28','moyen',0,392),(153,'REF-2038207','RAYON-85','2022-08-06','moyen',0,259),(154,'REF-3913829','RAYON-19','2022-09-15','mauvais',0,260),(155,'REF-3648021','RAYON-5','2022-02-15','bon',0,717),(156,'REF-8793449','RAYON-25','2022-08-02','moyen',0,690),(157,'REF-8127920','RAYON-100','2022-07-09','neuf',0,469),(158,'REF-1119591','RAYON-16','2022-06-03','moyen',0,591),(159,'REF-33415','RAYON-25','2022-03-20','bon',0,456),(160,'REF-8763223','RAYON-2','2022-06-09','moyen',0,673),(161,'REF-6824230','RAYON-40','2022-11-22','moyen',0,5),(162,'REF-2795243','RAYON-39','2022-01-28','neuf',0,629),(163,'REF-935775','RAYON-59','2022-08-12','bon',0,619),(164,'REF-2068959','RAYON-18','2022-04-09','moyen',0,638),(165,'REF-5252971','RAYON-72','2022-01-01','moyen',0,472),(166,'REF-1402799','RAYON-29','2022-01-06','bon',0,738),(167,'REF-9608019','RAYON-60','2022-01-28','neuf',0,903),(168,'REF-3584144','RAYON-9','2022-05-01','moyen',0,171),(169,'REF-2094162','RAYON-54','2022-01-20','bon',0,773),(170,'REF-2867939','RAYON-12','2022-09-16','moyen',0,916),(171,'REF-5219234','RAYON-87','2022-09-25','moyen',0,177),(172,'REF-5621443','RAYON-29','2022-09-13','neuf',0,534),(173,'REF-3072013','RAYON-94','2022-09-24','moyen',0,956),(174,'REF-9314111','RAYON-80','2022-02-27','neuf',0,981),(175,'REF-1404093','RAYON-77','2022-05-18','bon',0,594),(176,'REF-2123624','RAYON-29','2022-10-02','mauvais',0,932),(177,'REF-2551078','RAYON-49','2022-08-13','moyen',0,445),(178,'REF-9145512','RAYON-25','2022-06-12','moyen',0,663),(179,'REF-1069686','RAYON-55','2022-05-29','bon',0,753),(180,'REF-4620037','RAYON-6','2022-11-04','neuf',0,70),(181,'REF-8487716','RAYON-4','2022-08-11','mauvais',0,431),(182,'REF-2216534','RAYON-82','2022-05-31','bon',0,859),(183,'REF-156787','RAYON-51','2022-06-17','moyen',0,351),(184,'REF-4083632','RAYON-100','2022-09-17','neuf',0,720),(185,'REF-4915495','RAYON-30','2022-01-06','moyen',0,276),(186,'REF-3984595','RAYON-17','2022-08-13','moyen',0,238),(187,'REF-7488490','RAYON-4','2022-11-20','moyen',0,997),(188,'REF-7327401','RAYON-68','2022-03-05','moyen',0,738),(189,'REF-2321355','RAYON-95','2022-01-18','moyen',0,129),(190,'REF-3925063','RAYON-58','2022-09-10','bon',0,408),(191,'REF-9143245','RAYON-35','2022-12-20','moyen',0,220),(192,'REF-1846447','RAYON-27','2022-09-29','mauvais',0,516),(193,'REF-7816343','RAYON-37','2022-06-16','moyen',0,242),(194,'REF-2697294','RAYON-63','2022-04-23','moyen',0,290),(195,'REF-3911752','RAYON-9','2022-04-02','mauvais',0,955),(196,'REF-5280851','RAYON-78','2022-04-19','bon',0,62),(197,'REF-6958216','RAYON-30','2022-05-18','mauvais',0,529),(198,'REF-2148494','RAYON-49','2022-10-08','bon',0,181),(199,'REF-5743179','RAYON-34','2022-11-26','moyen',0,875),(200,'REF-4219516','RAYON-49','2022-03-01','moyen',0,182),(201,'REF-7250022','RAYON-9','2022-03-24','moyen',0,105),(202,'REF-9024163','RAYON-20','2022-04-11','moyen',0,394),(203,'REF-4394134','RAYON-2','2022-09-30','neuf',0,377),(204,'REF-6042487','RAYON-90','2022-08-15','moyen',0,175),(205,'REF-3738157','RAYON-35','2022-08-06','mauvais',0,358),(206,'REF-9254223','RAYON-56','2022-01-02','moyen',0,11),(207,'REF-3978347','RAYON-96','2022-07-29','mauvais',0,134),(208,'REF-6235772','RAYON-72','2022-09-09','neuf',0,507),(209,'REF-9346896','RAYON-16','2022-12-07','moyen',0,597),(210,'REF-5828110','RAYON-13','2022-11-04','moyen',0,150),(211,'REF-2098829','RAYON-61','2022-05-13','mauvais',0,898),(212,'REF-8251140','RAYON-44','2022-09-02','neuf',0,675),(213,'REF-8644344','RAYON-30','2022-11-17','neuf',0,785),(214,'REF-2301844','RAYON-80','2022-04-17','moyen',0,635),(215,'REF-1206534','RAYON-71','2022-02-18','moyen',0,419),(216,'REF-9586396','RAYON-54','2022-10-18','moyen',0,648),(217,'REF-807878','RAYON-47','2022-01-24','moyen',0,709),(218,'REF-8827256','RAYON-29','2022-10-07','mauvais',0,963),(219,'REF-6899927','RAYON-57','2022-09-18','moyen',0,219),(220,'REF-5334936','RAYON-2','2022-06-10','moyen',0,579),(221,'REF-5193612','RAYON-87','2022-09-20','moyen',0,66),(222,'REF-9368974','RAYON-49','2022-08-13','neuf',0,15),(223,'REF-7312130','RAYON-62','2022-11-04','neuf',0,856),(224,'REF-379825','RAYON-63','2022-01-01','neuf',0,230),(225,'REF-9643621','RAYON-14','2022-10-02','bon',0,691),(226,'REF-1737500','RAYON-80','2022-06-16','neuf',0,185),(227,'REF-356684','RAYON-63','2022-01-08','bon',0,549),(228,'REF-4490130','RAYON-60','2022-08-18','neuf',0,294),(229,'REF-6641921','RAYON-45','2022-03-17','bon',0,670),(230,'REF-7945741','RAYON-97','2022-06-05','bon',0,683),(231,'REF-2582927','RAYON-25','2022-06-08','bon',0,962),(232,'REF-9470250','RAYON-86','2022-05-28','moyen',0,632),(233,'REF-8766838','RAYON-49','2022-10-18','moyen',0,473),(234,'REF-5197230','RAYON-19','2022-05-03','moyen',0,523),(235,'REF-7679995','RAYON-28','2022-01-20','bon',0,121),(236,'REF-6832622','RAYON-6','2022-03-20','bon',0,804),(237,'REF-8595012','RAYON-89','2022-11-01','neuf',0,385),(238,'REF-9939819','RAYON-82','2022-02-05','mauvais',0,656),(239,'REF-3909580','RAYON-99','2022-09-27','neuf',0,259),(240,'REF-748882','RAYON-60','2022-09-27','mauvais',0,24),(241,'REF-6670805','RAYON-27','2022-04-23','bon',0,700),(242,'REF-2235615','RAYON-3','2022-06-02','mauvais',0,594),(243,'REF-4447664','RAYON-45','2022-11-07','mauvais',0,94),(244,'REF-5109275','RAYON-28','2022-10-23','neuf',0,52),(245,'REF-9232934','RAYON-47','2022-07-12','bon',0,417),(246,'REF-8040191','RAYON-78','2022-06-05','bon',0,20),(247,'REF-4997631','RAYON-44','2022-09-05','moyen',0,641),(248,'REF-1379865','RAYON-77','2022-06-03','bon',0,196),(249,'REF-6520320','RAYON-68','2022-05-25','mauvais',0,269),(250,'REF-7526081','RAYON-96','2022-07-05','bon',0,720),(251,'REF-6409609','RAYON-5','2022-04-19','bon',0,361),(252,'REF-4820548','RAYON-33','2022-03-09','moyen',0,724),(253,'REF-6860720','RAYON-27','2022-03-28','neuf',0,296),(254,'REF-7794925','RAYON-2','2022-09-10','neuf',0,44),(255,'REF-9167649','RAYON-46','2022-07-02','neuf',0,231),(256,'REF-7061047','RAYON-84','2022-01-29','bon',0,190),(257,'REF-5577523','RAYON-23','2022-06-02','bon',0,476),(258,'REF-1755758','RAYON-46','2022-09-14','bon',0,146),(259,'REF-2935204','RAYON-4','2022-04-07','moyen',0,589),(260,'REF-7700082','RAYON-9','2022-02-09','bon',0,518),(261,'REF-5438626','RAYON-17','2022-03-13','neuf',0,160),(262,'REF-430000','RAYON-74','2022-07-16','bon',0,5),(263,'REF-7343649','RAYON-66','2022-02-02','bon',0,154),(264,'REF-7929291','RAYON-51','2022-02-19','moyen',0,873),(265,'REF-2843267','RAYON-81','2022-02-27','moyen',0,233),(266,'REF-2839805','RAYON-73','2022-09-27','moyen',0,246),(267,'REF-5514783','RAYON-2','2022-06-06','moyen',0,91),(268,'REF-3283841','RAYON-38','2022-11-04','neuf',0,816),(269,'REF-6082828','RAYON-60','2022-02-20','moyen',0,45),(270,'REF-7941563','RAYON-84','2022-10-11','bon',0,145),(271,'REF-1060976','RAYON-10','2022-03-02','moyen',0,176),(272,'REF-8299690','RAYON-63','2022-08-12','moyen',0,915),(273,'REF-4586970','RAYON-56','2022-05-14','bon',0,822),(274,'REF-9939013','RAYON-51','2022-07-14','moyen',0,303),(275,'REF-2714235','RAYON-45','2022-05-31','moyen',0,550),(276,'REF-7471941','RAYON-9','2022-03-11','moyen',0,81),(277,'REF-7806551','RAYON-67','2022-12-09','neuf',0,821),(278,'REF-4816660','RAYON-95','2022-04-13','bon',0,748),(279,'REF-5715329','RAYON-62','2022-05-08','moyen',0,302),(280,'REF-7925883','RAYON-6','2022-11-21','neuf',0,311),(281,'REF-9908520','RAYON-3','2022-02-18','moyen',0,364),(282,'REF-588436','RAYON-21','2022-10-27','moyen',0,55),(283,'REF-3698408','RAYON-69','2022-04-23','moyen',0,952),(284,'REF-4073386','RAYON-19','2022-09-04','moyen',0,70),(285,'REF-4598263','RAYON-9','2022-01-25','mauvais',0,587),(286,'REF-4482529','RAYON-49','2022-01-24','moyen',0,780),(287,'REF-7001485','RAYON-17','2022-09-08','mauvais',0,569),(288,'REF-4037076','RAYON-32','2022-05-07','bon',0,521),(289,'REF-299351','RAYON-59','2022-10-31','bon',0,382),(290,'REF-4679833','RAYON-20','2022-07-25','neuf',0,816),(291,'REF-3392075','RAYON-26','2022-03-25','moyen',0,545),(292,'REF-368913','RAYON-56','2022-08-17','moyen',0,610),(293,'REF-7008038','RAYON-68','2022-04-08','moyen',0,640),(294,'REF-2952588','RAYON-56','2022-11-15','moyen',0,342),(295,'REF-975033','RAYON-47','2022-01-09','moyen',0,548),(296,'REF-1711507','RAYON-22','2022-07-17','bon',0,770),(297,'REF-5134117','RAYON-26','2022-09-22','moyen',0,400),(298,'REF-8455201','RAYON-4','2022-08-07','bon',0,317),(299,'REF-152309','RAYON-13','2022-07-29','bon',0,384),(300,'REF-7266746','RAYON-49','2022-03-24','neuf',0,540),(301,'REF-7035596','RAYON-90','2022-05-15','moyen',0,349),(302,'REF-3933243','RAYON-93','2022-05-29','neuf',0,913),(303,'REF-4391163','RAYON-46','2022-12-09','moyen',0,885),(304,'REF-8560870','RAYON-63','2022-07-19','bon',0,5),(305,'REF-4134960','RAYON-6','2022-01-10','moyen',0,246),(306,'REF-9778767','RAYON-16','2022-10-21','moyen',0,396),(307,'REF-8538335','RAYON-9','2022-10-27','neuf',0,204),(308,'REF-4886536','RAYON-84','2022-09-04','neuf',0,376),(309,'REF-4432577','RAYON-10','2022-02-14','moyen',0,67),(310,'REF-9554885','RAYON-58','2022-01-08','neuf',0,792),(311,'REF-2614470','RAYON-94','2022-11-10','moyen',0,135),(312,'REF-6574997','RAYON-89','2022-06-10','moyen',0,837),(313,'REF-3158619','RAYON-8','2022-05-24','moyen',0,152),(314,'REF-8076451','RAYON-59','2022-06-24','bon',0,168),(315,'REF-9860142','RAYON-43','2022-03-05','moyen',0,799),(316,'REF-3602468','RAYON-41','2022-12-01','neuf',0,30),(317,'REF-695785','RAYON-27','2022-02-03','bon',0,667),(318,'REF-7985320','RAYON-100','2022-07-22','moyen',0,749),(319,'REF-6996665','RAYON-26','2022-02-26','mauvais',0,662),(320,'REF-212927','RAYON-13','2022-07-14','neuf',0,818),(321,'REF-8882346','RAYON-99','2022-04-09','neuf',0,602),(322,'REF-3143142','RAYON-77','2022-11-15','moyen',0,913),(323,'REF-1253442','RAYON-89','2022-01-23','bon',0,830),(324,'REF-9176911','RAYON-10','2022-09-21','neuf',0,428),(325,'REF-8774612','RAYON-11','2022-11-10','moyen',0,90),(326,'REF-3112970','RAYON-29','2022-07-01','moyen',0,952),(327,'REF-3274239','RAYON-79','2022-11-24','neuf',0,689),(328,'REF-6316740','RAYON-10','2022-07-24','moyen',0,243),(329,'REF-2577587','RAYON-57','2022-01-13','neuf',0,767),(330,'REF-8827465','RAYON-12','2022-11-22','moyen',0,961),(331,'REF-770912','RAYON-51','2022-04-15','moyen',0,234),(332,'REF-5123331','RAYON-87','2022-09-28','moyen',0,980),(333,'REF-6833664','RAYON-48','2022-04-30','moyen',0,542),(334,'REF-2539455','RAYON-65','2022-06-12','neuf',0,801),(335,'REF-7210353','RAYON-21','2022-10-29','moyen',0,552),(336,'REF-1415858','RAYON-6','2022-10-27','mauvais',0,858),(337,'REF-8472968','RAYON-67','2022-10-01','bon',0,730),(338,'REF-9441872','RAYON-54','2022-10-23','neuf',0,994),(339,'REF-8693634','RAYON-37','2022-03-20','mauvais',0,2),(340,'REF-7776524','RAYON-89','2022-02-01','neuf',0,917),(341,'REF-9359463','RAYON-93','2022-10-25','moyen',0,16),(342,'REF-3466819','RAYON-69','2022-05-18','moyen',0,840),(343,'REF-8726370','RAYON-85','2022-08-04','neuf',0,158),(344,'REF-9256606','RAYON-16','2022-01-03','neuf',0,139),(345,'REF-7149708','RAYON-17','2022-08-22','bon',0,484),(346,'REF-5934147','RAYON-52','2022-10-12','moyen',0,548),(347,'REF-6611909','RAYON-67','2022-04-28','moyen',0,271),(348,'REF-9338351','RAYON-86','2022-06-21','moyen',0,543),(349,'REF-4106975','RAYON-43','2022-11-15','neuf',0,509),(350,'REF-7183036','RAYON-7','2022-03-06','moyen',0,71),(351,'REF-7441110','RAYON-52','2022-04-24','mauvais',0,665),(352,'REF-2067491','RAYON-4','2022-07-23','bon',0,574),(353,'REF-517480','RAYON-54','2022-07-12','mauvais',0,930),(354,'REF-1216347','RAYON-82','2022-09-16','neuf',0,951),(355,'REF-2413741','RAYON-36','2022-01-21','neuf',0,598),(356,'REF-2733436','RAYON-58','2022-01-20','neuf',0,613),(357,'REF-6630450','RAYON-48','2022-05-24','moyen',0,95),(358,'REF-7606093','RAYON-52','2022-04-22','mauvais',0,725),(359,'REF-1515818','RAYON-59','2022-06-13','moyen',0,278),(360,'REF-250096','RAYON-30','2022-05-18','mauvais',0,579),(361,'REF-4294282','RAYON-42','2022-10-01','neuf',0,741),(362,'REF-9452764','RAYON-51','2022-08-31','moyen',0,848),(363,'REF-2064410','RAYON-49','2022-10-20','neuf',0,13),(364,'REF-1765216','RAYON-85','2022-09-01','moyen',0,529),(365,'REF-5273512','RAYON-6','2022-08-27','bon',0,231),(366,'REF-891280','RAYON-76','2022-06-30','moyen',0,323),(367,'REF-9881130','RAYON-98','2022-11-17','moyen',0,286),(368,'REF-6571701','RAYON-44','2022-03-05','moyen',0,770),(369,'REF-9291109','RAYON-34','2022-11-16','moyen',0,316),(370,'REF-7530686','RAYON-82','2022-10-23','bon',0,762),(371,'REF-2310103','RAYON-88','2022-08-22','neuf',0,775),(372,'REF-2285737','RAYON-82','2022-05-25','moyen',0,937),(373,'REF-7769774','RAYON-8','2022-01-14','moyen',0,643),(374,'REF-701686','RAYON-43','2022-11-19','moyen',0,919),(375,'REF-1483183','RAYON-99','2022-06-20','moyen',0,123),(376,'REF-962416','RAYON-12','2022-04-09','mauvais',0,58),(377,'REF-9490421','RAYON-58','2022-01-08','neuf',0,649),(378,'REF-8604854','RAYON-36','2022-03-14','bon',0,597),(379,'REF-5948023','RAYON-19','2022-02-18','moyen',0,196),(380,'REF-63300','RAYON-45','2022-03-13','moyen',0,51),(381,'REF-1916252','RAYON-81','2022-06-11','neuf',0,280),(382,'REF-9344716','RAYON-84','2022-05-10','moyen',0,962),(383,'REF-150986','RAYON-20','2022-11-18','bon',0,533),(384,'REF-2838710','RAYON-83','2022-04-04','moyen',0,77),(385,'REF-6364337','RAYON-96','2022-10-31','moyen',0,824),(386,'REF-2044479','RAYON-56','2022-02-23','mauvais',0,830),(387,'REF-809109','RAYON-92','2022-04-27','neuf',0,54),(388,'REF-144792','RAYON-92','2022-07-02','moyen',0,126),(389,'REF-2625331','RAYON-94','2022-11-13','neuf',0,211),(390,'REF-2231672','RAYON-49','2022-09-26','neuf',0,666),(391,'REF-7641101','RAYON-83','2022-10-21','moyen',0,574),(392,'REF-7974035','RAYON-27','2022-12-01','neuf',0,172),(393,'REF-2215162','RAYON-60','2022-04-18','moyen',0,280),(394,'REF-5069410','RAYON-70','2022-12-08','moyen',0,373),(395,'REF-6102122','RAYON-94','2022-10-22','moyen',0,31),(396,'REF-9554404','RAYON-69','2022-07-20','bon',0,254),(397,'REF-5955430','RAYON-22','2022-04-19','moyen',0,754),(398,'REF-6151796','RAYON-82','2022-03-24','moyen',0,759),(399,'REF-2503787','RAYON-98','2022-02-15','bon',0,300),(400,'REF-1892536','RAYON-5','2022-08-28','bon',0,602),(401,'REF-9919564','RAYON-16','2022-10-11','moyen',0,472),(402,'REF-1281009','RAYON-23','2022-09-21','mauvais',0,751),(403,'REF-8282103','RAYON-89','2022-12-07','moyen',0,797),(404,'REF-6709506','RAYON-97','2022-10-17','moyen',0,806),(405,'REF-804616','RAYON-99','2022-08-30','moyen',0,677),(406,'REF-790426','RAYON-37','2022-07-30','moyen',0,610),(407,'REF-5715577','RAYON-3','2022-05-31','mauvais',0,531),(408,'REF-8620874','RAYON-72','2022-01-01','moyen',0,331),(409,'REF-2308899','RAYON-17','2022-02-12','moyen',0,124),(410,'REF-4020575','RAYON-64','2022-12-17','mauvais',0,768),(411,'REF-3259066','RAYON-33','2022-08-24','moyen',0,216),(412,'REF-7653145','RAYON-19','2022-08-05','neuf',0,692),(413,'REF-2237310','RAYON-5','2022-07-14','neuf',0,20),(414,'REF-2573335','RAYON-23','2022-05-10','moyen',0,233),(415,'REF-4417042','RAYON-52','2022-03-25','moyen',0,875),(416,'REF-1379028','RAYON-7','2022-11-20','bon',0,45),(417,'REF-7798121','RAYON-77','2022-06-24','neuf',0,177),(418,'REF-326876','RAYON-64','2022-01-25','bon',0,531),(419,'REF-5212096','RAYON-2','2022-06-29','neuf',0,139),(420,'REF-9718980','RAYON-45','2022-04-16','neuf',0,316),(421,'REF-7220869','RAYON-67','2022-02-25','neuf',0,1),(422,'REF-1937164','RAYON-97','2022-03-30','bon',0,252),(423,'REF-596265','RAYON-55','2022-07-09','mauvais',0,939),(424,'REF-8521044','RAYON-45','2022-08-25','moyen',0,944),(425,'REF-7548246','RAYON-95','2022-06-13','moyen',0,117),(426,'REF-4170852','RAYON-74','2022-06-03','moyen',0,767),(427,'REF-6879642','RAYON-14','2022-08-13','moyen',0,426),(428,'REF-3524549','RAYON-49','2022-05-12','neuf',0,855),(429,'REF-1320911','RAYON-10','2022-02-01','moyen',0,924),(430,'REF-5312737','RAYON-89','2022-10-25','moyen',0,641),(431,'REF-1019030','RAYON-59','2022-08-13','bon',0,210),(432,'REF-4445701','RAYON-60','2022-08-14','bon',0,439),(433,'REF-1229407','RAYON-30','2022-02-15','moyen',0,622),(434,'REF-2442710','RAYON-36','2022-01-18','neuf',0,207),(435,'REF-512087','RAYON-64','2022-01-08','neuf',0,245),(436,'REF-6884872','RAYON-71','2022-06-17','neuf',0,886),(437,'REF-3130749','RAYON-91','2022-08-01','neuf',0,861),(438,'REF-666392','RAYON-76','2022-07-15','moyen',0,611),(439,'REF-1556861','RAYON-95','2022-04-05','moyen',0,265),(440,'REF-8754415','RAYON-59','2022-04-16','moyen',0,517),(441,'REF-5325114','RAYON-12','2022-12-08','neuf',0,932),(442,'REF-3916517','RAYON-17','2022-08-18','moyen',0,831),(443,'REF-1740828','RAYON-39','2022-05-14','moyen',0,705),(444,'REF-8379223','RAYON-8','2022-11-02','mauvais',0,902),(445,'REF-154004','RAYON-38','2022-10-19','moyen',0,17),(446,'REF-4255592','RAYON-8','2022-02-11','moyen',0,526),(447,'REF-6342345','RAYON-60','2022-01-24','moyen',0,95),(448,'REF-2161567','RAYON-80','2022-05-01','moyen',0,93),(449,'REF-3835441','RAYON-64','2022-01-17','neuf',0,559),(450,'REF-2411241','RAYON-54','2022-11-25','mauvais',0,95),(451,'REF-1329526','RAYON-39','2022-06-30','neuf',0,824),(452,'REF-3020092','RAYON-5','2022-04-16','moyen',0,237),(453,'REF-8505962','RAYON-55','2022-02-28','moyen',0,48),(454,'REF-5059200','RAYON-39','2022-05-28','neuf',0,300),(455,'REF-2604729','RAYON-41','2022-03-27','neuf',0,189),(456,'REF-8398158','RAYON-64','2022-08-17','moyen',0,470),(457,'REF-4762285','RAYON-98','2022-06-05','bon',0,544),(458,'REF-500919','RAYON-62','2022-12-01','moyen',0,247),(459,'REF-2698784','RAYON-61','2022-03-26','bon',0,923),(460,'REF-2638606','RAYON-56','2022-12-08','neuf',0,488),(461,'REF-4654713','RAYON-87','2022-11-24','mauvais',0,733),(462,'REF-5734601','RAYON-68','2022-08-13','moyen',0,570),(463,'REF-2996196','RAYON-79','2022-01-18','moyen',0,227),(464,'REF-9341554','RAYON-100','2022-02-27','moyen',0,670),(465,'REF-3147655','RAYON-57','2022-11-07','neuf',0,553),(466,'REF-8623046','RAYON-66','2022-08-29','bon',0,670),(467,'REF-827364','RAYON-41','2022-10-02','moyen',0,258),(468,'REF-8063912','RAYON-26','2022-11-07','neuf',0,342),(469,'REF-6442720','RAYON-20','2022-01-20','neuf',0,640),(470,'REF-8509024','RAYON-34','2022-02-13','moyen',0,324),(471,'REF-8947212','RAYON-51','2022-10-24','neuf',0,680),(472,'REF-3427222','RAYON-68','2022-05-01','moyen',0,199),(473,'REF-1334315','RAYON-8','2022-12-05','neuf',0,434),(474,'REF-8677998','RAYON-4','2022-07-27','neuf',0,343),(475,'REF-7544321','RAYON-75','2022-06-15','mauvais',0,87),(476,'REF-2099371','RAYON-80','2022-04-24','moyen',0,235),(477,'REF-3356167','RAYON-98','2022-11-01','moyen',0,696),(478,'REF-1947380','RAYON-89','2022-10-30','moyen',0,440),(479,'REF-2006711','RAYON-69','2022-10-21','mauvais',0,387),(480,'REF-1530844','RAYON-61','2022-07-21','mauvais',0,100),(481,'REF-1843215','RAYON-63','2022-07-20','bon',0,106),(482,'REF-4544012','RAYON-96','2022-05-28','moyen',0,315),(483,'REF-4031749','RAYON-8','2022-02-25','neuf',0,276),(484,'REF-4816635','RAYON-59','2022-06-16','neuf',0,533),(485,'REF-9670452','RAYON-24','2022-04-13','moyen',0,960),(486,'REF-487036','RAYON-37','2022-08-29','moyen',0,598),(487,'REF-2480915','RAYON-45','2022-06-24','bon',0,223),(488,'REF-1288096','RAYON-98','2022-06-23','bon',0,185),(489,'REF-5686555','RAYON-29','2022-09-18','moyen',0,432),(490,'REF-7124407','RAYON-27','2022-03-10','moyen',0,499),(491,'REF-5751791','RAYON-39','2022-03-07','neuf',0,723),(492,'REF-7375676','RAYON-52','2022-05-16','neuf',0,202),(493,'REF-8583228','RAYON-69','2022-10-31','neuf',0,112),(494,'REF-5836790','RAYON-59','2022-03-02','bon',0,757),(495,'REF-5017321','RAYON-24','2022-08-30','neuf',0,288),(496,'REF-266566','RAYON-28','2022-04-07','neuf',0,912),(497,'REF-9322279','RAYON-93','2022-10-25','moyen',0,274),(498,'REF-7596650','RAYON-98','2022-08-03','neuf',0,649),(499,'REF-4126496','RAYON-12','2022-05-02','moyen',0,451),(500,'REF-8040514','RAYON-67','2022-11-25','moyen',0,129),(501,'REF-1846804','RAYON-54','2022-02-16','mauvais',0,921),(502,'REF-1810149','RAYON-15','2022-03-01','moyen',0,785),(503,'REF-6575417','RAYON-94','2022-09-05','moyen',0,282),(504,'REF-9591808','RAYON-96','2022-11-09','bon',0,652),(505,'REF-2191495','RAYON-15','2022-01-20','bon',0,696),(506,'REF-1473245','RAYON-66','2022-10-14','bon',0,125),(507,'REF-4144524','RAYON-70','2022-03-29','moyen',0,424),(508,'REF-4308761','RAYON-89','2022-02-15','moyen',0,610),(509,'REF-1170390','RAYON-76','2022-06-01','bon',0,863),(510,'REF-8328456','RAYON-58','2022-05-16','neuf',0,885),(511,'REF-9697004','RAYON-20','2022-01-21','moyen',0,593),(512,'REF-8883671','RAYON-67','2022-08-21','moyen',0,322),(513,'REF-3764321','RAYON-92','2022-06-13','neuf',0,321),(514,'REF-3004071','RAYON-55','2022-10-12','moyen',0,987),(515,'REF-1524290','RAYON-81','2022-07-15','bon',0,291),(516,'REF-8658479','RAYON-46','2022-08-31','mauvais',0,954),(517,'REF-952143','RAYON-62','2022-10-07','bon',0,27),(518,'REF-6186985','RAYON-2','2022-03-17','mauvais',0,453),(519,'REF-7375596','RAYON-33','2022-06-03','moyen',0,213),(520,'REF-4991013','RAYON-86','2022-10-07','moyen',0,858),(521,'REF-7881941','RAYON-37','2022-06-16','moyen',0,76),(522,'REF-9490720','RAYON-52','2022-09-22','moyen',0,363),(523,'REF-2784237','RAYON-31','2022-08-30','moyen',0,995),(524,'REF-3021107','RAYON-53','2022-09-13','mauvais',0,898),(525,'REF-4910502','RAYON-77','2022-04-29','moyen',0,146),(526,'REF-8295156','RAYON-72','2022-01-25','moyen',0,219),(527,'REF-5167665','RAYON-93','2022-01-30','moyen',0,719),(528,'REF-8955187','RAYON-33','2022-11-23','moyen',0,57),(529,'REF-3023379','RAYON-35','2022-10-11','moyen',0,442),(530,'REF-2685516','RAYON-2','2022-04-11','moyen',0,54),(531,'REF-6758112','RAYON-23','2022-01-26','moyen',0,38),(532,'REF-654727','RAYON-22','2022-11-09','bon',0,464),(533,'REF-5166375','RAYON-20','2022-05-27','moyen',0,598),(534,'REF-1879717','RAYON-15','2022-02-28','neuf',0,94),(535,'REF-5649985','RAYON-55','2022-01-08','neuf',0,3),(536,'REF-6929949','RAYON-46','2022-03-16','moyen',0,670),(537,'REF-9385967','RAYON-69','2022-08-05','mauvais',0,872),(538,'REF-8290575','RAYON-54','2022-03-03','neuf',0,962),(539,'REF-9222228','RAYON-73','2022-11-04','bon',0,652),(540,'REF-9394054','RAYON-75','2022-11-13','moyen',0,562),(541,'REF-9838300','RAYON-24','2022-03-20','moyen',0,304),(542,'REF-7962656','RAYON-8','2022-12-08','bon',0,958),(543,'REF-1631871','RAYON-95','2022-03-23','moyen',0,391),(544,'REF-2484312','RAYON-8','2022-08-06','moyen',0,854),(545,'REF-7591873','RAYON-24','2022-11-14','bon',0,493),(546,'REF-6306604','RAYON-68','2022-06-21','moyen',0,838),(547,'REF-8964142','RAYON-97','2022-02-24','moyen',0,223),(548,'REF-2454233','RAYON-56','2022-01-22','moyen',0,220),(549,'REF-6722751','RAYON-71','2022-06-24','moyen',0,568),(550,'REF-3643164','RAYON-12','2022-06-25','bon',0,422),(551,'REF-9822113','RAYON-65','2022-04-10','neuf',0,520),(552,'REF-226057','RAYON-56','2022-09-09','moyen',0,186),(553,'REF-5803540','RAYON-35','2022-12-17','neuf',0,472),(554,'REF-7284666','RAYON-23','2022-12-02','mauvais',0,116),(555,'REF-1990546','RAYON-65','2022-08-17','moyen',0,205),(556,'REF-5773915','RAYON-28','2022-08-13','neuf',0,370),(557,'REF-9954968','RAYON-87','2022-05-07','moyen',0,247),(558,'REF-6634519','RAYON-58','2022-11-13','bon',0,137),(559,'REF-1853627','RAYON-52','2022-01-09','neuf',0,358),(560,'REF-3471081','RAYON-67','2022-04-06','moyen',0,178),(561,'REF-5230312','RAYON-9','2022-10-27','moyen',0,694),(562,'REF-9891287','RAYON-87','2022-05-08','neuf',0,425),(563,'REF-1539217','RAYON-50','2022-01-08','bon',0,498),(564,'REF-5237609','RAYON-13','2022-01-21','neuf',0,664),(565,'REF-4506694','RAYON-27','2022-12-06','mauvais',0,716),(566,'REF-1428005','RAYON-57','2022-05-23','moyen',0,473),(567,'REF-3415239','RAYON-29','2022-05-31','neuf',0,561),(568,'REF-7028610','RAYON-84','2022-01-20','neuf',0,784),(569,'REF-2922597','RAYON-12','2022-08-29','mauvais',0,208),(570,'REF-1975990','RAYON-37','2022-03-26','mauvais',0,425),(571,'REF-9059588','RAYON-26','2022-07-18','mauvais',0,324),(572,'REF-1649200','RAYON-86','2022-10-01','neuf',0,220),(573,'REF-6811457','RAYON-75','2022-09-05','bon',0,530),(574,'REF-6627845','RAYON-73','2022-08-15','mauvais',0,780),(575,'REF-4008712','RAYON-67','2022-02-14','neuf',0,727),(576,'REF-3571530','RAYON-61','2022-12-06','bon',0,731),(577,'REF-1806101','RAYON-72','2022-01-05','neuf',0,465),(578,'REF-6848548','RAYON-4','2022-02-03','neuf',0,674),(579,'REF-5566152','RAYON-77','2022-02-21','moyen',0,619),(580,'REF-7162022','RAYON-73','2022-06-19','moyen',0,542),(581,'REF-4916906','RAYON-84','2022-09-05','moyen',0,979),(582,'REF-2483503','RAYON-31','2022-10-08','mauvais',0,867),(583,'REF-9517007','RAYON-16','2022-12-01','neuf',0,903),(584,'REF-1757404','RAYON-18','2022-04-27','neuf',0,191),(585,'REF-1023012','RAYON-95','2022-05-20','moyen',0,167),(586,'REF-206477','RAYON-61','2022-12-05','moyen',0,516),(587,'REF-6367261','RAYON-64','2022-04-10','moyen',0,174),(588,'REF-5679550','RAYON-32','2022-11-11','moyen',0,691),(589,'REF-7681459','RAYON-77','2022-07-12','moyen',0,810),(590,'REF-7999554','RAYON-58','2022-06-09','neuf',0,540),(591,'REF-5502219','RAYON-14','2022-01-07','moyen',0,730),(592,'REF-4133717','RAYON-88','2022-02-21','mauvais',0,834),(593,'REF-1041495','RAYON-3','2022-10-06','bon',0,585),(594,'REF-3085805','RAYON-79','2022-01-07','moyen',0,16),(595,'REF-2801668','RAYON-36','2022-11-27','neuf',0,925),(596,'REF-3584283','RAYON-2','2022-01-09','mauvais',0,915),(597,'REF-9184430','RAYON-86','2022-06-25','bon',0,145),(598,'REF-9903910','RAYON-52','2022-08-07','moyen',0,990),(599,'REF-9281198','RAYON-68','2022-07-22','neuf',0,606),(600,'REF-516522','RAYON-45','2022-01-17','moyen',0,847),(601,'REF-635105','RAYON-78','2022-09-03','moyen',0,588),(602,'REF-7622710','RAYON-5','2022-12-05','moyen',0,175),(603,'REF-2400300','RAYON-68','2022-08-25','moyen',0,756),(604,'REF-1468419','RAYON-47','2022-11-15','mauvais',0,594),(605,'REF-6398115','RAYON-42','2022-03-03','moyen',0,42),(606,'REF-6193641','RAYON-98','2022-01-02','neuf',0,626),(607,'REF-4223795','RAYON-24','2022-11-18','moyen',0,890),(608,'REF-4522385','RAYON-60','2022-08-02','moyen',0,23),(609,'REF-9108703','RAYON-49','2022-09-03','mauvais',0,964),(610,'REF-8057464','RAYON-14','2022-04-10','bon',0,243),(611,'REF-6978510','RAYON-77','2022-09-12','moyen',0,653),(612,'REF-1268166','RAYON-68','2022-01-01','moyen',0,172),(613,'REF-7054328','RAYON-2','2022-12-02','neuf',0,732),(614,'REF-1346821','RAYON-48','2022-12-15','moyen',0,650),(615,'REF-465616','RAYON-29','2022-04-11','neuf',0,168),(616,'REF-7278914','RAYON-14','2022-06-25','mauvais',0,71),(617,'REF-7882012','RAYON-73','2022-04-10','moyen',0,627),(618,'REF-2591615','RAYON-42','2022-04-16','moyen',0,617),(619,'REF-7222884','RAYON-77','2022-08-14','neuf',0,423),(620,'REF-1352699','RAYON-41','2022-08-13','moyen',0,799),(621,'REF-5144889','RAYON-18','2022-05-01','moyen',0,754),(622,'REF-2477273','RAYON-98','2022-02-23','moyen',0,9),(623,'REF-1701990','RAYON-83','2022-08-09','moyen',0,775),(624,'REF-8242432','RAYON-80','2022-07-01','neuf',0,729),(625,'REF-1829559','RAYON-73','2022-02-04','neuf',0,847),(626,'REF-825685','RAYON-88','2022-02-13','moyen',0,593),(627,'REF-3482144','RAYON-97','2022-10-03','mauvais',0,350),(628,'REF-7354940','RAYON-63','2022-11-28','bon',0,597),(629,'REF-7383402','RAYON-91','2022-04-16','bon',0,377),(630,'REF-8519605','RAYON-14','2022-02-03','mauvais',0,410),(631,'REF-6517240','RAYON-4','2022-03-11','moyen',0,783),(632,'REF-6295868','RAYON-81','2022-02-09','moyen',0,480),(633,'REF-3048882','RAYON-9','2022-07-01','bon',0,621),(634,'REF-7087319','RAYON-69','2022-04-09','moyen',0,134),(635,'REF-1158557','RAYON-18','2022-07-12','moyen',0,796),(636,'REF-5420891','RAYON-33','2022-12-19','mauvais',0,215),(637,'REF-9325420','RAYON-2','2022-04-14','bon',0,729),(638,'REF-6875732','RAYON-26','2022-03-11','moyen',0,716),(639,'REF-2731733','RAYON-22','2022-04-06','neuf',0,824),(640,'REF-1421631','RAYON-24','2022-10-01','moyen',0,209),(641,'REF-221413','RAYON-49','2022-05-06','moyen',0,466),(642,'REF-5843732','RAYON-53','2022-11-06','moyen',0,501),(643,'REF-9790873','RAYON-40','2022-01-11','moyen',0,313),(644,'REF-9609498','RAYON-87','2022-06-09','moyen',0,173),(645,'REF-3148733','RAYON-6','2022-04-29','neuf',0,295),(646,'REF-7204305','RAYON-72','2022-06-04','mauvais',0,864),(647,'REF-9675709','RAYON-25','2022-04-29','moyen',0,911),(648,'REF-5175987','RAYON-86','2022-09-18','neuf',0,220),(649,'REF-8781825','RAYON-74','2022-01-08','moyen',0,48),(650,'REF-629056','RAYON-18','2022-08-27','moyen',0,78),(651,'REF-8357522','RAYON-95','2022-03-19','moyen',0,415),(652,'REF-2971290','RAYON-25','2022-04-22','moyen',0,323),(653,'REF-4204592','RAYON-14','2022-05-27','bon',0,614),(654,'REF-9742149','RAYON-3','2022-03-22','mauvais',0,514),(655,'REF-9869222','RAYON-40','2022-01-02','moyen',0,580),(656,'REF-4833401','RAYON-68','2022-11-27','neuf',0,13),(657,'REF-9845004','RAYON-89','2022-06-15','bon',0,941),(658,'REF-7251262','RAYON-81','2022-10-26','neuf',0,469),(659,'REF-7996034','RAYON-60','2022-07-20','mauvais',0,710),(660,'REF-8222360','RAYON-99','2022-06-08','bon',0,999),(661,'REF-15608','RAYON-2','2022-01-20','bon',0,380),(662,'REF-3875866','RAYON-80','2022-10-21','neuf',0,638),(663,'REF-7777606','RAYON-98','2022-07-11','neuf',0,418),(664,'REF-8036109','RAYON-77','2022-05-26','moyen',0,179),(665,'REF-9480986','RAYON-21','2022-03-03','neuf',0,672),(666,'REF-7646233','RAYON-81','2022-09-22','moyen',0,545),(667,'REF-8253795','RAYON-50','2022-12-18','moyen',0,381),(668,'REF-6701186','RAYON-21','2022-01-15','moyen',0,985),(669,'REF-9121860','RAYON-61','2022-04-17','moyen',0,3),(670,'REF-3468915','RAYON-73','2022-07-28','bon',0,109),(671,'REF-3427306','RAYON-39','2022-11-21','moyen',0,608),(672,'REF-8742291','RAYON-55','2022-02-13','moyen',0,566),(673,'REF-9012382','RAYON-81','2022-04-30','moyen',0,958),(674,'REF-9525342','RAYON-89','2022-07-28','moyen',0,415),(675,'REF-3650026','RAYON-59','2022-10-15','bon',0,977),(676,'REF-8819592','RAYON-48','2022-09-24','moyen',0,636),(677,'REF-4252564','RAYON-23','2022-10-21','neuf',0,345),(678,'REF-5581373','RAYON-76','2022-02-12','neuf',0,170),(679,'REF-7629634','RAYON-31','2022-03-29','neuf',0,584),(680,'REF-3417819','RAYON-96','2022-09-30','moyen',0,911),(681,'REF-1217488','RAYON-88','2022-01-10','moyen',0,15),(682,'REF-4682888','RAYON-30','2022-02-01','moyen',0,645),(683,'REF-528437','RAYON-34','2022-06-25','neuf',0,307),(684,'REF-33292','RAYON-10','2022-06-17','mauvais',0,653),(685,'REF-3285309','RAYON-69','2022-06-03','neuf',0,987),(686,'REF-6412644','RAYON-25','2022-04-22','moyen',0,193),(687,'REF-7390534','RAYON-12','2022-05-12','moyen',0,776),(688,'REF-8294648','RAYON-83','2022-08-05','bon',0,734),(689,'REF-5210139','RAYON-41','2022-06-11','mauvais',0,678),(690,'REF-4554195','RAYON-25','2022-11-01','moyen',0,526),(691,'REF-8091719','RAYON-47','2022-11-21','bon',0,175),(692,'REF-5386018','RAYON-17','2022-03-23','moyen',0,864),(693,'REF-6074476','RAYON-45','2022-05-27','moyen',0,931),(694,'REF-4226857','RAYON-33','2022-04-30','moyen',0,808),(695,'REF-6076881','RAYON-62','2022-03-31','moyen',0,707),(696,'REF-2082626','RAYON-93','2022-12-14','moyen',0,767),(697,'REF-1050049','RAYON-23','2022-10-18','moyen',0,742),(698,'REF-3026209','RAYON-29','2022-07-06','neuf',0,875),(699,'REF-811097','RAYON-79','2022-08-24','moyen',0,666),(700,'REF-8330914','RAYON-17','2022-05-03','bon',0,799),(701,'REF-5289757','RAYON-26','2022-08-25','moyen',0,710),(702,'REF-2073605','RAYON-91','2022-11-24','moyen',0,365),(703,'REF-5483505','RAYON-65','2022-07-31','mauvais',0,47),(704,'REF-9206502','RAYON-47','2022-07-17','moyen',0,532),(705,'REF-5624625','RAYON-22','2022-05-23','moyen',0,648),(706,'REF-6428347','RAYON-28','2022-06-02','moyen',0,259),(707,'REF-4028440','RAYON-24','2022-12-17','bon',0,577),(708,'REF-2046842','RAYON-30','2022-11-01','moyen',0,881),(709,'REF-8427158','RAYON-58','2022-04-27','moyen',0,22),(710,'REF-2139023','RAYON-1','2022-05-14','moyen',0,560),(711,'REF-6764316','RAYON-71','2022-06-21','bon',0,980),(712,'REF-8892431','RAYON-51','2022-11-03','moyen',0,428),(713,'REF-7911349','RAYON-68','2022-12-19','neuf',0,674),(714,'REF-7445852','RAYON-71','2022-04-12','moyen',0,246),(715,'REF-4394727','RAYON-47','2022-12-15','neuf',0,368),(716,'REF-1092020','RAYON-45','2022-11-11','neuf',0,237),(717,'REF-4285088','RAYON-44','2022-11-08','neuf',0,307),(718,'REF-7320751','RAYON-75','2022-07-02','moyen',0,554),(719,'REF-8636957','RAYON-66','2022-09-04','moyen',0,665),(720,'REF-8709263','RAYON-37','2022-03-11','moyen',0,56),(721,'REF-8037626','RAYON-86','2022-10-30','moyen',0,874),(722,'REF-5020410','RAYON-89','2022-11-28','mauvais',0,402),(723,'REF-1282393','RAYON-44','2022-10-11','bon',0,819),(724,'REF-5044859','RAYON-7','2022-10-18','bon',0,875),(725,'REF-5264334','RAYON-1','2022-06-15','bon',0,921),(726,'REF-9538597','RAYON-1','2022-03-03','neuf',0,830),(727,'REF-5103495','RAYON-7','2022-10-05','moyen',0,439),(728,'REF-1585136','RAYON-48','2022-11-20','neuf',0,436),(729,'REF-8765912','RAYON-8','2022-09-24','moyen',0,371),(730,'REF-567622','RAYON-18','2022-09-02','moyen',0,750),(731,'REF-5091294','RAYON-30','2022-12-05','moyen',0,777),(732,'REF-6639185','RAYON-100','2022-12-08','neuf',0,103),(733,'REF-3961297','RAYON-68','2022-03-02','moyen',0,788),(734,'REF-1180771','RAYON-23','2022-10-06','moyen',0,923),(735,'REF-5121154','RAYON-80','2022-06-04','moyen',0,887),(736,'REF-1918587','RAYON-30','2022-11-23','moyen',0,388),(737,'REF-9102343','RAYON-39','2022-03-18','moyen',0,571),(738,'REF-9159328','RAYON-87','2022-08-01','bon',0,501),(739,'REF-7292239','RAYON-15','2022-07-07','moyen',0,313),(740,'REF-2346966','RAYON-24','2022-06-16','neuf',0,588),(741,'REF-3573360','RAYON-3','2022-01-20','moyen',0,654),(742,'REF-4868608','RAYON-48','2022-11-17','moyen',0,175),(743,'REF-3313339','RAYON-14','2022-08-28','moyen',0,111),(744,'REF-1339847','RAYON-34','2022-04-14','moyen',0,171),(745,'REF-5730543','RAYON-36','2022-01-20','moyen',0,40),(746,'REF-3598915','RAYON-69','2022-04-26','moyen',0,930),(747,'REF-7665007','RAYON-5','2022-11-23','moyen',0,970),(748,'REF-6147285','RAYON-17','2022-12-12','bon',0,675),(749,'REF-5237890','RAYON-60','2022-05-24','neuf',0,648),(750,'REF-3914552','RAYON-2','2022-11-15','moyen',0,460),(751,'REF-3113954','RAYON-18','2022-12-06','neuf',0,787),(752,'REF-5771414','RAYON-53','2022-11-16','moyen',0,417),(753,'REF-5475911','RAYON-49','2022-10-10','moyen',0,74),(754,'REF-2052989','RAYON-81','2022-05-25','moyen',0,930),(755,'REF-2006003','RAYON-22','2022-06-18','moyen',0,961),(756,'REF-9650212','RAYON-95','2022-10-20','bon',0,650),(757,'REF-8495905','RAYON-30','2022-12-03','moyen',0,566),(758,'REF-2157369','RAYON-39','2022-04-01','neuf',0,28),(759,'REF-1132754','RAYON-49','2022-01-31','neuf',0,372),(760,'REF-9374507','RAYON-58','2022-01-17','moyen',0,946),(761,'REF-703144','RAYON-52','2022-05-09','moyen',0,280),(762,'REF-4119060','RAYON-23','2022-11-05','neuf',0,949),(763,'REF-2682821','RAYON-50','2022-08-25','moyen',0,774),(764,'REF-1373059','RAYON-37','2022-05-28','moyen',0,535),(765,'REF-4575472','RAYON-69','2022-01-18','moyen',0,233),(766,'REF-9795546','RAYON-21','2022-01-24','neuf',0,633),(767,'REF-9662269','RAYON-94','2022-09-30','mauvais',0,463),(768,'REF-5534178','RAYON-38','2022-03-25','mauvais',0,430),(769,'REF-6101632','RAYON-77','2022-12-13','bon',0,655),(770,'REF-8437844','RAYON-26','2022-09-23','moyen',0,107),(771,'REF-3133901','RAYON-25','2022-04-15','moyen',0,204),(772,'REF-1862862','RAYON-33','2022-01-18','moyen',0,249),(773,'REF-537305','RAYON-53','2022-06-13','neuf',0,244),(774,'REF-4066241','RAYON-31','2022-04-12','moyen',0,108),(775,'REF-5236673','RAYON-30','2022-11-18','moyen',0,406),(776,'REF-2351788','RAYON-97','2022-02-03','moyen',0,985),(777,'REF-6683962','RAYON-39','2022-11-26','moyen',0,561),(778,'REF-8501068','RAYON-57','2022-04-14','moyen',0,814),(779,'REF-1471915','RAYON-30','2022-01-14','neuf',0,140),(780,'REF-5356392','RAYON-26','2022-08-31','neuf',0,650),(781,'REF-9121176','RAYON-62','2022-04-27','bon',0,411),(782,'REF-9721503','RAYON-63','2022-03-23','neuf',0,764),(783,'REF-2755846','RAYON-9','2022-08-05','bon',0,622),(784,'REF-8372979','RAYON-33','2022-02-04','neuf',0,717),(785,'REF-4148998','RAYON-93','2022-05-17','moyen',0,584),(786,'REF-8193561','RAYON-35','2022-04-09','moyen',0,745),(787,'REF-5326891','RAYON-44','2022-07-15','neuf',0,155),(788,'REF-2501939','RAYON-79','2022-03-08','moyen',0,741),(789,'REF-5539398','RAYON-55','2022-01-31','moyen',0,191),(790,'REF-2043213','RAYON-46','2022-08-17','moyen',0,56),(791,'REF-6992238','RAYON-33','2022-07-15','bon',0,570),(792,'REF-9723081','RAYON-16','2022-10-26','neuf',0,671),(793,'REF-9095029','RAYON-54','2022-12-03','neuf',0,158),(794,'REF-4460670','RAYON-76','2022-06-08','moyen',0,569),(795,'REF-8281813','RAYON-44','2022-08-31','moyen',0,920),(796,'REF-8926454','RAYON-71','2022-10-25','mauvais',0,479),(797,'REF-5320373','RAYON-23','2022-07-08','moyen',0,706),(798,'REF-8161471','RAYON-97','2022-05-14','neuf',0,107),(799,'REF-9777565','RAYON-57','2022-11-17','moyen',0,355),(800,'REF-9363809','RAYON-62','2022-04-13','bon',0,16),(801,'REF-1141819','RAYON-53','2022-04-09','moyen',0,871),(802,'REF-1931657','RAYON-36','2022-03-10','neuf',0,679),(803,'REF-3042705','RAYON-49','2022-07-04','bon',0,256),(804,'REF-2464908','RAYON-47','2022-07-27','neuf',0,991),(805,'REF-6772672','RAYON-42','2022-01-18','neuf',0,244),(806,'REF-8672084','RAYON-61','2022-05-29','bon',0,242),(807,'REF-3775071','RAYON-17','2022-08-30','moyen',0,246),(808,'REF-5268482','RAYON-90','2022-11-18','neuf',0,662),(809,'REF-9865373','RAYON-95','2022-10-04','mauvais',0,597),(810,'REF-1186858','RAYON-81','2022-08-22','moyen',0,930),(811,'REF-6632846','RAYON-53','2022-08-19','neuf',0,400),(812,'REF-6194450','RAYON-90','2022-08-11','moyen',0,345),(813,'REF-9257476','RAYON-60','2022-03-14','neuf',0,635),(814,'REF-1282902','RAYON-74','2022-04-19','moyen',0,336),(815,'REF-6010991','RAYON-100','2022-03-09','neuf',0,899),(816,'REF-6212866','RAYON-42','2022-03-09','bon',0,764),(817,'REF-9157570','RAYON-29','2022-09-01','moyen',0,992),(818,'REF-2859315','RAYON-46','2022-05-31','neuf',0,190),(819,'REF-9534390','RAYON-20','2022-02-18','mauvais',0,918),(820,'REF-4749176','RAYON-63','2022-08-31','moyen',0,868),(821,'REF-258844','RAYON-53','2022-07-19','moyen',0,741),(822,'REF-1440123','RAYON-50','2022-01-23','neuf',0,691),(823,'REF-7378539','RAYON-62','2022-11-07','bon',0,450),(824,'REF-7446778','RAYON-38','2022-08-16','mauvais',0,346),(825,'REF-1553846','RAYON-75','2022-03-27','bon',0,201),(826,'REF-1638777','RAYON-22','2022-07-30','neuf',0,856),(827,'REF-8048414','RAYON-46','2022-11-09','mauvais',0,425),(828,'REF-6168290','RAYON-81','2022-03-11','bon',0,668),(829,'REF-6108716','RAYON-6','2022-06-01','moyen',0,845),(830,'REF-5711310','RAYON-33','2022-11-16','moyen',0,301),(831,'REF-5411464','RAYON-81','2022-05-20','moyen',0,661),(832,'REF-4746314','RAYON-40','2022-07-08','moyen',0,842),(833,'REF-5536323','RAYON-25','2022-07-18','mauvais',0,46),(834,'REF-2827907','RAYON-28','2022-07-10','moyen',0,548),(835,'REF-7622045','RAYON-17','2022-07-17','moyen',0,629),(836,'REF-7290872','RAYON-77','2022-08-07','bon',0,575),(837,'REF-6321385','RAYON-44','2022-04-12','moyen',0,27),(838,'REF-5464723','RAYON-66','2022-08-08','moyen',0,483),(839,'REF-9335147','RAYON-22','2022-04-16','moyen',0,909),(840,'REF-4355739','RAYON-46','2022-12-06','neuf',0,129),(841,'REF-4841371','RAYON-4','2022-09-13','moyen',0,961),(842,'REF-78897','RAYON-16','2022-09-28','neuf',0,839),(843,'REF-5059822','RAYON-2','2022-07-17','bon',0,733),(844,'REF-7525492','RAYON-57','2022-07-20','moyen',0,773),(845,'REF-8520841','RAYON-95','2022-02-24','moyen',0,939),(846,'REF-3309179','RAYON-84','2022-03-13','moyen',0,508),(847,'REF-245832','RAYON-61','2022-11-25','moyen',0,60),(848,'REF-496429','RAYON-7','2022-03-13','moyen',0,995),(849,'REF-1079057','RAYON-56','2022-06-12','moyen',0,276),(850,'REF-8086646','RAYON-22','2022-08-23','moyen',0,335),(851,'REF-6014241','RAYON-1','2022-03-19','mauvais',0,548),(852,'REF-4581047','RAYON-65','2022-11-03','moyen',0,840),(853,'REF-1127911','RAYON-5','2022-11-14','bon',0,48),(854,'REF-2001622','RAYON-86','2022-08-31','moyen',0,754),(855,'REF-5235828','RAYON-36','2022-03-19','mauvais',0,261),(856,'REF-9005109','RAYON-73','2022-11-16','bon',0,951),(857,'REF-791633','RAYON-55','2022-06-22','neuf',0,137),(858,'REF-2968340','RAYON-8','2022-06-19','moyen',0,473),(859,'REF-7405301','RAYON-29','2022-03-12','bon',0,161),(860,'REF-5217785','RAYON-13','2022-01-26','moyen',0,623),(861,'REF-5412618','RAYON-84','2022-07-20','moyen',0,296),(862,'REF-8380204','RAYON-31','2022-01-03','moyen',0,868),(863,'REF-2816739','RAYON-81','2022-03-06','neuf',0,558),(864,'REF-7662853','RAYON-16','2022-06-26','mauvais',0,950),(865,'REF-9429657','RAYON-87','2022-06-25','neuf',0,33),(866,'REF-8484026','RAYON-15','2022-03-03','neuf',0,807),(867,'REF-4752764','RAYON-96','2022-05-10','moyen',0,823),(868,'REF-4266902','RAYON-67','2022-01-16','bon',0,647),(869,'REF-2392048','RAYON-26','2022-07-21','mauvais',0,51),(870,'REF-2935519','RAYON-32','2022-09-05','moyen',0,84),(871,'REF-9176665','RAYON-34','2022-11-28','moyen',0,379),(872,'REF-8897005','RAYON-32','2022-11-16','bon',0,456),(873,'REF-3593991','RAYON-44','2022-01-28','mauvais',0,866),(874,'REF-6425579','RAYON-62','2022-02-24','bon',0,671),(875,'REF-2599286','RAYON-29','2022-08-22','moyen',0,76),(876,'REF-2027829','RAYON-79','2022-04-28','moyen',0,994),(877,'REF-9593688','RAYON-82','2022-03-15','moyen',0,872),(878,'REF-8982102','RAYON-88','2022-08-30','moyen',0,794),(879,'REF-6058363','RAYON-65','2022-05-29','neuf',0,456),(880,'REF-7315498','RAYON-30','2022-04-04','moyen',0,956),(881,'REF-6981216','RAYON-63','2022-01-09','bon',0,732),(882,'REF-5416120','RAYON-52','2022-11-29','neuf',0,924),(883,'REF-9612448','RAYON-4','2022-04-16','moyen',0,817),(884,'REF-2546594','RAYON-83','2022-05-08','moyen',0,291),(885,'REF-4345768','RAYON-31','2022-03-13','moyen',0,84),(886,'REF-2995970','RAYON-25','2022-04-28','neuf',0,580),(887,'REF-4890577','RAYON-71','2022-01-25','moyen',0,576),(888,'REF-2618697','RAYON-59','2022-02-18','moyen',0,368),(889,'REF-5816210','RAYON-81','2022-04-10','bon',0,837),(890,'REF-2575193','RAYON-78','2022-02-09','neuf',0,559),(891,'REF-5261277','RAYON-96','2022-03-14','bon',0,781),(892,'REF-1844325','RAYON-59','2022-05-07','mauvais',0,508),(893,'REF-1619004','RAYON-29','2022-12-03','moyen',0,771),(894,'REF-9479678','RAYON-43','2022-04-14','bon',0,728),(895,'REF-9685346','RAYON-66','2022-05-19','moyen',0,632),(896,'REF-4965472','RAYON-59','2022-06-11','bon',0,311),(897,'REF-4420032','RAYON-28','2022-01-26','moyen',0,949),(898,'REF-9442405','RAYON-88','2022-07-15','moyen',0,199),(899,'REF-9940335','RAYON-38','2022-11-14','bon',0,398),(900,'REF-91131','RAYON-86','2022-03-28','moyen',0,882),(901,'REF-3738904','RAYON-23','2022-01-03','moyen',0,189),(902,'REF-4647660','RAYON-76','2022-05-21','moyen',0,801),(903,'REF-8711732','RAYON-96','2022-02-26','bon',0,829),(904,'REF-9362071','RAYON-20','2022-03-02','moyen',0,879),(905,'REF-1726928','RAYON-23','2022-08-08','moyen',0,510),(906,'REF-7014830','RAYON-98','2022-10-08','mauvais',0,607),(907,'REF-8267346','RAYON-32','2022-02-04','moyen',0,983),(908,'REF-6812297','RAYON-47','2022-04-01','moyen',0,729),(909,'REF-4212727','RAYON-93','2022-04-30','neuf',0,819),(910,'REF-5149898','RAYON-12','2022-01-19','neuf',0,473),(911,'REF-6310731','RAYON-74','2022-10-08','moyen',0,919),(912,'REF-377679','RAYON-44','2022-01-21','moyen',0,947),(913,'REF-7643695','RAYON-99','2022-08-05','moyen',0,754),(914,'REF-6777755','RAYON-13','2022-08-04','moyen',0,777),(915,'REF-7801739','RAYON-58','2022-07-04','moyen',0,822),(916,'REF-4089336','RAYON-58','2022-08-27','bon',0,764),(917,'REF-9895324','RAYON-66','2022-04-20','neuf',0,845),(918,'REF-6221669','RAYON-58','2022-01-09','neuf',0,262),(919,'REF-1926542','RAYON-18','2022-04-24','mauvais',0,487),(920,'REF-4373059','RAYON-73','2022-04-24','bon',0,699),(921,'REF-2276869','RAYON-5','2022-07-10','bon',0,435),(922,'REF-6025476','RAYON-71','2022-09-18','neuf',0,612),(923,'REF-4378884','RAYON-36','2022-06-15','moyen',0,172),(924,'REF-8829084','RAYON-90','2022-10-27','bon',0,866),(925,'REF-1730000','RAYON-27','2022-10-19','bon',0,507),(926,'REF-8450408','RAYON-71','2022-12-20','neuf',0,488),(927,'REF-286889','RAYON-69','2022-04-26','moyen',0,952),(928,'REF-2576141','RAYON-44','2022-05-18','bon',0,881),(929,'REF-1435716','RAYON-8','2022-12-03','neuf',0,821),(930,'REF-3827989','RAYON-46','2022-02-09','moyen',0,727),(931,'REF-9181386','RAYON-41','2022-04-15','moyen',0,566),(932,'REF-8073585','RAYON-34','2022-04-08','moyen',0,714),(933,'REF-2214838','RAYON-97','2022-02-28','bon',0,977),(934,'REF-2632282','RAYON-39','2022-02-21','moyen',0,60),(935,'REF-745430','RAYON-20','2022-09-24','moyen',0,695),(936,'REF-7917309','RAYON-88','2022-01-02','moyen',0,723),(937,'REF-105418','RAYON-89','2022-05-18','moyen',0,577),(938,'REF-9786846','RAYON-17','2022-11-08','moyen',0,183),(939,'REF-5543986','RAYON-23','2022-06-10','moyen',0,439),(940,'REF-4815857','RAYON-10','2022-01-08','bon',0,390),(941,'REF-1624061','RAYON-65','2022-09-17','neuf',0,272),(942,'REF-6226078','RAYON-30','2022-08-12','neuf',0,368),(943,'REF-7720397','RAYON-76','2022-06-15','mauvais',0,480),(944,'REF-5858095','RAYON-50','2022-09-06','mauvais',0,180),(945,'REF-7302914','RAYON-12','2022-05-16','moyen',0,834),(946,'REF-441254','RAYON-73','2022-06-16','neuf',0,529),(947,'REF-7133117','RAYON-99','2022-09-29','bon',0,877),(948,'REF-1949642','RAYON-35','2022-02-18','neuf',0,486),(949,'REF-8276300','RAYON-69','2022-11-26','moyen',0,305),(950,'REF-6049705','RAYON-11','2022-09-18','moyen',0,337),(951,'REF-920738','RAYON-46','2022-12-13','neuf',0,636),(952,'REF-2649979','RAYON-42','2022-04-17','moyen',0,616),(953,'REF-7133551','RAYON-73','2022-06-14','moyen',0,600),(954,'REF-2933683','RAYON-67','2022-06-13','bon',0,306),(955,'REF-3108218','RAYON-64','2022-04-01','bon',0,260),(956,'REF-3924631','RAYON-19','2022-09-21','moyen',0,439),(957,'REF-4836045','RAYON-11','2022-01-23','mauvais',0,326),(958,'REF-79567','RAYON-7','2022-04-14','moyen',0,651),(959,'REF-4189370','RAYON-15','2022-06-10','moyen',0,266),(960,'REF-4490939','RAYON-46','2022-11-16','bon',0,111),(961,'REF-2753753','RAYON-5','2022-05-21','bon',0,420),(962,'REF-9544586','RAYON-52','2022-09-05','moyen',0,245),(963,'REF-5451310','RAYON-100','2022-04-25','neuf',0,361),(964,'REF-5981969','RAYON-91','2022-09-22','mauvais',0,62),(965,'REF-8489979','RAYON-6','2022-09-24','moyen',0,704),(966,'REF-5543027','RAYON-67','2022-08-15','bon',0,129),(967,'REF-2947725','RAYON-9','2022-07-14','moyen',0,503),(968,'REF-8704767','RAYON-85','2022-08-08','moyen',0,372),(969,'REF-6922000','RAYON-35','2022-08-22','moyen',0,108),(970,'REF-2999415','RAYON-18','2022-12-17','bon',0,411),(971,'REF-9861395','RAYON-70','2022-07-09','moyen',0,567),(972,'REF-1902395','RAYON-26','2022-09-04','moyen',0,818),(973,'REF-6021478','RAYON-56','2022-12-17','neuf',0,957),(974,'REF-3790853','RAYON-3','2022-12-20','neuf',0,817),(975,'REF-9012944','RAYON-6','2022-07-27','bon',0,856),(976,'REF-9533261','RAYON-20','2022-02-18','mauvais',0,962),(977,'REF-6646280','RAYON-44','2022-03-11','moyen',0,345),(978,'REF-4561674','RAYON-25','2022-11-06','moyen',0,281),(979,'REF-1120020','RAYON-72','2022-04-02','neuf',0,181),(980,'REF-8644251','RAYON-78','2022-04-18','bon',0,527),(981,'REF-896948','RAYON-87','2022-01-29','neuf',0,618),(982,'REF-5616093','RAYON-96','2022-02-04','neuf',0,429),(983,'REF-3046820','RAYON-24','2022-04-07','neuf',0,144),(984,'REF-4553922','RAYON-85','2022-10-31','moyen',0,569),(985,'REF-6444771','RAYON-52','2022-08-17','neuf',0,474),(986,'REF-8512842','RAYON-84','2022-08-08','bon',0,35),(987,'REF-5039958','RAYON-42','2022-07-20','moyen',0,846),(988,'REF-2501152','RAYON-72','2022-10-20','moyen',0,725),(989,'REF-5606053','RAYON-63','2022-06-14','moyen',0,571),(990,'REF-8228395','RAYON-41','2022-07-11','moyen',0,388),(991,'REF-8070141','RAYON-88','2022-12-01','neuf',0,162),(992,'REF-94038','RAYON-57','2022-10-05','moyen',0,529),(993,'REF-9998157','RAYON-42','2022-01-27','moyen',0,675),(994,'REF-6496149','RAYON-23','2022-03-05','neuf',0,23),(995,'REF-5103277','RAYON-49','2022-11-13','mauvais',0,861),(996,'REF-1661150','RAYON-25','2022-09-21','neuf',0,83),(997,'REF-18781','RAYON-77','2022-10-12','moyen',0,308),(998,'REF-7664433','RAYON-91','2022-03-29','moyen',0,935),(999,'REF-8033641','RAYON-22','2022-08-22','moyen',0,615),(1000,'REF-2017827','RAYON-17','2022-03-23','moyen',0,17);
/*!40000 ALTER TABLE `exemplaire` ENABLE KEYS */;
UNLOCK TABLES;

--
-- Table structure for table `lecteur`
--

DROP TABLE IF EXISTS `lecteur`;
/*!40101 SET @saved_cs_client     = @@character_set_client */;
/*!40101 SET character_set_client = utf8 */;
CREATE TABLE `lecteur` (
  `id` int(11) NOT NULL AUTO_INCREMENT,
  `nom` varchar(50) NOT NULL,
  `prenom` varchar(50) NOT NULL,
  `date_naissance` date NOT NULL,
  `adresse` varchar(50) NOT NULL,
  `num_rue` int(11) NOT NULL,
  `code_postal` int(11) NOT NULL,
  `localite` varchar(50) NOT NULL,
  `telephone` varchar(50) NOT NULL,
  PRIMARY KEY (`id`)
) ENGINE=InnoDB AUTO_INCREMENT=17 DEFAULT CHARSET=utf8mb4 COLLATE=utf8mb4_general_ci;
/*!40101 SET character_set_client = @saved_cs_client */;

--
-- Dumping data for table `lecteur`
--

LOCK TABLES `lecteur` WRITE;
/*!40000 ALTER TABLE `lecteur` DISABLE KEYS */;
INSERT INTO `lecteur` VALUES (1,'Leblanc','Jean','1980-01-01','Rue de la Paix',1,1000,'Bruxelles','02/111.11.11'),(2,'Dupont','Jeanne','1980-01-01','Rue de la Corolle',36,1000,'Bruxelles','02/111.11.11'),(3,'Durand','Philip','1980-01-01','Rue de la Libration',1,1000,'Bruxelles','02/111.11.11'),(4,'Martin','Paul','1980-01-01','Rue de la Statue',1,1000,'Bruxelles','02/111.11.11'),(5,'Dubois','Christophe','1980-01-01','Rue du Pont',1,1000,'Bruxelles','02/111.11.11'),(6,'Thomas','Patrick','1980-01-01','Rue des abeilles',1,1000,'Bruxelles','02/111.11.11'),(7,'Petit','Gabriel','1980-01-01','Rue des coliers',1,1000,'Bruxelles','02/111.11.11'),(8,'Robert','Vronique','1980-01-01','Rue de dent perdue',1,1000,'Bruxelles','02/111.11.11'),(9,'Richard','Alice','1980-01-01','Rue des rues',1,1000,'Bruxelles','02/111.11.11'),(10,'Leroy','Fabien','1980-01-01','Rue de l\'Ukgraine',1,1000,'Bruxelles','02/111.11.11'),(11,'Moreau','Alvaro','1980-01-01','Rue de la Paille',1,1000,'Bruxelles','02/111.11.11'),(12,'Simon','Lucien','1980-01-01','Rue de l\'hpital',1,1000,'Bruxelles','02/111.11.11'),(13,'Laurent','Martine','1980-01-01','Rue de la Paix',1,1000,'Bruxelles','02/111.11.11'),(14,'Michel','Sylvie','1980-01-01','Rue de la Paix',1,1000,'Bruxelles','02/111.11.11'),(15,'Lefebvre','Olivier','1980-01-01','Rue de la Paix',1,1000,'Bruxelles','02/111.11.11'),(16,'Lefevre','Stphane','1980-01-01','Rue de la Paix',1,1000,'Bruxelles','02/111.11.11');
/*!40000 ALTER TABLE `lecteur` ENABLE KEYS */;
UNLOCK TABLES;

--
-- Table structure for table `livre`
--

DROP TABLE IF EXISTS `livre`;
/*!40101 SET @saved_cs_client     = @@character_set_client */;
/*!40101 SET character_set_client = utf8 */;
CREATE TABLE `livre` (
  `id` int(11) NOT NULL AUTO_INCREMENT,
  `titre` varchar(1000) NOT NULL,
  `langue` varchar(50) NOT NULL,
  `annee_publication` int(4) NOT NULL,
  `nombre_pages` int(11) NOT NULL,
  `nombre_exemplaires` int(11) DEFAULT NULL,
  `code_isbn` varchar(50) NOT NULL,
  `auteur_id` int(11) NOT NULL,
  `theme_id` int(11) DEFAULT NULL,
  PRIMARY KEY (`id`),
  KEY `auteur_id` (`auteur_id`),
  KEY `theme_id` (`theme_id`),
  CONSTRAINT `livre_ibfk_1` FOREIGN KEY (`auteur_id`) REFERENCES `auteur` (`id`),
  CONSTRAINT `livre_ibfk_2` FOREIGN KEY (`theme_id`) REFERENCES `theme` (`id`)
) ENGINE=InnoDB AUTO_INCREMENT=1001 DEFAULT CHARSET=utf8mb4 COLLATE=utf8mb4_general_ci;
/*!40101 SET character_set_client = @saved_cs_client */;

--
-- Dumping data for table `livre`
--

LOCK TABLES `livre` WRITE;
/*!40000 ALTER TABLE `livre` DISABLE KEYS */;
INSERT INTO `livre` VALUES (1,'Conspirators of Pleasure (Spiklenci slasti)','allemand',1996,189,NULL,'891755755-4',435,4),(2,'Ghost Ship, The','amricain',2012,730,NULL,'810124811-0',290,4),(3,'Remarkable Power','amricain',2007,993,NULL,'782773505-3',423,1),(4,'Deewaar','allemand',1994,979,NULL,'489593432-2',359,3),(5,'Empire Records','russe',1929,413,NULL,'312391752-5',92,3),(6,'Gotcha!','amricain',1954,999,NULL,'682774389-6',318,3),(7,'Asterix in America (a.k.a Asterix Conquers America) (Astrix et les Indiens)','italien',1960,103,NULL,'119729504-6',132,4),(8,'En p miljonen','espagnol',2004,880,NULL,'867188119-9',371,2),(9,'Upside of Anger, The','espagnol',1995,140,NULL,'527134396-0',63,3),(10,'Charlie Chan\'s Murder Cruise','amricain',2004,337,NULL,'763104532-1',374,3),(11,'Untamed Youth','espagnol',2009,34,NULL,'287404048-7',226,2),(12,'Moment After, The','russe',2007,434,NULL,'817687548-1',197,3),(13,'Bad Biology','amricain',2012,254,NULL,'943928343-2',123,3),(14,'Machine, The','allemand',2012,534,NULL,'832870440-4',165,3),(15,'Bloodbrothers','russe',2006,771,NULL,'140872405-7',76,1),(16,'Seance (Krei)','amricain',1916,397,NULL,'348870461-0',49,3),(17,'Tamara','espagnol',1993,180,NULL,'688296405-X',175,3),(18,'Ginger Snaps','ukrainien',1989,185,NULL,'746884788-6',213,4),(19,'She\'s Out of Control','russe',2003,741,NULL,'145774810-X',360,1),(20,'Hiroshima','russe',1995,147,NULL,'485256736-0',283,3),(21,'Love Can Seriously Damage Your Health','allemand',2004,172,NULL,'560062399-2',278,4),(22,'Distant Drums','franais',1991,221,NULL,'727845361-5',449,3),(23,'Fanny and Alexander (Fanny och Alexander)','allemand',1994,501,NULL,'610446834-9',405,2),(24,'It\'s in the Water','allemand',2010,979,NULL,'372989704-7',183,2),(25,'Speedway Junky','ukrainien',1925,987,NULL,'552860676-4',300,3),(26,'State Fair','franais',2012,64,NULL,'037512574-4',94,2),(27,'Direct from Brooklyn','autre',1974,707,NULL,'374968406-5',378,1),(28,'Camille','allemand',1992,99,NULL,'192576206-8',317,2),(29,'Trail Beyond, The','russe',1993,877,NULL,'189450514-X',246,1),(30,'I Don\'t Want to Be a Man (Ich mchte kein Mann sein)','russe',1955,71,NULL,'723565832-0',454,3),(31,'Alan Partridge: Alpha Papa','allemand',1999,285,NULL,'951173374-5',142,3),(32,'Inspector Clouseau','allemand',1950,802,NULL,'033958208-1',258,3),(33,'Saving Mr. Banks','russe',2003,737,NULL,'572786892-0',1,4),(34,'Haunted Strangler, The (Grip of the Strangler)','amricain',2005,374,NULL,'277359917-9',147,3),(35,'Fantasia','espagnol',1987,843,NULL,'401120014-X',142,2),(36,'Affluenza','amricain',1942,688,NULL,'024706940-X',225,1),(37,'Honey','amricain',2008,398,NULL,'735973067-8',250,1),(38,'Night Strangler, The','allemand',1996,743,NULL,'470078241-2',302,1),(39,'The Little Rascals Save the Day','allemand',2009,527,NULL,'663751063-7',424,3),(40,'Lottery, The','amricain',1972,572,NULL,'524277983-7',77,3),(41,'Fresh Horses','amricain',2003,170,NULL,'925624270-2',256,2),(42,'American Yakuza','russe',1993,701,NULL,'704041967-X',233,1),(43,'El chocolate del loro','russe',2012,419,NULL,'881855549-9',272,2),(44,'Mr. Saturday Night','allemand',2003,446,NULL,'347058847-3',294,3),(45,'Employees\' Entrance','amricain',2008,579,NULL,'729406626-4',175,4),(46,'Notorious Landlady, The','amricain',2000,358,NULL,'749127880-9',211,4),(47,'Day Watch (Dnevnoy dozor)','russe',2014,217,NULL,'861227885-6',473,3),(48,'Freddy\'s Dead: The Final Nightmare (Nightmare on Elm Street Part 6: Freddy\'s Dead, A)','espagnol',1994,866,NULL,'042311560-X',52,3),(49,'Disco Dancer','amricain',1992,632,NULL,'815735785-3',202,1),(50,'Citizen X','allemand',2005,708,NULL,'777730406-2',220,4),(51,'Late August, Early September (Fin aot, dbut septembre)','espagnol',2001,310,NULL,'462441445-4',429,4),(52,'I\'ll Do Anything','amricain',2012,389,NULL,'085802051-3',495,4),(53,'Strangers on a Train','russe',2002,633,NULL,'303894089-5',397,2),(54,'Wichita','allemand',2010,868,NULL,'545999587-6',166,3),(55,'S.O.S. Eisberg','amricain',2010,617,NULL,'823152156-9',316,1),(56,'The Paris Express','amricain',2004,53,NULL,'227410684-3',70,2),(57,'Fitzgerald Family Christmas, The','allemand',2008,220,NULL,'649718380-9',382,1),(58,'This Film Is Not Yet Rated','russe',2007,117,NULL,'576165255-2',305,4),(59,'Under Capricorn','russe',1994,810,NULL,'823403384-0',80,4),(60,'Into the West','allemand',2005,720,NULL,'972270750-7',458,3),(61,'Bug','espagnol',1975,241,NULL,'727189406-3',168,2),(62,'Dirty Girl','russe',1955,199,NULL,'495307762-8',131,4),(63,'Mail Early for Xmas','allemand',1989,628,NULL,'805877094-9',136,4),(64,'Ashura','espagnol',1988,337,NULL,'186245988-6',296,2),(65,'Woman in the Dunes (Suna no onna)','amricain',1997,655,NULL,'823976445-2',439,2),(66,'George Carlin: It\'s Bad for Ya!','amricain',1989,997,NULL,'454779717-X',251,3),(67,'Bouncing Babies','italien',2005,912,NULL,'548845814-X',125,4),(68,'Battleground','ukrainien',1947,717,NULL,'592507845-4',118,4),(69,'Thoroughly Modern Millie','allemand',1973,403,NULL,'823054051-9',494,1),(70,'Elephant Man, The','ukrainien',2001,101,NULL,'602819323-2',455,3),(71,'Metrobranding','espagnol',1998,535,NULL,'033744296-7',438,2),(72,'Art of Dying, The (El Arte de Morir)','amricain',2005,178,NULL,'834406601-8',32,2),(73,'Mad Dog Time','autre',2012,391,NULL,'773362380-4',294,2),(74,'Soul Men','russe',2000,493,NULL,'892066099-9',427,3),(75,'Guadalcanal Diary','amricain',1987,75,NULL,'687662878-7',233,2),(76,'Black Venus','amricain',1971,245,NULL,'172154923-4',394,1),(77,'Portraits of Women (Naisenkuvia)','franais',1997,704,NULL,'882943187-7',199,3),(78,'William S. Burroughs: A Man Within','ukrainien',2011,85,NULL,'272754748-X',98,1),(79,'Fifty/Fifty','russe',2004,88,NULL,'079656897-9',429,3),(80,'Jaguar','espagnol',2004,825,NULL,'113892407-5',450,3),(81,'Eyes of an Angel','italien',2003,291,NULL,'662654573-6',142,2),(82,'Phantom of the Opera','amricain',2005,766,NULL,'811245112-5',270,1),(83,'Flame and Women (Hon to onna) ','amricain',2008,896,NULL,'584148140-1',88,3),(84,'Operation Homecoming: Writing the Wartime Experience','franais',2006,406,NULL,'696018104-6',489,3),(85,'New York Confidential','ukrainien',2003,617,NULL,'917737299-9',411,3),(86,'Dangerous Lives of Altar Boys, The','russe',1989,108,NULL,'770811309-1',254,1),(87,'Children of the Century, The (Enfants du sicle, Les)','ukrainien',1941,127,NULL,'712802926-5',278,3),(88,'Get Educated: Paathshaala','allemand',2001,127,NULL,'171454564-4',376,4),(89,'Willow Creek','allemand',1991,657,NULL,'634434858-5',241,2),(90,'Stevie','espagnol',1992,44,NULL,'895017336-0',301,3),(91,'Corvette Summer','allemand',1998,677,NULL,'628034235-2',244,4),(92,'With Fire and Sword (Ogniem i mieczem)','amricain',2006,455,NULL,'209279126-5',426,1),(93,'Les hautes solitudes','amricain',1993,208,NULL,'848676220-0',97,3),(94,'Shriek If You Know What I Did Last Friday the Thirteenth','amricain',1925,254,NULL,'562584807-6',209,2),(95,'Fist of the North Star','ukrainien',1905,294,NULL,'172041261-8',306,2),(96,'Melissa P.','amricain',2003,828,NULL,'054429929-9',322,1),(97,'Soul Survivors (a.k.a. The Killer Cut)','italien',1971,175,NULL,'384729666-3',420,4),(98,'Vacancy','amricain',1996,557,NULL,'388107308-6',51,1),(99,'Dark Truth, A (Truth, The)','espagnol',1923,513,NULL,'722425522-X',45,3),(100,'Sword and the Dragon, The (Ilya Muromets)','allemand',1986,205,NULL,'465672430-0',252,2),(101,'Hard, Fast and Beautiful','russe',1973,37,NULL,'365324419-6',295,3),(102,'The Fighting 69th','russe',1987,558,NULL,'078065355-6',274,1),(103,'Big Game','franais',1953,541,NULL,'327080931-X',371,4),(104,'Wish I Was Here','amricain',2005,331,NULL,'536212174-X',343,2),(105,'Blood and Chocolate','russe',1945,357,NULL,'987184281-3',290,4),(106,'Dog Day Afternoon','allemand',2003,608,NULL,'648523622-8',292,2),(107,'Reflections in a Golden Eye','russe',1996,752,NULL,'466821611-9',172,3),(108,'4th Floor, The','espagnol',1994,29,NULL,'133692445-4',354,1),(109,'Just Add Water','italien',2002,867,NULL,'892714153-9',369,4),(110,'Railway Children, The','allemand',1967,527,NULL,'050561798-6',149,2),(111,'My Way (Mai Wei)','allemand',2000,242,NULL,'035616315-6',463,4),(112,'Flight of the Phoenix, The','franais',2005,492,NULL,'343220361-6',31,1),(113,'Heidi','russe',1996,40,NULL,'006067371-0',328,1),(114,'Dead Calling, A','allemand',2008,645,NULL,'709519842-X',90,2),(115,'Rocket Gibraltar','russe',1989,495,NULL,'452389025-0',478,4),(116,'How to Seduce Difficult Women','russe',2004,302,NULL,'004794307-6',493,1),(117,'Someone Else\'s America','allemand',2008,634,NULL,'243071995-9',488,2),(118,'Out for a Kill','russe',2006,374,NULL,'046175880-6',144,4),(119,'Bad Country','espagnol',1992,477,NULL,'913731852-7',99,1),(120,'Chance Pe Dance','italien',2007,612,NULL,'251912155-6',356,2),(121,'Boys, The (Pojat)','amricain',1998,400,NULL,'701048965-3',500,1),(122,'Rollerball','espagnol',2005,986,NULL,'898835531-8',484,3),(123,'Hum Aapke Hain Koun...!','russe',1991,353,NULL,'404139092-3',145,1),(124,'[REC] 4: Apocalypse','espagnol',1978,709,NULL,'963359366-2',248,3),(125,'Flowers in the Attic','amricain',1997,246,NULL,'432845985-6',269,1),(126,'House III: The Horror Show','franais',2007,83,NULL,'871148236-2',67,2),(127,'Antitrust','italien',1992,779,NULL,'834205126-9',390,2),(128,'Blue Lagoon, The','allemand',2011,104,NULL,'574297473-6',438,2),(129,'Elmer Gantry','espagnol',1998,808,NULL,'744591551-6',113,2),(130,'Barbed Wire','allemand',2003,383,NULL,'465073377-4',465,3),(131,'Hidden Fortress, The (Kakushi-toride no san-akunin)','ukrainien',1970,633,NULL,'490679620-6',130,4),(132,'31 North 62 East','amricain',1995,49,NULL,'654507716-3',394,2),(133,'42nd Street','allemand',1996,967,NULL,'946112510-0',450,2),(134,'In Dreams','amricain',2015,343,NULL,'000481157-7',141,4),(135,'King of Comedy (Hei kek ji wong)','espagnol',2010,203,NULL,'115982838-5',257,1),(136,'First Man Into Space','amricain',2001,377,NULL,'992905832-X',355,4),(137,'The Winslow Boy','amricain',2004,119,NULL,'058469838-0',44,4),(138,'Kids Return (Kizzu ritn)','espagnol',2008,8,NULL,'190647882-1',443,3),(139,'French Connection, The','espagnol',2011,568,NULL,'653437801-9',54,4),(140,'Extraordinary Adventures of Adle Blanc-Sec, The','amricain',2001,238,NULL,'734279740-5',477,3),(141,'[REC] 4: Apocalypse','russe',1900,899,NULL,'185884204-2',255,4),(142,'Lolita','russe',1998,901,NULL,'715255390-4',184,3),(143,'20,000 Leagues Under the Sea','ukrainien',1920,631,NULL,'186825722-3',231,2),(144,'Gantz','italien',2000,955,NULL,'523142310-6',392,2),(145,'Beyond a Reasonable Doubt','amricain',1973,994,NULL,'749096620-5',176,3),(146,'Bowery at Midnight','espagnol',1984,673,NULL,'720843706-8',233,4),(147,'Big Jim McLain','allemand',2007,906,NULL,'937534005-8',71,1),(148,'War','franais',1965,753,NULL,'219343798-X',487,2),(149,'Next Friday','russe',2004,81,NULL,'067682924-4',427,3),(150,'Yellow Sea, The (a.k.a. The Murderer) (Hwanghae)','amricain',1969,751,NULL,'172155728-8',216,3),(151,'Rockers','franais',2001,795,NULL,'326613005-7',307,4),(152,'In the Navy','allemand',2005,210,NULL,'468465632-2',127,2),(153,'Spies (Spione)','espagnol',2012,46,NULL,'801843863-3',459,3),(154,'Hours','amricain',1985,9,NULL,'828806860-X',356,4),(155,'Jack Goes Boating','allemand',1993,915,NULL,'446149534-5',374,1),(156,'Genius Within: The Inner Life of Glenn Gould','espagnol',1986,721,NULL,'544027948-2',72,4),(157,'Arlington Road','amricain',1996,76,NULL,'205439729-6',168,4),(158,'Wives and Lovers','amricain',1990,415,NULL,'533554833-9',325,1),(159,'Flicker','russe',2007,145,NULL,'449905341-2',445,1),(160,'Berserk','espagnol',1905,835,NULL,'072327248-4',362,3),(161,'Goodbye, Dragon Inn (Bu san)','russe',1959,645,NULL,'289656942-1',497,4),(162,'Whole Nine Yards, The','amricain',2013,296,NULL,'953944704-6',270,2),(163,'Modris','franais',1939,611,NULL,'469767982-2',284,3),(164,'Providence','ukrainien',2006,9,NULL,'381854929-X',82,1),(165,'Young Girls of Rochefort, The (Demoiselles de Rochefort, Les)','allemand',2005,346,NULL,'121761957-7',276,4),(166,'Pyramid, The','russe',2011,114,NULL,'802451220-3',6,1),(167,'My Piece of the Pie (Ma part du gteau)','allemand',2008,546,NULL,'406512173-6',419,2),(168,'HellBent','franais',2007,423,NULL,'906616582-0',190,2),(169,'Fire Within, The (Feu follet, Le)','russe',2006,219,NULL,'874432627-0',47,4),(170,'Last Stop 174 (ltima Parada 174) ','espagnol',2006,639,NULL,'324806668-7',181,2),(171,'Infamous','franais',1997,196,NULL,'001499180-2',153,3),(172,'Life as We Know It','allemand',1997,752,NULL,'423017822-0',27,1),(173,'Transistor Love Story (Monrak Transistor)','allemand',1990,167,NULL,'296501932-4',96,1),(174,'Spring Break Shark Attack','allemand',2004,452,NULL,'166596829-X',210,4),(175,'101 Dalmatians (One Hundred and One Dalmatians)','amricain',1995,852,NULL,'732586049-8',249,4),(176,'Leave','espagnol',2010,542,NULL,'057686167-7',435,2),(177,'Captain Abu Raed','allemand',1995,489,NULL,'304397771-8',325,4),(178,'711 Ocean Drive','amricain',2004,528,NULL,'929968809-5',268,2),(179,'Dear Heart','allemand',1990,533,NULL,'934928575-4',5,1),(180,'High Heels and Low Lifes','espagnol',2001,492,NULL,'670539039-5',276,1),(181,'Hole in the Head, A','amricain',2002,831,NULL,'369534565-9',56,1),(182,'Creepshow','amricain',1994,171,NULL,'657442425-9',355,1),(183,'Rooster\'s Breakfast (Petelinji zajtrk)','russe',1917,816,NULL,'308301576-3',251,4),(184,'Last Legion, The','allemand',2007,173,NULL,'140372787-2',297,1),(185,'Heidi','italien',1979,951,NULL,'024355953-4',92,4),(186,'Abols Upe','amricain',2009,453,NULL,'427679686-5',166,1),(187,'Without Love','amricain',2011,33,NULL,'941514596-X',138,4),(188,'Boys Life','ukrainien',1998,86,NULL,'044421038-5',360,3),(189,'Earthsea (Legend of Earthsea)','allemand',1994,612,NULL,'391358161-8',148,2),(190,'Flamingo Kid, The','amricain',1987,985,NULL,'861820236-3',23,3),(191,'American Pie Presents The Naked Mile (American Pie 5: The Naked Mile)','espagnol',2002,809,NULL,'334357813-4',364,4),(192,'Amazing Journey: The Story of The Who','ukrainien',1990,60,NULL,'662980706-5',481,3),(193,'Gerry','allemand',2011,744,NULL,'844494338-X',310,4),(194,'Defending Your Life','espagnol',2006,19,NULL,'651449468-4',166,1),(195,'World According to Garp, The','franais',1974,544,NULL,'251187765-1',29,3),(196,'Rated X','amricain',2003,365,NULL,'582538529-0',249,3),(197,'The Fuller Brush Man','russe',2004,992,NULL,'108727897-X',297,2),(198,'Lake City','allemand',1991,403,NULL,'408472053-4',310,1),(199,'Family Jewels, The (Eierdiebe)','allemand',1998,702,NULL,'235902251-2',227,1),(200,'Atlas Shrugged: Who Is John Galt? (Atlas Shrugged: Part III)','espagnol',1995,120,NULL,'240124466-2',127,4),(201,'Party, The','allemand',2013,942,NULL,'061778495-7',275,2),(202,'Doctor Strange','amricain',1936,720,NULL,'776087733-1',142,4),(203,'Flashpoint','allemand',2011,946,NULL,'342970276-3',59,2),(204,'Men of Means','allemand',1930,130,NULL,'867786362-1',217,1),(205,'Kanal','allemand',1945,100,NULL,'493599643-9',335,2),(206,'Bones','allemand',1910,241,NULL,'583791936-8',298,4),(207,'Zero Charisma','amricain',2008,67,NULL,'554047393-0',330,4),(208,'Blind Faith','allemand',1941,515,NULL,'529692787-7',62,3),(209,'Phone Call from a Stranger','amricain',1951,250,NULL,'070405384-5',230,1),(210,'Shara (Sharasojyu)','autre',2007,583,NULL,'871311971-0',2,4),(211,'Oath, The','espagnol',1991,793,NULL,'582133320-2',353,2),(212,'Solaris','russe',1992,53,NULL,'882067411-4',456,2),(213,'That Guy... Who Was in That Thing','russe',2011,200,NULL,'882150335-6',380,1),(214,'Once Upon a Time (Der var engang)','franais',2007,105,NULL,'409282052-6',495,2),(215,'Cooperstown','allemand',1990,840,NULL,'737922780-7',309,3),(216,'Hysteria: The Def Leppard Story','allemand',1996,184,NULL,'338889031-5',237,2),(217,'Idlewild','ukrainien',2012,124,NULL,'190709636-1',306,3),(218,'Attack of the Puppet People','russe',1988,99,NULL,'849285012-4',370,3),(219,'Tokyo-Ga','allemand',2011,561,NULL,'070284873-5',203,3),(220,'Touki Bouki','allemand',1988,435,NULL,'778586151-X',56,3),(221,'Shanghai Knights','ukrainien',1995,417,NULL,'290263556-7',411,2),(222,'Fuck Up','amricain',1912,476,NULL,'063305483-6',289,1),(223,'On a Clear Day You Can See Forever','espagnol',1997,352,NULL,'675418102-8',124,2),(224,'Head-On (Gegen die Wand)','espagnol',1928,653,NULL,'374574350-4',52,1),(225,'The Gallant Hours','russe',2007,788,NULL,'450897287-X',71,1),(226,'Killer Is Loose, The','allemand',2001,933,NULL,'467026820-1',382,3),(227,'Petulia','amricain',1985,122,NULL,'742113554-5',275,4),(228,'Just Imagine','espagnol',2008,83,NULL,'035941358-7',355,3),(229,'Atlas Shrugged: Who Is John Galt? (Atlas Shrugged: Part III)','ukrainien',2007,693,NULL,'030790314-1',8,1),(230,'Holiday','espagnol',2002,449,NULL,'505790156-7',13,4),(231,'Great Diamond Robbery, The','russe',1915,419,NULL,'799739797-3',356,3),(232,'In Praise of Love (loge de l\'amour)','russe',1997,513,NULL,'717072137-6',265,4),(233,'Whole Town\'s Talking, The (Passport to Fame)','russe',1998,853,NULL,'800999983-0',353,4),(234,'Apple Dumpling Gang, The','allemand',1911,289,NULL,'189579900-7',46,4),(235,'Paint It Yellow (Rang De Basanti)','allemand',2009,865,NULL,'071878124-4',461,3),(236,'Babadook, The','franais',1912,943,NULL,'673127105-5',348,3),(237,'Cheech and Chong\'s Animated Movie','espagnol',1989,351,NULL,'940861853-X',337,1),(238,'Someday This Pain Will Be Useful to You','allemand',2005,843,NULL,'319556637-0',402,2),(239,'Don\'t Tell Mom the Babysitter\'s Dead','amricain',1989,322,NULL,'653916649-4',268,2),(240,'Fruitcake','allemand',2007,83,NULL,'538091414-4',154,1),(241,'Diabolique (Les diaboliques)','franais',1929,385,NULL,'705917577-6',334,4),(242,'Tanguy','italien',2007,142,NULL,'618186288-9',454,1),(243,'Mutual Appreciation','espagnol',2006,636,NULL,'131974655-1',156,4),(244,'First Kid','amricain',2003,717,NULL,'781542277-2',140,4),(245,'Letters to Juliet','allemand',2006,461,NULL,'564576589-3',188,1),(246,'Survive Style 5+','amricain',1986,185,NULL,'248661002-2',40,4),(247,'Ordinary Miracles','autre',1990,726,NULL,'641577036-5',159,2),(248,'Russian Ark (Russkiy Kovcheg)','amricain',1998,225,NULL,'765680269-X',390,3),(249,'Taxi Blues','russe',1996,790,NULL,'232990027-9',381,1),(250,'Hobbit: The Desolation of Smaug, The','ukrainien',2006,807,NULL,'065829681-7',45,4),(251,'Cry in the Night, A','amricain',2007,636,NULL,'999397680-6',458,1),(252,'Paranormal Activity: The Marked Ones','espagnol',1990,236,NULL,'731244393-1',141,2),(253,'Mysteries of Lisbon (Mistrios de Lisboa)','russe',1983,532,NULL,'619636690-4',149,2),(254,'Search and Destroy','russe',1993,899,NULL,'184511535-X',183,3),(255,'Formula 51','allemand',2008,654,NULL,'752440863-3',461,2),(256,'Kid from Brooklyn, The','espagnol',2010,104,NULL,'843788071-8',46,4),(257,'Pathfinder (Ofelas)','russe',2007,786,NULL,'485654213-3',253,3),(258,'House III: The Horror Show','allemand',1994,809,NULL,'834275768-4',303,1),(259,'Easy Come, Easy Go','italien',1996,296,NULL,'231383484-0',458,2),(260,'Pokmon Heroes','russe',1977,607,NULL,'001844429-6',214,4),(261,'Beyond Tomorrow (Beyond Christmas)','allemand',2008,263,NULL,'791225559-1',165,4),(262,'Slums of Beverly Hills, The','franais',2001,295,NULL,'967412930-8',452,3),(263,'Pursuit of Happyness, The','russe',2002,96,NULL,'657846080-2',126,1),(264,'Sometime in August (Mitte Ende August)','ukrainien',1927,622,NULL,'652920385-0',448,4),(265,'Bleak House','amricain',1997,174,NULL,'622866886-2',16,1),(266,'New York Cop (Ny Yku no koppu)','ukrainien',1995,438,NULL,'901329319-0',120,3),(267,'Willy Wonka & the Chocolate Factory','allemand',1996,658,NULL,'830573701-2',483,2),(268,'Harum Scarum','espagnol',1979,630,NULL,'588839839-X',324,1),(269,'Perfume of the Lady in Black, The (Il profumo della signora in nero)','amricain',1969,334,NULL,'788171274-0',55,2),(270,'Magic in the Water','amricain',2006,961,NULL,'599671755-7',137,1),(271,'Goliyon Ki Raasleela Ram-Leela','franais',1998,234,NULL,'437888572-7',314,3),(272,'Bed & Breakfast: Love is a Happy Accident (Bed & Breakfast)','russe',2008,648,NULL,'429800972-6',389,3),(273,'The Two Policemen','espagnol',2002,933,NULL,'167481855-6',488,4),(274,'Alien Escape','espagnol',2004,901,NULL,'997178057-7',387,4),(275,'Craig Ferguson: Does This Need to Be Said?','franais',2002,597,NULL,'248038685-6',17,1),(276,'K-19: The Widowmaker','allemand',1989,879,NULL,'542407657-2',494,2),(277,'Je, tu, il, elle (I, You, He, She)','franais',2012,511,NULL,'670237321-X',137,2),(278,'Kelly & Cal','ukrainien',2021,675,NULL,'179322908-2',111,2),(279,'Live from Baghdad','italien',2007,231,NULL,'796718620-6',204,4),(280,'Valley of Head Hunters','autre',2005,947,NULL,'926289332-9',69,2),(281,'Ice Age','espagnol',2005,197,NULL,'779165731-7',204,4),(282,'Pellet (Bola, El)','franais',1994,383,NULL,'528439733-9',197,4),(283,'Pocket Money','ukrainien',1999,888,NULL,'405434597-2',326,2),(284,'Float','franais',2005,718,NULL,'527937178-5',133,4),(285,'Substitute, The','espagnol',2007,16,NULL,'391457666-9',122,4),(286,'Black Stallion, The','espagnol',2008,425,NULL,'578155988-4',141,2),(287,'Master, The','espagnol',2009,225,NULL,'436993057-X',194,2),(288,'Sputnik','franais',1989,127,NULL,'195239938-6',239,4),(289,'Bound by Honor (a.k.a. Blood In, Blood Out)','allemand',2006,61,NULL,'206111496-2',85,3),(290,'Pale Cocoon (Peiru Kokun)','russe',1991,644,NULL,'697599150-2',348,3),(291,'Win a Date with Tad Hamilton!','allemand',2011,508,NULL,'689919006-0',155,1),(292,'Lee Daniels\' The Butler','franais',1919,222,NULL,'659818785-0',270,1),(293,'Alex and Emma','espagnol',1912,1,NULL,'910041277-5',441,1),(294,'Lightning Strikes Twice','italien',1905,223,NULL,'963216485-7',400,4),(295,'Queen Sized','franais',2004,132,NULL,'266183695-0',276,1),(296,'Power/Rangers','allemand',2010,310,NULL,'456987785-0',444,3),(297,'Safe Sex','amricain',1946,763,NULL,'603890170-1',493,1),(298,'Lonely Place to Die, A','amricain',2003,75,NULL,'067482896-8',227,2),(299,'Alice','amricain',2012,136,NULL,'543220839-3',154,2),(300,'Earth Entranced (Terra em Transe)','amricain',1991,538,NULL,'114960516-2',129,4),(301,'Like Father, Like Son','allemand',2005,395,NULL,'253382314-7',31,1),(302,'Horse\'s Mouth, The','allemand',2005,810,NULL,'297569601-9',344,3),(303,'I.Q.','amricain',1989,879,NULL,'841427357-2',338,1),(304,'White Man\'s Burden','franais',2011,233,NULL,'457673206-4',371,2),(305,'Broken Embraces (Los abrazos rotos)','italien',2011,566,NULL,'421227962-2',316,2),(306,'Zen Noir','allemand',1995,1,NULL,'132934245-3',244,2),(307,'Haunted Palace, The','russe',1986,379,NULL,'155275986-5',316,3),(308,'Perfect Man, A','allemand',2008,797,NULL,'905055230-7',278,3),(309,'Groomsmen, The','russe',1992,259,NULL,'258642600-2',139,2),(310,'Destricted','amricain',1987,6,NULL,'062717942-8',459,1),(311,'Cheers for Miss Bishop','russe',1924,347,NULL,'336896303-1',357,1),(312,'Predators','russe',2002,322,NULL,'618620928-8',17,2),(313,'Devils, The','allemand',1993,226,NULL,'442599644-5',415,2),(314,'Bourne Ultimatum, The','amricain',2009,256,NULL,'910129218-8',274,2),(315,'Ways to Live Forever','ukrainien',2006,84,NULL,'363021021-X',31,1),(316,'The Rag Man','ukrainien',1999,553,NULL,'387832927-X',496,3),(317,'Mother of Mine (ideist parhain)','espagnol',1954,246,NULL,'797079654-0',465,4),(318,'K-11','ukrainien',1993,944,NULL,'180023312-4',319,2),(319,'Borgman','espagnol',1979,648,NULL,'017029204-5',238,4),(320,'Whores\' Glory','espagnol',2011,425,NULL,'070124154-3',326,4),(321,'Everybody\'s Got Somebody... Not Me','franais',1999,209,NULL,'306720197-3',381,1),(322,'Heat\'s On, The','russe',2004,816,NULL,'826240539-0',45,1),(323,'Land Without Bread (Hurdes, tierra sin pan, Las)','amricain',1990,741,NULL,'058352238-6',297,3),(324,'Secret Life of Walter Mitty, The','franais',2010,821,NULL,'256292647-1',212,3),(325,'Raising Arizona','franais',1984,986,NULL,'155806673-X',497,1),(326,'Man I Love, The','russe',2009,569,NULL,'102388979-X',493,2),(327,'Blades of Glory','ukrainien',2009,443,NULL,'633261033-6',201,1),(328,'Encounter in the Third Dimension','espagnol',1913,906,NULL,'526457877-X',447,3),(329,'Tulse Luper Suitcases, Part 1: The Moab Story, The','allemand',1999,232,NULL,'665733189-4',402,4),(330,'Bridal Party in Hardanger, The (Brudeferden i Hardanger)','espagnol',2012,808,NULL,'908345184-4',376,3),(331,'Young and Prodigious T.S. Spivet, The (L\'extravagant voyage du jeune et prodigieux T.S. Spivet)','allemand',2007,799,NULL,'491534316-2',77,4),(332,'Last Godfather, The','amricain',1939,603,NULL,'202295369-X',406,2),(333,'Torrente 5: Operacin Eurovegas','russe',1936,306,NULL,'597848294-2',311,4),(334,'Room for Romeo Brass, A','allemand',1961,188,NULL,'105627366-6',362,2),(335,'My Mother\'s Smile (a.k.a. The Religion Hour) (L\'ora di religione) (Il sorriso di mia madre)','espagnol',1993,851,NULL,'809759470-6',163,3),(336,'Evil (Ondskan)','ukrainien',2004,166,NULL,'779776625-8',249,4),(337,'Diner','allemand',2012,992,NULL,'858470971-1',265,2),(338,'Attack of the Killer Tomatoes!','amricain',2009,425,NULL,'874734076-2',156,2),(339,'Flashbacks of a Fool','ukrainien',1998,252,NULL,'366520362-7',149,1),(340,'Aces: Iron Eagle III','allemand',1996,286,NULL,'690113374-X',63,2),(341,'Daffy Duck\'s Quackbusters','franais',2000,275,NULL,'478429997-1',326,2),(342,'Wheels on Meals (Kuai can che)','franais',1976,522,NULL,'901203810-3',213,1),(343,'Maximum Conviction','espagnol',1976,251,NULL,'744995405-2',389,1),(344,'Relic, The','allemand',2004,367,NULL,'179268330-8',44,3),(345,'Save Me','allemand',2003,760,NULL,'240581449-8',462,2),(346,'Loverboy','allemand',1990,133,NULL,'273045580-9',292,1),(347,'Voodoo Tiger','amricain',2010,146,NULL,'138923222-0',221,2),(348,'Each Dawn I Die','russe',2007,277,NULL,'270337526-3',132,2),(349,'Bad Lieutenant','ukrainien',1928,482,NULL,'253774387-3',307,2),(350,'Io Island (Iodo)','amricain',2012,656,NULL,'503582987-1',442,1),(351,'Bourne Legacy, The','autre',1998,643,NULL,'861716011-X',435,1),(352,'Honey, I Shrunk the Kids','allemand',1937,727,NULL,'780672363-3',487,1),(353,'Man with the Gun','italien',2005,634,NULL,'088208693-6',200,2),(354,'Alexandra\'s Project','espagnol',2000,706,NULL,'558609698-6',264,3),(355,'Calamity Jane','espagnol',1992,234,NULL,'693999650-8',107,2),(356,'I Hope They Serve Beer in Hell','espagnol',2009,404,NULL,'470996853-5',436,1),(357,'Justin Bieber: Never Say Never','allemand',1993,725,NULL,'972016844-7',334,2),(358,'Bakery Girl of Monceau, The (La boulangre de Monceau)','amricain',2009,306,NULL,'426749332-4',259,1),(359,'Confessional, The (Confessionnal, Le)','franais',1926,583,NULL,'318008549-5',236,4),(360,'Just Like Me (Igualita a Mi)','espagnol',2009,62,NULL,'291435405-3',186,2),(361,'Body Snatchers','russe',1993,138,NULL,'680276197-1',172,3),(362,'Simpatico','espagnol',1998,831,NULL,'820782801-3',307,3),(363,'Downeast','allemand',2013,116,NULL,'157366425-1',166,2),(364,'Adventures of Robin Hood, The','ukrainien',1999,418,NULL,'483993364-2',154,3),(365,'Union Station','russe',1972,466,NULL,'048202179-9',140,3),(366,'Belle comme la femme d\'un autre','amricain',1938,881,NULL,'665594104-0',11,2),(367,'It\'s Impossible to Learn to Plow by Reading Books','allemand',2008,266,NULL,'081492443-3',265,2),(368,'One Flew Over the Cuckoo\'s Nest','allemand',1994,687,NULL,'540508609-6',332,1),(369,'Aria','espagnol',1998,423,NULL,'463580029-6',160,4),(370,'...tick... tick... tick...','espagnol',2003,860,NULL,'023295277-9',243,4),(371,'Greatest Show on Earth, The','espagnol',1993,791,NULL,'277140742-6',499,2),(372,'Hitchcock','franais',1996,143,NULL,'554489358-6',368,1),(373,'Perils of the Sentimental Swordsman','amricain',1912,603,NULL,'763997508-5',184,3),(374,'Search for One-eye Jimmy, The','allemand',1992,842,NULL,'611095561-2',343,2),(375,'Jade','franais',2005,892,NULL,'226795135-5',25,4),(376,'Liar\'s Autobiography: The Untrue Story of Monty Python\'s Graham Chapman, A','allemand',1996,851,NULL,'101192331-9',398,3),(377,'Jungle de Ikou (Jungre de Ikou)','espagnol',1998,500,NULL,'260724613-X',362,3),(378,'Farsan','russe',2009,469,NULL,'816907934-9',174,3),(379,'Paradise','autre',1998,675,NULL,'317906687-3',325,4),(380,'King Boxer: Five Fingers of Death (Tian xia di yi quan)','amricain',2010,138,NULL,'065503405-6',67,3),(381,'Beach Blanket Bingo','autre',2009,290,NULL,'101513018-6',248,4),(382,'Crippled Avengers (Can que) (Return of the 5 Deadly Venoms)','amricain',1991,291,NULL,'278744334-6',370,2),(383,'Snow Walker, The','amricain',1908,593,NULL,'803990682-2',286,2),(384,'Pompatus of Love, The','allemand',1992,310,NULL,'565223292-7',121,4),(385,'Endless Love','amricain',2003,646,NULL,'446583686-4',40,4),(386,'Frenzy','italien',1990,19,NULL,'747315996-8',379,1),(387,'Makai Tensho: Samurai Reincarnation (Makai tensh)','franais',1993,481,NULL,'745975983-X',193,1),(388,'Woman in Red, The','allemand',1998,92,NULL,'585694921-8',183,4),(389,'Mating Habits of the Earthbound Human, The','espagnol',1979,971,NULL,'324489019-9',74,3),(390,'Evolver','amricain',1994,123,NULL,'490229314-5',115,4),(391,'Viva Knievel!','russe',1995,773,NULL,'726785496-6',198,3),(392,'Air Crew','amricain',2009,544,NULL,'901660687-4',264,4),(393,'Fireproof','ukrainien',2006,802,NULL,'019712174-8',235,1),(394,'Django the Bastard (Strangers Gundown, The) (Django il bastardo)','autre',1969,298,NULL,'665696886-4',60,1),(395,'Head Over Heels (De Pernas pro Ar)','autre',2010,714,NULL,'034193739-8',2,4),(396,'Saw VI','espagnol',1994,933,NULL,'809623261-4',385,4),(397,'Kedma','allemand',2012,889,NULL,'146568194-9',167,4),(398,'Don\'t Go Breaking My Heart (Daan gyun naam yu)','allemand',1992,716,NULL,'801489599-1',241,2),(399,'Ice Soldiers','italien',1907,54,NULL,'437206246-X',232,4),(400,'Pit and the Pendulum, The','amricain',1993,948,NULL,'165902570-2',305,3),(401,'Larry Crowne','allemand',1911,736,NULL,'802189838-0',402,4),(402,'Diva','amricain',2008,454,NULL,'479149449-0',216,4),(403,'Kate & Leopold','allemand',2008,329,NULL,'663348098-9',16,4),(404,'Can\'t Hardly Wait','ukrainien',1989,924,NULL,'356273672-X',364,1),(405,'The Visitor','allemand',2006,59,NULL,'432022431-0',29,2),(406,'Thieves, The (Dodookdeul)','franais',2010,15,NULL,'728907783-0',480,1),(407,'Last Season, The','allemand',2009,520,NULL,'678265109-2',462,3),(408,'Mardock Scramble: The Second Combustion','espagnol',1934,139,NULL,'803781345-2',390,2),(409,'Who\'s Your Daddy?','espagnol',2002,141,NULL,'994664547-5',259,3),(410,'Good Ol\' Freda','russe',1995,55,NULL,'686787382-0',111,1),(411,'William Kunstler: Disturbing the Universe','russe',2012,9,NULL,'509610008-1',86,4),(412,'Haunter','espagnol',2004,714,NULL,'990001306-9',57,1),(413,'King of California','espagnol',2003,575,NULL,'283899464-6',305,4),(414,'Dead Meat','allemand',1917,881,NULL,'141534953-3',41,3),(415,'Veronika Voss (Sehnsucht der Veronika Voss, Die)','amricain',2002,316,NULL,'364646868-8',13,1),(416,'Harum Scarum','russe',2011,254,NULL,'949415318-9',239,3),(417,'Making Plans for Lena (Non ma fille, tu n\'iras pas danser)','italien',2003,378,NULL,'850895975-3',76,1),(418,'Grease','russe',2005,322,NULL,'399673314-3',16,3),(419,'Farewell to Matyora','allemand',1993,593,NULL,'051297759-3',246,4),(420,'Mission: Impossible - Ghost Protocol','espagnol',2004,306,NULL,'888913159-4',250,2),(421,'Asterix and the Big Fight (Astrix et le coup du menhir)','amricain',2006,182,NULL,'582915093-X',206,1),(422,'Exit Through the Gift Shop','franais',1993,730,NULL,'868684180-5',238,3),(423,'Last Time, The','espagnol',1999,61,NULL,'840851318-4',198,4),(424,'Hitler\'s Madman','espagnol',2004,339,NULL,'895164437-5',258,4),(425,'Making a Killing: The Untold Story of Psychotropic Drugging','allemand',2006,931,NULL,'075668937-6',27,4),(426,'Office Space','franais',2004,433,NULL,'644531975-0',214,4),(427,'After...','espagnol',1998,970,NULL,'694986807-3',264,2),(428,'Cockfighter','franais',1997,398,NULL,'380280072-9',385,1),(429,'Dacii','espagnol',2004,801,NULL,'791947041-2',289,4),(430,'Feast II: Sloppy Seconds','allemand',1989,909,NULL,'170838138-4',81,2),(431,'Never Forever','allemand',1987,699,NULL,'664630221-9',375,4),(432,'Supermensch: The Legend of Shep Gordon','amricain',1993,717,NULL,'651823516-0',500,4),(433,'Fog of War: Eleven Lessons from the Life of Robert S. McNamara, The','russe',1987,391,NULL,'307060443-9',61,1),(434,'Girl Crazy','ukrainien',1901,46,NULL,'996740397-7',91,3),(435,'Hysteria: The Def Leppard Story','amricain',2011,420,NULL,'584194473-8',171,2),(436,'Boy Called Hate, A','amricain',1963,78,NULL,'066947955-1',383,2),(437,'Chloe','franais',2005,580,NULL,'823798688-1',121,1),(438,'Othello (Tragedy of Othello: The Moor of Venice, The)','russe',2005,536,NULL,'862170785-3',368,4),(439,'Breath, The (Nefes: Vatan sagolsun)','allemand',2007,234,NULL,'520158717-8',376,3),(440,'Laaga Chunari Mein Daag: Journey of a Woman','amricain',1993,740,NULL,'401688572-8',387,2),(441,'The Wild Bunch: An Album in Montage','espagnol',2003,60,NULL,'504205691-2',87,4),(442,'Trek Nation','franais',1929,184,NULL,'239270948-3',19,4),(443,'6 Desires: DH Lawrence and Sardinia','espagnol',2009,197,NULL,'367223554-7',456,3),(444,'Intended, The','russe',2000,175,NULL,'688990655-1',177,3),(445,'Lawman','amricain',2010,2,NULL,'152361724-1',187,3),(446,'Anna Karenina','allemand',2009,378,NULL,'856799886-7',132,1),(447,'Death Race 3: Inferno','russe',1979,417,NULL,'527778450-0',408,4),(448,'Rage at Dawn','amricain',2007,498,NULL,'333938661-7',273,3),(449,'Zift','russe',1998,800,NULL,'041980271-1',319,2),(450,'Emigrants, The (Utvandrarna)','espagnol',2004,310,NULL,'769046741-5',29,2),(451,'Lonely Passion of Judith Hearne, The','ukrainien',1987,981,NULL,'170696119-7',342,1),(452,'Willy Wonka & the Chocolate Factory','allemand',2007,567,NULL,'824528083-6',431,4),(453,'Back In Action','espagnol',1995,10,NULL,'608957998-X',330,2),(454,'I Belong (Som du ser meg)','russe',2009,746,NULL,'603938950-8',404,2),(455,'I\'m Gonna Explode (a.k.a. I\'m Going to Explode) (Voy a explotar)','allemand',1993,720,NULL,'508482993-6',187,1),(456,'Love Letters','russe',2003,199,NULL,'494451771-8',430,1),(457,'Susan Slept Here','ukrainien',1998,710,NULL,'758650252-8',171,2),(458,'Personal Effects','espagnol',2001,427,NULL,'245485692-1',400,3),(459,'Lust for Life','amricain',2001,387,NULL,'240314238-7',314,2),(460,'Awful Truth, The','franais',2009,417,NULL,'173220942-1',418,3),(461,'Avengers, The','amricain',1995,499,NULL,'219182477-3',103,2),(462,'While You Were Sleeping','allemand',2006,796,NULL,'742195753-7',7,3),(463,'Good People','ukrainien',1992,822,NULL,'109412303-X',172,2),(464,'In Bed (En la cama)','allemand',2003,809,NULL,'056394509-5',226,1),(465,'Dark Wind, The','allemand',2005,163,NULL,'318468469-5',74,2),(466,'She Wouldn\'t Say Yes','russe',2006,741,NULL,'077480090-9',158,4),(467,'Cohen and Tate','amricain',2003,505,NULL,'357851801-8',122,3),(468,'Rack, The','franais',2007,171,NULL,'591694484-5',129,2),(469,'Arabian Nights','ukrainien',2007,684,NULL,'730387622-7',18,2),(470,'ABBA: The Movie','allemand',2001,623,NULL,'915741615-X',313,2),(471,'Beauty and the Beast (Belle et la bte, La)','amricain',2001,447,NULL,'562650349-8',402,1),(472,'Bastards (Les salauds)','amricain',1997,599,NULL,'043744111-3',66,1),(473,'Basquiat','allemand',2002,538,NULL,'963197930-X',469,2),(474,'Fort Apache','italien',2009,555,NULL,'934489118-4',243,1),(475,'Talk of the Town, The','espagnol',1913,496,NULL,'212896073-8',254,2),(476,'Pretty Woman','ukrainien',1996,427,NULL,'678621446-0',329,3),(477,'Children of the Corn III','russe',1935,983,NULL,'766947984-1',231,3),(478,'Paradise Lost 3: Purgatory','espagnol',1988,433,NULL,'738576334-0',93,1),(479,'My Life in Orange (Sommer in Orange)','espagnol',1914,530,NULL,'453522166-9',309,2),(480,'Dentist, The','russe',1985,805,NULL,'482908925-3',175,1),(481,'Dishonored','espagnol',2003,444,NULL,'132528393-2',358,3),(482,'Entitled, The','amricain',1998,43,NULL,'940311512-2',369,3),(483,'Astro Boy','espagnol',2002,524,NULL,'879165390-8',159,2),(484,'Out of the Blue','franais',1919,665,NULL,'216600236-6',103,1),(485,'Strong Man, The','allemand',2000,105,NULL,'638026487-6',229,2),(486,'Noel','franais',2006,985,NULL,'270456042-0',249,2),(487,'Big Trouble','ukrainien',1994,835,NULL,'401391028-4',214,1),(488,'Informant!, The','allemand',2009,965,NULL,'933959993-4',480,1),(489,'Vital Signs','amricain',2006,530,NULL,'328308834-9',23,2),(490,'Masque of the Red Death, The','russe',2011,430,NULL,'916624581-8',267,4),(491,'Husk','russe',2001,829,NULL,'885118623-5',307,1),(492,'Loose Change: Second Edition','russe',2002,757,NULL,'385657006-3',482,1),(493,'Assassination Games','espagnol',2009,199,NULL,'532998601-X',391,3),(494,'War Within, The','espagnol',2011,410,NULL,'388229703-4',359,4),(495,'Crime Zone','allemand',2008,503,NULL,'470337118-9',255,4),(496,'Atomic Twister','allemand',1986,482,NULL,'423383310-6',312,2),(497,'Wild Target','allemand',1987,204,NULL,'539177719-4',16,1),(498,'Wise Blood','espagnol',1987,363,NULL,'338601155-1',152,2),(499,'Chronicles of Narnia: The Voyage of the Dawn Treader, The','espagnol',1991,786,NULL,'545425686-2',463,4),(500,'Knockin\' on Heaven\'s Door','amricain',2007,43,NULL,'262486727-9',160,2),(501,'Alligator People, The','espagnol',1985,618,NULL,'023553650-4',240,1),(502,'Post Tenebras Lux','franais',2008,860,NULL,'000150328-6',304,2),(503,'Torment (Hets)','ukrainien',2009,264,NULL,'801238224-5',468,1),(504,'Candleshoe','amricain',2010,317,NULL,'408348638-4',298,3),(505,'Comes a Bright Day','ukrainien',1987,986,NULL,'660655369-5',95,2),(506,'Who Killed Vincent Chin?','allemand',1905,933,NULL,'883966080-1',143,2),(507,'White Fang (Zanna Bianca)','allemand',1997,33,NULL,'603036469-3',113,4),(508,'The White Sister','amricain',1977,531,NULL,'996869316-2',493,4),(509,'Billion Dollar Brain','russe',1995,20,NULL,'674703620-4',312,4),(510,'Inbetweeners 2, The','russe',2000,73,NULL,'636242724-6',378,2),(511,'Night at the Roxbury, A','allemand',2012,243,NULL,'259234734-8',1,4),(512,'Aries Spears: Hollywood, Look I\'m Smiling','allemand',1911,379,NULL,'322153654-2',406,4),(513,'Yves Saint Laurent','amricain',1943,774,NULL,'299523589-0',34,1),(514,'Partners in Crime (Associs contre le crime...)','russe',2006,634,NULL,'719048042-0',361,2),(515,'Formula 51','allemand',2008,728,NULL,'108191492-0',495,4),(516,'On Golden Pond','amricain',1961,472,NULL,'995893063-3',76,1),(517,'Street Thief','allemand',1986,663,NULL,'863485641-0',400,1),(518,'Ballad of Narayama, The (Narayama bushiko)','amricain',1993,816,NULL,'417520967-0',483,3),(519,'Divo, Il','franais',1996,560,NULL,'627820772-9',420,1),(520,'Four more years (Fyra r till)','ukrainien',2011,332,NULL,'933038100-6',39,3),(521,'Inner Life of Martin Frost, The','amricain',1953,96,NULL,'311351955-1',36,1),(522,'Joe Somebody','amricain',1998,803,NULL,'599445563-6',276,1),(523,'Tropical Malady (Sud pralad)','allemand',1997,144,NULL,'835893358-4',440,3),(524,'Black Mask (Hak hap)','allemand',1992,484,NULL,'323570861-8',277,2),(525,'Sinbad: Legend of the Seven Seas','franais',2005,461,NULL,'657513391-6',421,4),(526,'Secret Life of Walter Mitty, The','amricain',2009,710,NULL,'141291072-2',415,1),(527,'Girl from Monday, The','allemand',2010,880,NULL,'314600132-2',114,4),(528,'Tavarataivas','italien',2002,76,NULL,'035111413-0',36,2),(529,'Frankenstein\'s Army','amricain',2001,797,NULL,'008237637-9',117,4),(530,'Blade of the Ripper','allemand',1983,457,NULL,'238635451-2',401,1),(531,'Score: A Hockey Musical','russe',2007,797,NULL,'570464082-6',7,1),(532,'Walking Dead, The','russe',2010,780,NULL,'590979845-6',286,2),(533,'Intervista','allemand',1986,620,NULL,'329271205-X',100,4),(534,'Angel and the Badman','russe',1986,985,NULL,'475577211-7',63,4),(535,'Iron Giant, The','espagnol',1992,113,NULL,'735105606-4',144,1),(536,'Dog Days (Hundstage)','allemand',2006,796,NULL,'479058956-0',352,3),(537,'Beyond Enemy Lines (Framom frmsta linjen)','espagnol',1914,80,NULL,'166559331-8',130,3),(538,'Focus','russe',2000,747,NULL,'572725662-3',214,4),(539,'Machine Gun McCain (Gli intoccabili)','autre',1994,35,NULL,'090862251-1',63,4),(540,'Royal Tenenbaums, The','franais',1963,130,NULL,'062048670-8',299,2),(541,'Raid on Rommel','franais',1932,633,NULL,'574107189-9',356,3),(542,'Tall Story','allemand',2010,652,NULL,'840766668-8',398,2),(543,'Gold of Rome (L\'oro di Roma)','espagnol',1993,445,NULL,'038760695-5',83,2),(544,'Mademoiselle','allemand',2004,547,NULL,'431139263-X',374,4),(545,'Paper Will Be Blue, The (Hrtia va fi albastr)','espagnol',2009,275,NULL,'434566623-6',382,4),(546,'Hum Tumhare Hain Sanam','amricain',1903,271,NULL,'381274318-3',53,4),(547,'My Blueberry Nights','ukrainien',2006,162,NULL,'632964618-X',169,1),(548,'Sunday in the Country, A (Un dimanche  la campagne)','ukrainien',2012,845,NULL,'185745354-9',500,1),(549,'Eight Iron Men','amricain',2006,812,NULL,'246326019-X',74,1),(550,'Aquamarine','russe',2001,851,NULL,'271033567-0',486,2),(551,'Gold Diggers of 1937','allemand',2004,447,NULL,'853544933-7',62,3),(552,'Johnny Apollo','espagnol',2001,723,NULL,'696834556-0',273,1),(553,'Cold Water (Eau Froide, L\')','franais',1909,456,NULL,'231842767-4',374,1),(554,'Story of Mankind, The','italien',2007,168,NULL,'075200666-5',375,1),(555,'The Return of Ringo','ukrainien',1922,731,NULL,'009877487-5',342,4),(556,'2 ou 3 choses que je sais d\'elle (2 or 3 Things I Know About Her)','amricain',2002,451,NULL,'840224506-4',48,1),(557,'Pet Sematary II','russe',1996,496,NULL,'315453655-8',33,3),(558,'Moving Out','amricain',2008,86,NULL,'813893763-7',332,2),(559,'Chalte Chalte','amricain',1987,562,NULL,'100070285-5',191,3),(560,'Loose Cannons (Mine vaganti)','amricain',2007,364,NULL,'609494465-8',331,3),(561,'Attack of the Puppet People','russe',1992,349,NULL,'549414348-1',316,4),(562,'Freaks','russe',1934,82,NULL,'497717551-4',315,1),(563,'High Heels and Low Lifes','ukrainien',2006,844,NULL,'059660381-9',208,1),(564,'Earthquake','allemand',2004,307,NULL,'339952758-6',350,2),(565,'Fall of the House of Usher, The (chute de la maison Usher, La)','espagnol',2004,830,NULL,'893451060-9',357,1),(566,'Human Capital (Il capitale umano)','allemand',2006,979,NULL,'217651040-2',244,4),(567,'Parasites, Les','allemand',2001,334,NULL,'454735384-0',375,2),(568,'Black Fury','espagnol',2008,396,NULL,'048689781-8',89,2),(569,'Quai des Orfvres (Jenny Lamour)','amricain',2001,933,NULL,'146816294-2',430,3),(570,'Bad Luck Love','espagnol',2009,807,NULL,'664490253-7',400,3),(571,'Last Run, The','amricain',1994,397,NULL,'025613451-0',406,2),(572,'The Land Before Time IX: Journey to the Big Water','franais',2008,887,NULL,'641044038-3',180,2),(573,'Distinguished Gentleman, The','russe',2010,551,NULL,'410950125-3',1,3),(574,'Bustin\' Loose','amricain',1953,325,NULL,'665890107-4',207,4),(575,'Saboteur','amricain',1984,554,NULL,'776418633-3',46,4),(576,'Curious Case of Benjamin Button, The','amricain',2004,474,NULL,'463839241-5',399,2),(577,'All the Rage (It\'s the Rage)','russe',1986,899,NULL,'680647204-4',139,1),(578,'Two Night Stand','franais',1974,432,NULL,'599229818-5',408,2),(579,'High School Musical','russe',1989,919,NULL,'703356114-8',470,3),(580,'Waterloo Bridge','russe',2005,797,NULL,'680612991-9',173,2),(581,'So Long Letty','ukrainien',1986,156,NULL,'847719408-4',214,4),(582,'Street People','allemand',2005,562,NULL,'792787847-6',293,2),(583,'Lost Horizon','espagnol',2000,478,NULL,'329091735-5',385,2),(584,'Last Train Home','espagnol',2009,127,NULL,'570567052-4',33,2),(585,'Stranger than Fiction','espagnol',1996,470,NULL,'925942301-5',81,1),(586,'Private Romeo','espagnol',2012,517,NULL,'847575666-2',23,3),(587,'On the Waterfront','russe',1984,843,NULL,'342182940-3',216,3),(588,'Resistance','allemand',1996,948,NULL,'790407794-9',194,1),(589,'Love Affair','amricain',2004,939,NULL,'190692133-4',67,4),(590,'Serious Moonlight','ukrainien',2009,424,NULL,'721513206-4',257,1),(591,'Dark Truth, A (Truth, The)','franais',2010,172,NULL,'325288561-1',402,1),(592,'Rockers','espagnol',2009,189,NULL,'563814417-X',179,2),(593,'Father Goose','franais',1996,592,NULL,'980582541-8',481,4),(594,'Thrust in Me','allemand',1999,521,NULL,'786081013-1',186,2),(595,'Thunder Soul','allemand',1998,850,NULL,'936098324-1',262,4),(596,'Crimes of Fashion','russe',2015,344,NULL,'370526274-2',33,4),(597,'Young Again','amricain',2007,52,NULL,'106704174-5',331,2),(598,'Lies (Gojitmal)','franais',1999,378,NULL,'966720773-0',54,1),(599,'Assault, The (Aanslag, De)','russe',1993,983,NULL,'856193048-9',131,4),(600,'Double Solitaire','amricain',2000,948,NULL,'769558678-1',363,3),(601,'Hasty Heart, The','ukrainien',2011,917,NULL,'408044772-8',76,1),(602,'Wrong Box, The','russe',2011,831,NULL,'589079303-9',14,1),(603,'Io Island (Iodo)','espagnol',1989,447,NULL,'412593024-4',347,2),(604,'Happy Ever Afters','italien',1931,931,NULL,'691931461-4',162,1),(605,'Wife, The','allemand',1997,358,NULL,'848644454-3',339,1),(606,'Man Vanishes, A (Ningen Johatsu)','espagnol',2012,859,NULL,'122864446-2',397,3),(607,'Charlie Chan in Rio','amricain',2003,825,NULL,'401993515-7',104,4),(608,'Alphabet','ukrainien',2007,87,NULL,'027729607-2',499,4),(609,'Family Game, The (Kazoku gmu)','amricain',2003,734,NULL,'186631555-2',305,4),(610,'I Am Legend','ukrainien',1998,199,NULL,'280487682-9',485,4),(611,'Respiro','amricain',2006,378,NULL,'245071787-0',92,1),(612,'Hustlers, The (Veijarit)','franais',1954,430,NULL,'677057840-9',79,2),(613,'Born to Fight (Kerd ma lui)','espagnol',2004,332,NULL,'028884617-6',284,3),(614,'Black Gold','amricain',2006,128,NULL,'719769387-X',400,3),(615,'DiG!','espagnol',1954,148,NULL,'795672641-7',460,3),(616,'Safe Conduct (Laissez-Passer)','franais',2011,422,NULL,'784858383-X',229,3),(617,'Thunderpants','espagnol',2001,961,NULL,'444248797-9',11,4),(618,'Hav Plenty','russe',2008,137,NULL,'719603072-9',106,1),(619,'Phil Ochs: There But for Fortune','amricain',2005,148,NULL,'159252970-4',144,2),(620,'It\'s Kind of a Funny Story','amricain',2012,749,NULL,'696960844-1',50,3),(621,'Fistful of Fingers, A','amricain',1928,547,NULL,'657801355-5',288,4),(622,'The First Men in the Moon','espagnol',1948,203,NULL,'271406450-7',2,3),(623,'Regret to Inform','franais',1985,347,NULL,'833730351-4',358,4),(624,'Balto','russe',1988,483,NULL,'298421633-4',341,3),(625,'Business, The','autre',1985,481,NULL,'437176864-4',482,3),(626,'Dhobi Ghat','russe',2010,13,NULL,'290127420-X',317,1),(627,'Firelight','allemand',1938,727,NULL,'559571316-X',33,3),(628,'Stan Helsing','russe',2003,466,NULL,'488734198-9',392,2),(629,'Bullet Ballet','ukrainien',2006,651,NULL,'423808813-1',108,4),(630,'Yu-Gi-Oh!: Bonds Beyond Time (Gekijouban Yuugiou: Chouyuugou! Jikuu o koeta kizuna)','allemand',2006,34,NULL,'242720313-0',299,2),(631,'Harvard Man','amricain',1945,421,NULL,'398235584-2',470,2),(632,'Robots','franais',2010,242,NULL,'750513545-7',404,2),(633,'Hits','franais',2006,685,NULL,'550328885-8',327,4),(634,'Safety Patrol','espagnol',1998,225,NULL,'216533921-9',12,1),(635,'Vice','franais',2004,791,NULL,'331436216-1',398,1),(636,'Shattered','russe',2005,534,NULL,'303459504-2',433,1),(637,'Vampire in Brooklyn','allemand',2012,467,NULL,'852266788-8',159,3),(638,'Dragonball Evolution','amricain',1963,991,NULL,'458453976-6',150,3),(639,'Dead End','amricain',2007,580,NULL,'383137781-2',236,4),(640,'Die Another Day','espagnol',2006,122,NULL,'821792318-3',132,4),(641,'Sahara','amricain',2000,396,NULL,'088897844-8',260,4),(642,'Home on the Range','allemand',2011,323,NULL,'280323841-1',68,2),(643,'Dead Heat on a Merry-Go-Round','allemand',1956,758,NULL,'371852080-X',455,2),(644,'Baby-Sitters Club, The','allemand',2008,284,NULL,'199391876-0',438,2),(645,'Paper Chase, The','amricain',2009,383,NULL,'819357359-5',143,2),(646,'The Cop in Blue Jeans','franais',1992,373,NULL,'675154312-3',341,2),(647,'Antonia\'s Line (Antonia)','allemand',1996,199,NULL,'432021543-5',247,4),(648,'Chef in Love, A (Shekvarebuli kulinaris ataserti retsepti)','espagnol',1970,451,NULL,'459375173-X',53,2),(649,'Bill & Ted\'s Bogus Journey','russe',2008,934,NULL,'386663392-0',217,4),(650,'Soviet Story, The','allemand',1990,945,NULL,'088543136-7',240,2),(651,'Ay, Carmela! (Ay, Carmela!)','franais',2001,660,NULL,'600360873-0',378,2),(652,'Grudge Match','ukrainien',2012,329,NULL,'304277678-6',63,2),(653,'Alter Egos','espagnol',2010,969,NULL,'514306220-9',495,3),(654,'Seventh Horse of the Sun  (Suraj Ka Satvan Ghoda)','franais',2004,145,NULL,'853727592-1',7,2),(655,'City of Sadness, A (Bei qing cheng shi)','ukrainien',1961,713,NULL,'894504949-5',233,3),(656,'Little Monsters','ukrainien',2012,692,NULL,'216465673-3',162,4),(657,'Hangman\'s House','allemand',1997,809,NULL,'811532570-8',94,1),(658,'Wrong Arm of the Law, The','russe',2006,848,NULL,'207440321-6',322,2),(659,'This Gun for Hire','amricain',2010,714,NULL,'705373044-1',88,3),(660,'Rosemary\'s Baby','allemand',1998,637,NULL,'497592228-2',499,3),(661,'Pennies from Heaven','allemand',2008,430,NULL,'395376570-1',93,4),(662,'Hotte in Paradise (Hotte im Paradies)','allemand',2011,775,NULL,'614062940-3',27,2),(663,'Rudy','franais',2004,380,NULL,'830511621-2',466,4),(664,'Panther','allemand',2006,664,NULL,'470640612-9',108,2),(665,'Firelight','franais',2004,46,NULL,'107942751-1',52,3),(666,'Zatoichi at Large (Zatichi goy-tabi) (Zatichi 23)','espagnol',1993,998,NULL,'532218045-1',481,3),(667,'Dragon Ball Z the Movie: The World\'s Strongest (a.k.a. Dragon Ball Z: The Strongest Guy in The World) (Doragon bru Z: Kono yo de ichiban tsuyoi yatsu)','ukrainien',2010,718,NULL,'426618600-2',471,1),(668,'King Is Dancing, The (Le roi danse)','russe',1994,323,NULL,'386352369-5',341,4),(669,'Not Another Teen Movie','allemand',1994,518,NULL,'365619468-8',291,4),(670,'Last Picture Show, The','autre',1995,65,NULL,'953992966-0',177,4),(671,'Barefoot','allemand',1996,353,NULL,'313404937-6',244,4),(672,'Hot Lead and Cold Feet','amricain',2011,530,NULL,'450116123-X',197,1),(673,'Blondie of the Follies','ukrainien',1995,666,NULL,'013225733-5',171,2),(674,'Greatest, The','russe',1996,64,NULL,'154293772-8',49,3),(675,'Chant of Jimmy Blacksmith, The','amricain',1994,491,NULL,'530703732-5',494,1),(676,'Jarhead 2: Field of Fire','russe',1995,214,NULL,'702433455-X',340,4),(677,'Abouna','russe',2013,156,NULL,'108334730-6',137,2),(678,'Johnny Dangerously','ukrainien',1998,839,NULL,'841060920-7',358,3),(679,'Bedlam','franais',2012,89,NULL,'030796395-0',177,1),(680,'Believer, The','autre',1992,324,NULL,'376430339-5',186,3),(681,'Li\'l Quinquin','amricain',1988,127,NULL,'018777220-7',332,1),(682,'The Joy of Living','italien',1996,241,NULL,'900332747-5',185,3),(683,'Tarzan','espagnol',1942,945,NULL,'465251530-8',55,2),(684,'Awakening, The','espagnol',2008,510,NULL,'197579487-7',242,3),(685,'Big Shots','ukrainien',2011,452,NULL,'578425759-5',464,4),(686,'Air Raid Wardens','espagnol',1993,940,NULL,'744326710-X',241,3),(687,'Devil Is a Woman, The','franais',1953,369,NULL,'810247647-8',140,4),(688,'Charlie\'s Country','amricain',1917,615,NULL,'735463959-1',289,4),(689,'Melissa P.','russe',1994,369,NULL,'773858702-4',364,2),(690,'Camouflage (Barwy ochronne)','amricain',2010,662,NULL,'556924063-2',17,3),(691,'Day Without a Mexican, A','amricain',1992,659,NULL,'041765485-5',109,2),(692,'Beast Must Die, The','allemand',1960,739,NULL,'253474174-8',282,4),(693,'Girls About Town','amricain',1988,227,NULL,'486831169-7',126,4),(694,'Attila Marcel','russe',2012,344,NULL,'236795399-6',320,2),(695,'Jackass Presents: Bad Grandpa .5','amricain',2012,944,NULL,'298074239-2',457,4),(696,'Hi-Life','allemand',1949,666,NULL,'337101263-8',123,2),(697,'No Blade of Grass','russe',2001,100,NULL,'132197653-4',42,2),(698,'Race','amricain',1973,639,NULL,'366496663-5',370,1),(699,'Moving McAllister','autre',2005,204,NULL,'258064516-0',248,3),(700,'Paris Trout','espagnol',1998,697,NULL,'350262577-8',451,2),(701,'Breaktime, The (Zang-e Tafrih) (Recess)','ukrainien',1986,170,NULL,'947058669-7',500,2),(702,'Take Her, She\'s Mine','russe',1998,364,NULL,'327469137-2',430,4),(703,'C\'mon Man','franais',2010,833,NULL,'310581746-8',190,2),(704,'In the Winter Dark','franais',1997,347,NULL,'608847134-4',137,2),(705,'My Sons (Musuko)','franais',2002,433,NULL,'201765796-4',180,3),(706,'Macbeth','espagnol',2012,584,NULL,'481618970-X',93,2),(707,'I Start Counting','franais',2013,995,NULL,'899653514-1',165,1),(708,'Tenebre','amricain',1994,490,NULL,'682066717-5',167,3),(709,'Berlin Alexanderplatz','espagnol',2012,862,NULL,'142512270-1',481,2),(710,'Notorious Bettie Page, The','allemand',1995,521,NULL,'782317536-3',325,4),(711,'White Oleander','allemand',1909,52,NULL,'596834993-X',204,1),(712,'My Dinner with Andr','amricain',2006,533,NULL,'591232714-0',211,4),(713,'RoboCop 2','ukrainien',2001,832,NULL,'648699845-8',462,3),(714,'Gods and Generals','russe',1909,306,NULL,'054343334-X',183,1),(715,'Outsider','russe',2011,408,NULL,'277803181-2',442,4),(716,'Song of Bernadette, The','allemand',1999,353,NULL,'469426924-0',234,2),(717,'Two Moon Junction','amricain',1919,34,NULL,'709493013-5',202,4),(718,'The Little Fox','espagnol',1969,691,NULL,'904495402-4',437,3),(719,'Mystery (Fu cheng mi shi)','ukrainien',2011,931,NULL,'384854762-7',120,4),(720,'Crazy/Beautiful','amricain',2007,150,NULL,'006134829-5',303,4),(721,'Vampire Bat, The','russe',2008,271,NULL,'279143609-X',83,2),(722,'New Rulers of the World, The','amricain',2009,936,NULL,'286959739-8',108,4),(723,'King Kong','franais',1942,505,NULL,'922523729-4',46,3),(724,'Stuart Little 2','italien',1965,505,NULL,'145963634-1',394,4),(725,'Idiot\'s Delight','italien',1905,391,NULL,'106305417-6',157,1),(726,'Mouth to Mouth','espagnol',1922,476,NULL,'639247627-X',125,1),(727,'Blind Shaft (Mang jing)','espagnol',2008,974,NULL,'760891005-4',420,4),(728,'Marley & Me','espagnol',2005,923,NULL,'833214732-8',327,2),(729,'Angels in the Outfield','espagnol',2008,591,NULL,'183202185-8',489,2),(730,'Wyatt Earp\'s Revenge','russe',2007,201,NULL,'727157233-3',26,4),(731,'Sabotage','amricain',1998,443,NULL,'265429225-8',142,4),(732,'South, The (Sur, El)','espagnol',2003,281,NULL,'771107349-6',122,4),(733,'I Love You Phillip Morris','allemand',1965,652,NULL,'926698920-7',490,1),(734,'Four Sahibjade','franais',1996,564,NULL,'806979147-0',433,1),(735,'What Women Want','allemand',2008,347,NULL,'727347593-9',35,2),(736,'Clouds of Sils Maria','amricain',2010,947,NULL,'480468471-9',293,1),(737,'Trapped in the Closet: Chapters 23-33','espagnol',2004,753,NULL,'867458301-6',95,4),(738,'Scott Pilgrim vs. the World','espagnol',2012,170,NULL,'885095280-5',304,2),(739,'Smell of Camphor, Fragrance of Jasmine (Booye kafoor, atre yas)','ukrainien',2009,969,NULL,'556101980-5',137,2),(740,'Hobbit: An Unexpected Journey, The','russe',1948,726,NULL,'360288623-9',391,3),(741,'Amreeka','russe',2010,489,NULL,'967177106-8',117,1),(742,'Mail Order Bride','russe',2002,425,NULL,'331582936-5',313,1),(743,'Mangler, The','amricain',2008,758,NULL,'726713274-X',68,3),(744,'Werewolf of London','amricain',1996,456,NULL,'637836816-3',276,1),(745,'Night of the Shooting Stars (Notte di San Lorenzo, La)','allemand',1995,151,NULL,'367845625-1',411,4),(746,'Who Do I Gotta Kill?','franais',2001,39,NULL,'249383466-6',19,4),(747,'Match, The','allemand',1996,51,NULL,'091789791-9',195,4),(748,'Tomb of Ligeia, The','allemand',1974,628,NULL,'425193134-3',165,3),(749,'Banger Sisters, The','ukrainien',2005,183,NULL,'310675503-2',432,4),(750,'Doctor and the Devils, The','autre',1995,326,NULL,'730999603-8',80,2),(751,'Seeking Justice','amricain',1966,636,NULL,'280684440-1',366,2),(752,'Affair to Remember, An','allemand',2010,657,NULL,'019957532-0',186,1),(753,'Secret, The','russe',1995,181,NULL,'988518103-2',189,2),(754,'Ciao Bella','russe',1992,630,NULL,'872252936-5',300,1),(755,'That\'s My Boy','amricain',1960,652,NULL,'578151257-8',294,2),(756,'Seyyit Khan: Bride of the Earth (Seyyit Han)','allemand',1995,260,NULL,'637005394-5',93,3),(757,'Maybe, Maybe Not (Bewegte Mann, Der)','amricain',1994,537,NULL,'850009043-X',394,4),(758,'Samurai Rebellion (Ji-uchi: Hairy tsuma shimatsu)','amricain',2010,723,NULL,'993839378-0',47,2),(759,'Question of Silence, A (De stilte rond Christine M.)','ukrainien',2005,340,NULL,'162215818-0',58,3),(760,'Hell Ride','allemand',2007,41,NULL,'234184744-7',109,1),(761,'Wind and the Lion, The','allemand',1991,757,NULL,'164003044-1',420,1),(762,'Csar','russe',1995,11,NULL,'141987855-7',399,3),(763,'Land Before Time III: The Time of the Great Giving','franais',2007,950,NULL,'625515912-4',194,3),(764,'Shanghai Noon','franais',1993,164,NULL,'691846213-X',292,2),(765,'Walking Tall','ukrainien',1987,630,NULL,'170380738-3',493,3),(766,'Brother, Can You Spare a Dime?','espagnol',1996,662,NULL,'534956646-6',223,3),(767,'Masti','amricain',2012,880,NULL,'809318547-X',166,1),(768,'Brothers (Veljekset)','espagnol',2004,135,NULL,'961792057-3',8,4),(769,'Primary','allemand',1985,98,NULL,'973909614-X',322,3),(770,'Flintstones in Viva Rock Vegas, The','russe',1987,976,NULL,'824659202-5',268,4),(771,'Nun, The (La religieuse)','amricain',1995,916,NULL,'270453081-5',349,2),(772,'Mr. Wonderful','amricain',2000,658,NULL,'562488340-4',178,3),(773,'Saving Private Ryan','espagnol',2010,1,NULL,'046924204-3',439,2),(774,'Xtro 3: Watch the Skies','espagnol',1999,41,NULL,'731988729-0',158,1),(775,'Expendables, The','espagnol',2005,470,NULL,'090123535-0',344,1),(776,'Blue City','amricain',2008,688,NULL,'397074980-8',59,4),(777,'War of the Worlds','allemand',2010,530,NULL,'074295788-8',441,3),(778,'This Is Where I Leave You','ukrainien',2007,479,NULL,'898582484-8',267,1),(779,'Genealogies of a Crime (Gnalogies d\'un crime)','amricain',2008,726,NULL,'924785126-2',374,4),(780,'If It\'s Tuesday, This Must Be Belgium','allemand',2010,113,NULL,'996302643-5',81,3),(781,'Tora-san Our Lovable Tramp (Otoko wa tsurai yo)','russe',1999,168,NULL,'193339267-3',440,3),(782,'Bohemian Life, The (La vie de bohme)','allemand',1998,126,NULL,'219242791-3',205,4),(783,'Edvard Munch','allemand',2003,276,NULL,'176696247-5',101,2),(784,'Big Bad Wolf','amricain',1952,246,NULL,'499543806-8',332,2),(785,'The Heavy','amricain',1996,172,NULL,'846608470-3',485,3),(786,'Tamara Drewe','espagnol',2000,279,NULL,'154476137-6',414,2),(787,'Sleepless in Seattle','amricain',1988,108,NULL,'060345591-3',210,1),(788,'Sun Don\'t Shine','espagnol',1989,94,NULL,'362050361-3',180,3),(789,'The Magic Flute','russe',1993,727,NULL,'106856611-6',425,2),(790,'Club Sandwich','espagnol',1954,306,NULL,'659232430-9',421,4),(791,'What We Did on Our Holiday','amricain',1994,659,NULL,'538465339-6',299,1),(792,'Nasty Old People','amricain',2006,231,NULL,'379054890-1',158,1),(793,'Othello','allemand',2015,960,NULL,'121804180-3',164,1),(794,'Like Water','russe',2004,360,NULL,'743284554-9',445,4),(795,'Perfect Family, The','amricain',2003,254,NULL,'352911710-2',308,3),(796,'Walt & El Grupo','franais',1997,680,NULL,'868387109-6',179,3),(797,'And Life Goes On (a.k.a. Life and Nothing More) (Zendegi va digar hich)','allemand',2007,28,NULL,'695528971-3',435,1),(798,'Mr. Moto in Danger Island','allemand',1946,68,NULL,'671587210-4',398,2),(799,'Black Rainbow','russe',2010,351,NULL,'834016658-1',484,3),(800,'6 Souls (Shelter)','espagnol',2010,559,NULL,'831341841-9',34,2),(801,'High Spirits','ukrainien',2010,108,NULL,'257138757-X',379,1),(802,'Formula, The','amricain',1906,191,NULL,'308040788-1',279,2),(803,'I Saw the Sun (Gnesi grdm)','ukrainien',2002,833,NULL,'628563525-0',499,3),(804,'Thank You, Mr. Moto','espagnol',1999,599,NULL,'530062159-5',361,1),(805,'Faster Pussycat! Kill! Kill!','franais',2009,143,NULL,'875923498-9',224,1),(806,'Asterix vs. Caesar (Astrix et la surprise de Csar)','allemand',1987,125,NULL,'937143087-7',230,3),(807,'Good Ol\' Freda','amricain',2006,944,NULL,'193786055-8',305,2),(808,'Underground: The Julian Assange Story','amricain',1994,387,NULL,'664220025-X',274,2),(809,'North & South','franais',2012,855,NULL,'171549631-0',312,1),(810,'Garden, The','amricain',2001,640,NULL,'442842451-5',244,1),(811,'Wonderland','ukrainien',2004,906,NULL,'311791156-1',376,4),(812,'An Amazing Couple','russe',1999,303,NULL,'423291218-5',173,2),(813,'Slave Ship','allemand',2005,190,NULL,'091510823-2',480,1),(814,'Gates of Heaven','russe',2008,439,NULL,'193430628-2',354,3),(815,'Snapshot','espagnol',1985,217,NULL,'585490409-8',345,1),(816,'Sirocco','italien',2007,343,NULL,'473047678-6',291,2),(817,'The Big Flame','ukrainien',1997,71,NULL,'043292606-2',83,1),(818,'Testament','amricain',2012,149,NULL,'327303865-9',227,2),(819,'Wild and Wonderful Whites of West Virginia, The','allemand',1978,835,NULL,'899947443-7',226,4),(820,'Tokyo Twilight (Tky boshoku)','autre',1992,973,NULL,'157998190-9',121,3),(821,'Coming Home','espagnol',2012,794,NULL,'600918403-7',457,1),(822,'Absent (Ausente)','russe',1987,740,NULL,'346817032-7',156,4),(823,'A Smoky Mountain Christmas','franais',1991,923,NULL,'669202235-5',118,2),(824,'Dead of Winter','italien',2008,592,NULL,'039280753-X',329,2),(825,'Golem, The (Golem, wie er in die Welt kam, Der)','allemand',1995,916,NULL,'438393478-1',260,1),(826,'Coming Down the Mountain','amricain',2003,197,NULL,'249895318-3',206,4),(827,'Het Vonnis','allemand',1917,159,NULL,'900017514-3',133,3),(828,'Duck, You Sucker (a.k.a. Fistful of Dynamite, A) (Gi la testa)','allemand',2001,732,NULL,'519038660-0',469,1),(829,'Right America: Feeling Wronged - Some Voices from the Campaign Trail ','amricain',1997,605,NULL,'435180178-6',413,4),(830,'Thief and the Cobbler, The (a.k.a. Arabian Knight)','amricain',2012,595,NULL,'178266941-8',347,2),(831,'Tales That Witness Madness','allemand',2007,379,NULL,'578345530-X',92,1),(832,'SuperBabies: Baby Geniuses 2','franais',2004,175,NULL,'806638820-9',187,4),(833,'Tukkijoella','ukrainien',1989,791,NULL,'115194117-4',190,3),(834,'War Comes to America (Why We Fight, 7)','ukrainien',2009,910,NULL,'435040825-8',257,3),(835,'Inspector General, The','espagnol',2007,390,NULL,'313065598-0',36,4),(836,'Ruling Class, The','espagnol',2007,386,NULL,'087541264-5',391,4),(837,'North Dallas Forty','autre',1968,294,NULL,'361844289-0',363,1),(838,'Desperation','russe',2007,847,NULL,'593706315-5',68,2),(839,'Gaslight','amricain',2002,332,NULL,'837466272-7',146,1),(840,'My Boyfriends\' Dogs','amricain',2000,492,NULL,'776537838-4',201,1),(841,'Turner & Hooch','espagnol',2006,877,NULL,'328910297-1',36,3),(842,'In Harm\'s Way','allemand',1985,411,NULL,'699971900-4',18,1),(843,'Kingdom II, The (Riget II)','espagnol',1992,522,NULL,'342762544-3',355,3),(844,'The Green Prince','espagnol',2011,896,NULL,'457003045-9',85,2),(845,'Knights of the Round Table','allemand',1999,800,NULL,'002218074-5',270,4),(846,'Planet B-Boy','allemand',1984,244,NULL,'952165177-6',498,4),(847,'Open Hearts (Elsker dig for evigt)','allemand',1993,660,NULL,'792079189-8',244,2),(848,'My Neighbor Totoro (Tonari no Totoro)','russe',2007,228,NULL,'904362679-1',456,3),(849,'Art of War III: Retribution, The','russe',1999,623,NULL,'480238041-0',311,4),(850,'Just Ask My Children','espagnol',2007,592,NULL,'409923974-8',31,4),(851,'Night Crossing','espagnol',2003,555,NULL,'302996354-3',416,4),(852,'Thomasine & Bushrod','franais',2010,459,NULL,'522238614-7',388,2),(853,'Saphead, The','franais',1992,734,NULL,'027437151-0',261,3),(854,'River Why, The','amricain',2007,893,NULL,'666554394-3',72,2),(855,'Merry Widow, The','ukrainien',1995,765,NULL,'242279366-5',303,1),(856,'Hound of the Baskervilles, The','allemand',1977,221,NULL,'128757353-3',282,1),(857,'Federal Hill','allemand',1988,272,NULL,'097163975-2',87,3),(858,'Terminator, The','italien',1998,10,NULL,'444423079-7',286,3),(859,'Sex and the Single Girl','franais',1946,393,NULL,'125516551-0',411,2),(860,'Undiscovered','amricain',1994,421,NULL,'432152977-8',377,1),(861,'Shadow Kill','allemand',1994,2,NULL,'931280283-6',475,4),(862,'Congress, The','amricain',1993,63,NULL,'407627926-3',108,4),(863,'Snake River Desperadoes','ukrainien',1926,597,NULL,'870710503-7',147,4),(864,'Mother Ksters Goes to Heaven (Mutter Ksters\' Fahrt zum Himmel)','espagnol',1993,16,NULL,'505029301-4',284,2),(865,'Fantasy Mission Force (Mi ni te gong dui)','russe',2015,466,NULL,'315111348-6',86,2),(866,'My Darling Clementine','ukrainien',2009,629,NULL,'642258243-9',484,2),(867,'Don McKay','espagnol',1994,303,NULL,'497734694-7',105,3),(868,'5 Broken Cameras','franais',1909,995,NULL,'667262468-6',395,3),(869,'Dead Man\'s Walk','espagnol',1966,391,NULL,'661943466-5',62,4),(870,'Children of Nature (Brn nttrunnar)','allemand',1986,252,NULL,'651897185-1',320,3),(871,'X-Files: Fight the Future, The','allemand',2009,74,NULL,'443708271-0',55,3),(872,'Three (Tri)','amricain',1976,650,NULL,'175705855-9',330,4),(873,'Fat People (Gordos)','russe',2001,761,NULL,'034178170-3',155,3),(874,'Crow, The: Wicked Prayer','allemand',1990,563,NULL,'894372885-9',495,3),(875,'Home Page','amricain',1992,309,NULL,'791511118-3',116,2),(876,'Silence, The (Das letzte Schweigen)','allemand',1960,932,NULL,'007225396-7',132,3),(877,'Hellraiser: Deader','russe',1985,29,NULL,'734713489-7',344,1),(878,'Unforgettable Summer, An (Un t inoubliable)','franais',2001,400,NULL,'581174289-4',22,4),(879,'End of the Game (Der Richter und sein Henker)','italien',2012,847,NULL,'645932858-7',351,3),(880,'Peanuts - Die Bank zahlt alles','franais',2000,307,NULL,'929626687-4',486,2),(881,'Death Takes a Holiday','espagnol',2008,155,NULL,'023047695-3',208,1),(882,'Caveman','amricain',2007,72,NULL,'680737388-0',366,3),(883,'Sound of Insects, The','franais',2002,137,NULL,'461648995-5',77,2),(884,'Six Days','russe',2010,810,NULL,'078253230-6',364,1),(885,'Good Guys and the Bad Guys, The','amricain',1985,558,NULL,'499060707-4',232,1),(886,'Cannibal Holocaust','franais',1992,745,NULL,'123967226-8',264,2),(887,'Beat the Devil','amricain',1988,182,NULL,'113611852-7',103,4),(888,'Cat Concerto, The','italien',1966,733,NULL,'974995324-X',467,2),(889,'Living on One Dollar','espagnol',2007,462,NULL,'833188044-7',377,2),(890,'North','espagnol',1986,460,NULL,'042511642-5',473,3),(891,'Radiohead: Meeting People Is Easy','allemand',2000,928,NULL,'350337842-1',331,1),(892,'Public Woman, The (Femme publique, La)','espagnol',1903,971,NULL,'227060827-5',422,4),(893,'Maryam','ukrainien',1993,250,NULL,'708417302-1',438,2),(894,'Time Machine, The','russe',2006,484,NULL,'668062083-X',116,2),(895,'Crossroads','allemand',1900,432,NULL,'642631312-2',203,1),(896,'Skyfall','amricain',2011,903,NULL,'507246459-8',339,4),(897,'Kamchatka','autre',2007,255,NULL,'595095458-0',414,2),(898,'Twonky, The','italien',2015,78,NULL,'269988247-X',351,2),(899,'Yanks','espagnol',2002,139,NULL,'577539947-1',298,2),(900,'Flow: For Love of Water','russe',2012,661,NULL,'501760775-7',100,2),(901,'Emigrants, The (Utvandrarna)','franais',2011,469,NULL,'091809823-8',472,2),(902,'Hackers','amricain',1994,788,NULL,'611376919-4',312,4),(903,'Tales of the Grim Sleeper','amricain',1993,137,NULL,'044133419-9',272,4),(904,'Promises','amricain',2005,406,NULL,'747084248-9',331,4),(905,'The Voices','amricain',1989,986,NULL,'846844165-1',475,2),(906,'Swan and the Wanderer, The (Kulkuri ja joutsen)','amricain',1993,23,NULL,'326074977-2',354,2),(907,'Terminal Man, The','amricain',1992,588,NULL,'110200773-0',391,1),(908,'My Favorite Martian','allemand',1991,545,NULL,'268747286-7',138,3),(909,'Marksman, The','allemand',1999,590,NULL,'649198722-1',34,4),(910,'Woman In Berlin, A (Anonyma - Eine Frau in Berlin)','italien',2006,601,NULL,'959389997-9',267,2),(911,'Eight Days a Week','allemand',1997,238,NULL,'179443728-2',453,4),(912,'Buck Privates','ukrainien',1993,402,NULL,'702065314-6',108,1),(913,'Around the World','amricain',1999,302,NULL,'514167678-1',210,4),(914,'Paleface, The','espagnol',2001,235,NULL,'963019159-8',82,2),(915,'Graduate, The','allemand',1994,845,NULL,'810644089-3',254,4),(916,'I Shot a Man in Vegas','allemand',2004,479,NULL,'450666504-X',405,3),(917,'Visions of Europe','autre',2008,846,NULL,'205069160-2',399,1),(918,'Dinosaur 13','russe',1993,443,NULL,'525237840-1',406,4),(919,'Where the Rivers Flow North','russe',2002,171,NULL,'840896764-9',69,3),(920,'Card Player, The (Il cartaio)','russe',2001,47,NULL,'338781997-8',313,3),(921,'10 MPH','espagnol',1961,285,NULL,'271894465-X',230,2),(922,'Luca, Luca (Hija del canbal, La)','espagnol',1998,670,NULL,'219123713-4',391,1),(923,'High Heels and Low Lifes','amricain',2000,553,NULL,'016727482-1',434,2),(924,'Girasoli, I (Sunflower)','amricain',2010,907,NULL,'146169562-7',312,3),(925,'Where Do We Go Now?','amricain',2012,831,NULL,'382375044-5',270,4),(926,'American Raspberry (Prime Time) (Funny America)','allemand',2009,201,NULL,'924473859-7',201,3),(927,'The Orkly Kid','franais',2002,336,NULL,'853587758-4',305,1),(928,'Stardust','franais',2008,576,NULL,'634916890-9',383,2),(929,'Dragon (Wu Xia)','autre',1993,712,NULL,'908467082-5',218,2),(930,'Part of the Weekend Never Dies','autre',1997,200,NULL,'895382179-7',292,4),(931,'DOA: Dead or Alive','franais',2007,198,NULL,'911826747-5',295,2),(932,'Nixon','ukrainien',1994,23,NULL,'334996176-2',120,4),(933,'Battle for Brooklyn','allemand',2005,300,NULL,'129433154-X',17,4),(934,'Last Laugh, The (Letzte Mann, Der)','allemand',1994,14,NULL,'373083015-5',349,1),(935,'Midnight Crossing','russe',2002,502,NULL,'958546922-7',58,4),(936,'Grayeagle','allemand',1941,390,NULL,'519805650-2',435,2),(937,'English Surgeon, The','allemand',1994,107,NULL,'126143846-9',180,4),(938,'Mulholland Falls','russe',1948,4,NULL,'753635475-4',492,3),(939,'Black Snake Moan','allemand',2005,903,NULL,'730499167-4',157,3),(940,'Funny Man, A (Dirch)','russe',2019,55,NULL,'690946067-7',441,2),(941,'Neo Ned','franais',2008,639,NULL,'592069870-5',383,3),(942,'Little Nemo: Adventures in Slumberland','russe',1982,801,NULL,'361504518-1',204,1),(943,'Brenda Starr','amricain',2011,580,NULL,'525330007-4',418,1),(944,'Ghoul, The','ukrainien',2005,27,NULL,'622114517-1',225,3),(945,'Life is a Bed of Roses (Vie est un roman, La)','allemand',1954,295,NULL,'547429631-2',173,1),(946,'Bte humaine, La','amricain',2012,731,NULL,'680404785-0',183,3),(947,'Married Life','ukrainien',1999,121,NULL,'511752346-6',106,4),(948,'Lunopolis','italien',2007,981,NULL,'997299992-0',29,4),(949,'Kimberly','amricain',1926,372,NULL,'088607119-4',454,2),(950,'United States of Secrets (Part One): The Program','allemand',1966,717,NULL,'703272963-0',303,1),(951,'Butterfly on a Wheel (Shattered)','italien',2004,270,NULL,'490966336-3',85,1),(952,'Foreign Correspondent','allemand',2010,431,NULL,'946053609-3',25,4),(953,'Angels in the Outfield','allemand',1991,597,NULL,'890194338-7',153,3),(954,'Day a Pig Fell Into the Well, The (Daijiga umule pajinnal)','espagnol',2008,973,NULL,'593213969-2',271,2),(955,'Suburban Gothic','italien',1910,564,NULL,'069747736-3',122,4),(956,'Young Guns II','allemand',2011,372,NULL,'586725451-8',230,4),(957,'Akeelah and the Bee','amricain',1986,435,NULL,'865344134-4',127,3),(958,'Four Stories of St. Julian ','allemand',1923,567,NULL,'617529785-7',274,4),(959,'Spring Breakers','allemand',2006,545,NULL,'399711466-8',352,4),(960,'Pendulum','amricain',2005,678,NULL,'414666146-3',219,1),(961,'James and the Giant Peach','russe',1997,262,NULL,'737572071-1',362,3),(962,'Jack the Ripper','russe',2012,233,NULL,'098394628-0',25,2),(963,'Raven, The','franais',2010,766,NULL,'675258171-1',322,1),(964,'Square, The (Al Midan)','amricain',2003,674,NULL,'781067770-5',90,3),(965,'Kitchen Party','allemand',1994,426,NULL,'704123108-9',416,3),(966,'Retroactive','amricain',1983,42,NULL,'081552035-2',444,4),(967,'Army of Shadows (L\'arme des ombres)','amricain',1993,179,NULL,'578418567-5',290,2),(968,'Hot Rods to Hell','allemand',2002,14,NULL,'844672537-1',352,2),(969,'Love Loves Coincidences','allemand',1920,224,NULL,'059880025-5',69,2),(970,'Battle of Britain, The (Why We Fight, 4)','russe',2011,89,NULL,'540476581-X',220,3),(971,'Trust the Man','allemand',1989,109,NULL,'949989040-8',396,4),(972,'Two Hands','ukrainien',2008,48,NULL,'705595055-4',162,2),(973,'Prozac Nation','franais',2008,612,NULL,'634846000-2',303,4),(974,'Downhill','allemand',1938,874,NULL,'969158456-5',420,3),(975,'In the Mood For Love (Fa yeung nin wa)','ukrainien',1998,488,NULL,'634976087-5',56,2),(976,'Shrek the Third','ukrainien',1996,697,NULL,'489607043-7',497,3),(977,'Purge (Puhdistus)','franais',1999,102,NULL,'110907062-4',166,2),(978,'Allegheny Uprising','espagnol',1967,113,NULL,'512942616-9',302,4),(979,'Blue','russe',2007,754,NULL,'952757397-1',6,1),(980,'Kids','allemand',1996,930,NULL,'078073295-2',494,4),(981,'Cry, The (Grido, Il)','russe',1991,675,NULL,'457260130-5',430,4),(982,'Devil in a Blue Dress','allemand',2012,339,NULL,'142246976-X',475,1),(983,'Black or White','russe',1991,327,NULL,'283523143-9',84,3),(984,'Pornography (Pornografia)','espagnol',1909,330,NULL,'660083383-1',401,1),(985,'Albatross','allemand',1993,409,NULL,'829555694-0',332,3),(986,'Equilibrium','espagnol',1952,274,NULL,'968275170-5',427,4),(987,'Csar','autre',1993,810,NULL,'036539383-5',306,1),(988,'Funny Bones','ukrainien',2009,806,NULL,'079855977-2',400,3),(989,'Our Music (Notre musique)','espagnol',2013,689,NULL,'944198623-2',176,4),(990,'Knight\'s Tale, A','allemand',1992,561,NULL,'228710604-9',496,3),(991,'Fierce Light: When Spirit Meets Action','amricain',2006,946,NULL,'749893386-1',44,1),(992,'Bionicle: The Legend Reborn','amricain',1985,593,NULL,'599047567-5',345,4),(993,'Emmanuel\'s Gift','franais',2010,40,NULL,'415035706-4',446,2),(994,'White Bird in a Blizzard','russe',2009,752,NULL,'252460524-8',380,2),(995,'Even Angels Eat Beans','amricain',2011,915,NULL,'231392491-2',57,4),(996,'Haunting of Molly Hartley, The','allemand',2013,567,NULL,'869276209-1',135,2),(997,'Bringing Out the Dead','amricain',2006,211,NULL,'172454573-6',372,2),(998,'Holy Matrimony','allemand',2009,672,NULL,'665655695-7',422,2),(999,'Lesbian Vampire Killers','franais',2004,549,NULL,'615775103-7',362,2),(1000,'Johnny Mad Dog','russe',1942,486,NULL,'518136560-4',52,4);
/*!40000 ALTER TABLE `livre` ENABLE KEYS */;
UNLOCK TABLES;

--
-- Table structure for table `theme`
--

DROP TABLE IF EXISTS `theme`;
/*!40101 SET @saved_cs_client     = @@character_set_client */;
/*!40101 SET character_set_client = utf8 */;
CREATE TABLE `theme` (
  `id` int(11) NOT NULL AUTO_INCREMENT,
  `theme` varchar(50) NOT NULL,
  PRIMARY KEY (`id`)
) ENGINE=InnoDB AUTO_INCREMENT=6 DEFAULT CHARSET=utf8mb4 COLLATE=utf8mb4_general_ci;
/*!40101 SET character_set_client = @saved_cs_client */;

--
-- Dumping data for table `theme`
--

LOCK TABLES `theme` WRITE;
/*!40000 ALTER TABLE `theme` DISABLE KEYS */;
INSERT INTO `theme` VALUES (1,'Aventure'),(2,'Fantastique'),(3,'Policier'),(4,'Science-fiction'),(5,'Roman');
/*!40000 ALTER TABLE `theme` ENABLE KEYS */;
UNLOCK TABLES;

--
-- Dumping routines for database 'biblio4_prof'
--
/*!50003 SET @saved_sql_mode       = @@sql_mode */ ;
/*!50003 SET sql_mode              = 'STRICT_TRANS_TABLES,ERROR_FOR_DIVISION_BY_ZERO,NO_AUTO_CREATE_USER,NO_ENGINE_SUBSTITUTION' */ ;
/*!50003 DROP FUNCTION IF EXISTS `date_aleatoire` */;
/*!50003 SET @saved_cs_client      = @@character_set_client */ ;
/*!50003 SET @saved_cs_results     = @@character_set_results */ ;
/*!50003 SET @saved_col_connection = @@collation_connection */ ;
/*!50003 SET character_set_client  = utf8mb3 */ ;
/*!50003 SET character_set_results = utf8mb3 */ ;
/*!50003 SET collation_connection  = utf8mb3_general_ci */ ;
DELIMITER ;;
CREATE DEFINER=`root`@`localhost` FUNCTION `date_aleatoire`(date_min DATE, date_max DATE) RETURNS date
BEGIN
RETURN (
        SELECT
            DATE(
                DATE_ADD(
                    date_min,
                    INTERVAL FLOOR(
                        RAND() * DATEDIFF(date_max, date_min)
                    ) DAY
                )
            )
    );

END ;;
DELIMITER ;
/*!50003 SET sql_mode              = @saved_sql_mode */ ;
/*!50003 SET character_set_client  = @saved_cs_client */ ;
/*!50003 SET character_set_results = @saved_cs_results */ ;
/*!50003 SET collation_connection  = @saved_col_connection */ ;
/*!50003 SET @saved_sql_mode       = @@sql_mode */ ;
/*!50003 SET sql_mode              = 'STRICT_TRANS_TABLES,ERROR_FOR_DIVISION_BY_ZERO,NO_AUTO_CREATE_USER,NO_ENGINE_SUBSTITUTION' */ ;
/*!50003 DROP FUNCTION IF EXISTS `date_aleatoire_nullable` */;
/*!50003 SET @saved_cs_client      = @@character_set_client */ ;
/*!50003 SET @saved_cs_results     = @@character_set_results */ ;
/*!50003 SET @saved_col_connection = @@collation_connection */ ;
/*!50003 SET character_set_client  = utf8mb3 */ ;
/*!50003 SET character_set_results = utf8mb3 */ ;
/*!50003 SET collation_connection  = utf8mb3_general_ci */ ;
DELIMITER ;;
CREATE DEFINER=`root`@`localhost` FUNCTION `date_aleatoire_nullable`(date_min DATE, date_max DATE) RETURNS date
BEGIN DECLARE alea FLOAT;

SET alea = rand();

IF alea < 0.5 THEN RETURN NULL;

ELSE RETURN date_aleatoire(date_min, date_max);

END IF;

END ;;
DELIMITER ;
/*!50003 SET sql_mode              = @saved_sql_mode */ ;
/*!50003 SET character_set_client  = @saved_cs_client */ ;
/*!50003 SET character_set_results = @saved_cs_results */ ;
/*!50003 SET collation_connection  = @saved_col_connection */ ;
/*!50003 SET @saved_sql_mode       = @@sql_mode */ ;
/*!50003 SET sql_mode              = 'STRICT_TRANS_TABLES,ERROR_FOR_DIVISION_BY_ZERO,NO_AUTO_CREATE_USER,NO_ENGINE_SUBSTITUTION' */ ;
/*!50003 DROP FUNCTION IF EXISTS `GET_RANDOM_NATIONALITE` */;
/*!50003 SET @saved_cs_client      = @@character_set_client */ ;
/*!50003 SET @saved_cs_results     = @@character_set_results */ ;
/*!50003 SET @saved_col_connection = @@collation_connection */ ;
/*!50003 SET character_set_client  = utf8mb3 */ ;
/*!50003 SET character_set_results = utf8mb3 */ ;
/*!50003 SET collation_connection  = utf8mb3_general_ci */ ;
DELIMITER ;;
CREATE DEFINER=`root`@`localhost` FUNCTION `GET_RANDOM_NATIONALITE`() RETURNS varchar(50) CHARSET utf8mb4 COLLATE utf8mb4_general_ci
BEGIN 
	DECLARE nationalite VARCHAR(50);
	DECLARE alea FLOAT;
	SET alea = rand();
	SET
	    nationalite = case
	        when alea < 0.1 then 'belge'
	        when alea < 0.2 then 'franais'
	        when alea < 0.3 then 'amricain'
	        when alea < 0.4 then 'allemand'
	        when alea < 0.5 then 'russe'
	        when alea < 0.6 then 'ukrainien'
	        when alea < 0.7 then 'italien'
	        when alea < 0.8 then 'espagnol'
	        else 'autre'
END; 

RETURN nationalite;

END ;;
DELIMITER ;
/*!50003 SET sql_mode              = @saved_sql_mode */ ;
/*!50003 SET character_set_client  = @saved_cs_client */ ;
/*!50003 SET character_set_results = @saved_cs_results */ ;
/*!50003 SET collation_connection  = @saved_col_connection */ ;
/*!50003 SET @saved_sql_mode       = @@sql_mode */ ;
/*!50003 SET sql_mode              = 'STRICT_TRANS_TABLES,ERROR_FOR_DIVISION_BY_ZERO,NO_AUTO_CREATE_USER,NO_ENGINE_SUBSTITUTION' */ ;
/*!50003 DROP FUNCTION IF EXISTS `nombre_aleatoire` */;
/*!50003 SET @saved_cs_client      = @@character_set_client */ ;
/*!50003 SET @saved_cs_results     = @@character_set_results */ ;
/*!50003 SET @saved_col_connection = @@collation_connection */ ;
/*!50003 SET character_set_client  = utf8mb3 */ ;
/*!50003 SET character_set_results = utf8mb3 */ ;
/*!50003 SET collation_connection  = utf8mb3_general_ci */ ;
DELIMITER ;;
CREATE DEFINER=`root`@`localhost` FUNCTION `nombre_aleatoire`(nombre_min INT, nombre_max INT) RETURNS int(11)
BEGIN
    RETURN (SELECT FLOOR(RAND() * (nombre_max - nombre_min + 1)) + nombre_min);
END ;;
DELIMITER ;
/*!50003 SET sql_mode              = @saved_sql_mode */ ;
/*!50003 SET character_set_client  = @saved_cs_client */ ;
/*!50003 SET character_set_results = @saved_cs_results */ ;
/*!50003 SET collation_connection  = @saved_col_connection */ ;
/*!50003 SET @saved_sql_mode       = @@sql_mode */ ;
/*!50003 SET sql_mode              = 'STRICT_TRANS_TABLES,ERROR_FOR_DIVISION_BY_ZERO,NO_AUTO_CREATE_USER,NO_ENGINE_SUBSTITUTION' */ ;
/*!50003 DROP FUNCTION IF EXISTS `populate_emprunt` */;
/*!50003 SET @saved_cs_client      = @@character_set_client */ ;
/*!50003 SET @saved_cs_results     = @@character_set_results */ ;
/*!50003 SET @saved_col_connection = @@collation_connection */ ;
/*!50003 SET character_set_client  = utf8mb3 */ ;
/*!50003 SET character_set_results = utf8mb3 */ ;
/*!50003 SET collation_connection  = utf8mb3_general_ci */ ;
DELIMITER ;;
CREATE DEFINER=`root`@`localhost` FUNCTION `populate_emprunt`(nombre_emprunts INT) RETURNS varchar(255) CHARSET utf8mb4 COLLATE utf8mb4_general_ci
BEGIN DECLARE i INT DEFAULT 0;

DECLARE date_emprunt DATE;

DECLARE date_retour DATE;

DECLARE nombre_lecteurs INT;

DECLARE nombre_exemplaires INT;

DECLARE lecteur_id INT;

DECLARE exemplaire_id INT;

SELECT COUNT(*) INTO nombre_lecteurs FROM lecteur;

SELECT COUNT(*) INTO nombre_exemplaires FROM exemplaire;

IF nombre_exemplaires > 0 THEN
WHILE i < nombre_emprunts
DO
SET date_emprunt = (
        SELECT
            date_aleatoire('2022-01-01', CURRENT_DATE())
    );

SET date_retour = (
        SELECT
            date_aleatoire_nullable(date_emprunt, CURRENT_DATE())
    );

SET lecteur_id = (
        SELECT
            nombre_aleatoire(1, nombre_lecteurs)
    );

SET @exemplaire_id = (
        SELECT
            nombre_aleatoire(1, nombre_exemplaires)
    );

WHILE
    @exemplaire_id IN (
        SELECT exemplaire_id
        FROM emprunt
        WHERE
            date_retour IS NULL
            AND exemplaire_id = @exemplaire_id
    )
DO
SET
    @exemplaire_id = (
        SELECT
            nombre_aleatoire(1, nombre_exemplaires)
    );

END WHILE;

INSERT INTO
    emprunt (
        date_emprunt,
        date_retour,
        lecteur_id,
        exemplaire_id
    )
VALUES (
        date_emprunt,
        date_retour,
        lecteur_id,
        @exemplaire_id
    );

SET i = i + 1;

END WHILE;

ELSE SET nombre_emprunts = 0;

END IF;

RETURN
    CONCAT(
        nombre_emprunts,
        ' emprunts alatoires ont t ajouts  la table emprunt'
    );

END ;;
DELIMITER ;
/*!50003 SET sql_mode              = @saved_sql_mode */ ;
/*!50003 SET character_set_client  = @saved_cs_client */ ;
/*!50003 SET character_set_results = @saved_cs_results */ ;
/*!50003 SET collation_connection  = @saved_col_connection */ ;
/*!50003 SET @saved_sql_mode       = @@sql_mode */ ;
/*!50003 SET sql_mode              = 'STRICT_TRANS_TABLES,ERROR_FOR_DIVISION_BY_ZERO,NO_AUTO_CREATE_USER,NO_ENGINE_SUBSTITUTION' */ ;
/*!50003 DROP FUNCTION IF EXISTS `populate_exemplaire` */;
/*!50003 SET @saved_cs_client      = @@character_set_client */ ;
/*!50003 SET @saved_cs_results     = @@character_set_results */ ;
/*!50003 SET @saved_col_connection = @@collation_connection */ ;
/*!50003 SET character_set_client  = utf8mb3 */ ;
/*!50003 SET character_set_results = utf8mb3 */ ;
/*!50003 SET collation_connection  = utf8mb3_general_ci */ ;
DELIMITER ;;
CREATE DEFINER=`root`@`localhost` FUNCTION `populate_exemplaire`(nombre_exemplaires INT) RETURNS varchar(255) CHARSET utf8mb4 COLLATE utf8mb4_general_ci
BEGIN 
    DECLARE i INT DEFAULT 1;
    DECLARE reference VARCHAR(50) ;
    DECLARE rayon VARCHAR(50) ;

    DECLARE date_acquisition DATE ;

    DECLARE etat VARCHAR(50);

    DECLARE est_perdu BOOLEAN;



    DECLARE nombre_livres INT;

    SELECT COUNT(*) INTO nombre_livres FROM livre;

    SET est_perdu = 0;



    IF nombre_livres > 0 THEN
        WHILE i <= nombre_exemplaires
        DO
            SET reference = CONCAT('REF-', nombre_aleatoire(1, 10000000));
            SET rayon = CONCAT('RAYON-', nombre_aleatoire(1, 100));
            SET date_acquisition = (SELECT date_aleatoire('2022-01-01', CURRENT_DATE()));
            SET etat = 
                CASE
                    when rand() < 0.1 then 'mauvais'
                    when rand() < 0.2 then 'bon'
                    when rand() < 0.3 then 'neuf'
                    else 'moyen'
                    
                END;
            SET @livre_id = (SELECT nombre_aleatoire(1,nombre_livres));

            
            SET @livre_id = (SELECT nombre_aleatoire(1, nombre_livres));

            INSERT INTO
                exemplaire (
                    reference,
                    rayon,
                    date_acquisition,
                    etat,
                    est_perdu,
                    livre_id
                )
            VALUES (
                    reference,
                    rayon,
                    date_acquisition,
                    etat,
                    est_perdu,
                    @livre_id
                );

            SET i = i + 1;
        END WHILE;
    ELSE 
        SET nombre_exemplaires = 0;
    END IF;
RETURN CONCAT(nombre_exemplaires,' exemplaires alatoires ont t ajouts  la table exemplaire');

END ;;
DELIMITER ;
/*!50003 SET sql_mode              = @saved_sql_mode */ ;
/*!50003 SET character_set_client  = @saved_cs_client */ ;
/*!50003 SET character_set_results = @saved_cs_results */ ;
/*!50003 SET collation_connection  = @saved_col_connection */ ;
/*!40103 SET TIME_ZONE=@OLD_TIME_ZONE */;

/*!40101 SET SQL_MODE=@OLD_SQL_MODE */;
/*!40014 SET FOREIGN_KEY_CHECKS=@OLD_FOREIGN_KEY_CHECKS */;
/*!40014 SET UNIQUE_CHECKS=@OLD_UNIQUE_CHECKS */;
/*!40101 SET CHARACTER_SET_CLIENT=@OLD_CHARACTER_SET_CLIENT */;
/*!40101 SET CHARACTER_SET_RESULTS=@OLD_CHARACTER_SET_RESULTS */;
/*!40101 SET COLLATION_CONNECTION=@OLD_COLLATION_CONNECTION */;
/*!40111 SET SQL_NOTES=@OLD_SQL_NOTES */;

-- Dump completed on 2022-12-21  1:34:29
