-- MariaDB dump 10.19  Distrib 10.6.11-MariaDB, for debian-linux-gnu (x86_64)
--
-- Host: localhost    Database: biblio4_prof
-- ------------------------------------------------------
-- Server version	10.6.11-MariaDB-0ubuntu0.22.04.1

/*!40101 SET @OLD_CHARACTER_SET_CLIENT=@@CHARACTER_SET_CLIENT */;
/*!40101 SET @OLD_CHARACTER_SET_RESULTS=@@CHARACTER_SET_RESULTS */;
/*!40101 SET @OLD_COLLATION_CONNECTION=@@COLLATION_CONNECTION */;
/*!40101 SET NAMES utf8mb4 */;
/*!40103 SET @OLD_TIME_ZONE=@@TIME_ZONE */;
/*!40103 SET TIME_ZONE='+00:00' */;
/*!40014 SET @OLD_UNIQUE_CHECKS=@@UNIQUE_CHECKS, UNIQUE_CHECKS=0 */;
/*!40014 SET @OLD_FOREIGN_KEY_CHECKS=@@FOREIGN_KEY_CHECKS, FOREIGN_KEY_CHECKS=0 */;
/*!40101 SET @OLD_SQL_MODE=@@SQL_MODE, SQL_MODE='NO_AUTO_VALUE_ON_ZERO' */;
/*!40111 SET @OLD_SQL_NOTES=@@SQL_NOTES, SQL_NOTES=0 */;

--
-- Current Database: `biblio4_prof`
--

CREATE DATABASE /*!32312 IF NOT EXISTS*/ `biblio4_prof` /*!40100 DEFAULT CHARACTER SET utf8mb4 COLLATE utf8mb4_general_ci */;

USE `biblio4_prof`;

--
-- Table structure for table `auteur`
--

DROP TABLE IF EXISTS `auteur`;
/*!40101 SET @saved_cs_client     = @@character_set_client */;
/*!40101 SET character_set_client = utf8 */;
CREATE TABLE `auteur` (
  `id` int(11) NOT NULL AUTO_INCREMENT,
  `nom` varchar(50) NOT NULL,
  `prenom` varchar(50) NOT NULL,
  `date_naissance` date DEFAULT NULL,
  `nationalite` varchar(50) DEFAULT NULL,
  PRIMARY KEY (`id`)
) ENGINE=InnoDB AUTO_INCREMENT=501 DEFAULT CHARSET=utf8mb4 COLLATE=utf8mb4_general_ci;
/*!40101 SET character_set_client = @saved_cs_client */;

--
-- Dumping data for table `auteur`
--

LOCK TABLES `auteur` WRITE;
/*!40000 ALTER TABLE `auteur` DISABLE KEYS */;
INSERT INTO `auteur` VALUES (1,'Leven','Holli','2000-03-30',NULL),(2,'Mauchline','Gabe','2006-11-28',NULL),(3,'Silwood','Vaughan','1955-10-25',NULL),(4,'Kitchener','Merline','2000-05-05',NULL),(5,'Cattermull','Levi','1992-04-09',NULL),(6,'Grimme','Lucho','2010-04-29',NULL),(7,'Pennino','Curt','1996-10-24',NULL),(8,'Deluce','Deck','2003-02-04',NULL),(9,'Rothermel','Lynna','2011-01-10',NULL),(10,'MacHostie','Danyelle','1967-11-06',NULL),(11,'Linstead','Mimi','1984-02-27',NULL),(12,'Benterman','Hyacinthe','2003-03-29',NULL),(13,'Pirkis','Drake','1985-09-25',NULL),(14,'Vigar','Mandel','1968-12-09',NULL),(15,'Bottom','Man','2001-07-03',NULL),(16,'Basili','Leann','1958-09-11',NULL),(17,'Etock','Brinna','1966-12-16',NULL),(18,'Marqyes','Shelbi','2008-09-17',NULL),(19,'Wegener','Brinn','2000-09-07',NULL),(20,'Mozzini','Donnie','1963-04-14',NULL),(21,'Chatters','Amye','1992-05-14',NULL),(22,'Bernardoux','Francesca','1993-12-25',NULL),(23,'Starte','Tabatha','1978-10-24',NULL),(24,'Bulloch','Vania','1962-02-12',NULL),(25,'Herety','Shannah','1988-02-24',NULL),(26,'Marchington','Forrester','1976-05-20',NULL),(27,'Prestedge','Derrick','1967-06-23',NULL),(28,'Downse','Aarika','1958-03-22',NULL),(29,'Devanny','Thomasina','2002-09-08',NULL),(30,'Cutbirth','Jere','1996-10-05',NULL),(31,'Sporner','Cassi','1961-10-03',NULL),(32,'Blastock','Mylo','1996-06-29',NULL),(33,'Trenoweth','Manuel','1955-03-14',NULL),(34,'Dudson','Flin','1964-07-07',NULL),(35,'Peploe','Filmer','2006-12-22',NULL),(36,'Giovanardi','Leslie','1999-04-30',NULL),(37,'Saywell','Rafa','1961-09-15',NULL),(38,'Meir','Jamesy','1988-07-22',NULL),(39,'Jewett','Corabelle','1979-08-28',NULL),(40,'Bagguley','Giuseppe','1982-08-11',NULL),(41,'Welldrake','Bren','1960-01-30',NULL),(42,'Toor','Celestyna','1966-07-26',NULL),(43,'Goss','Merrilee','2002-08-07',NULL),(44,'Di Carli','Ainslee','1971-04-16',NULL),(45,'Aslin','Cchaddie','1962-08-25',NULL),(46,'Walklot','Anett','2013-05-16',NULL),(47,'Gawith','Prentice','1972-12-02',NULL),(48,'Beamond','Elwood','2002-06-24',NULL),(49,'Tregust','Maynard','1951-08-20',NULL),(50,'Janauschek','Donovan','1992-09-24',NULL),(51,'Jeans','Hebert','1966-10-02',NULL),(52,'Lasseter','Elianore','1969-07-28',NULL),(53,'Giral','Julianne','1997-08-07',NULL),(54,'Priscott','Angelika','2001-04-14',NULL),(55,'Keatch','Aurel','1999-08-15',NULL),(56,'Rummins','Mayor','1980-03-30',NULL),(57,'Minget','Claudie','1952-05-12',NULL),(58,'O\'Shavlan','Melony','1999-01-31',NULL),(59,'Van Rembrandt','Enriqueta','1996-04-28',NULL),(60,'Souter','Audy','1970-05-15',NULL),(61,'Branthwaite','Taddeo','1976-11-14',NULL),(62,'Maden','Starla','1959-04-01',NULL),(63,'Johnikin','Erin','1979-08-17',NULL),(64,'Wreiford','Page','2006-05-21',NULL),(65,'Look','Grata','1951-01-18',NULL),(66,'Chittem','Helen-elizabeth','1978-02-01',NULL),(67,'Ferrino','Tobey','1959-04-18',NULL),(68,'Caulfield','Tommi','1976-03-14',NULL),(69,'Lansdown','Aguste','1989-02-13',NULL),(70,'Candish','Modesty','2003-01-01',NULL),(71,'Humfrey','Norton','1969-08-25',NULL),(72,'Ferrao','Karolina','1953-03-28',NULL),(73,'Gamell','Rosalie','1971-04-01',NULL),(74,'Donati','Tilda','1982-07-10',NULL),(75,'Sharma','Imojean','1984-11-11',NULL),(76,'Tirrey','Sylas','1962-10-01',NULL),(77,'Stratford','Toddy','1973-02-25',NULL),(78,'Esslement','Vladimir','1963-07-08',NULL),(79,'Yoell','Cloris','2012-02-15',NULL),(80,'Blakey','Mei','1964-01-24',NULL),(81,'Osorio','Howey','1961-12-14',NULL),(82,'Wannop','Ilysa','1967-07-29',NULL),(83,'Albion','Eugenia','2002-01-03',NULL),(84,'Bischoff','Felecia','1965-04-27',NULL),(85,'de Quesne','Harlin','1998-07-29',NULL),(86,'Pickthorn','Anabal','1954-11-29',NULL),(87,'Gosson','Gunner','1956-11-01',NULL),(88,'Beglin','Julie','1969-06-11',NULL),(89,'Huckle','Chevalier','1962-09-16',NULL),(90,'Handmore','Blakeley','1955-03-19',NULL),(91,'Jelf','Arlen','2001-12-09',NULL),(92,'Skelding','Elias','2002-01-20',NULL),(93,'Sarginson','Sabra','1990-06-16',NULL),(94,'Arber','Felicio','1996-02-11',NULL),(95,'Gunson','Babita','1995-03-16',NULL),(96,'Millimoe','Steffen','1973-09-02',NULL),(97,'Heaviside','Maybelle','1996-09-28',NULL),(98,'Hannigan','Northrup','1984-09-15',NULL),(99,'Leal','Teddy','1983-04-20',NULL),(100,'Stannah','Aleksandr','2012-05-18',NULL),(101,'Carlick','Darci','1969-12-30',NULL),(102,'Tithecote','Leone','1990-11-06',NULL),(103,'Gegg','Adoree','1966-03-31',NULL),(104,'Brittin','Mylo','1972-09-07',NULL),(105,'Limbourne','Kerry','1950-09-07',NULL),(106,'Duffie','Any','2013-05-12',NULL),(107,'Shanahan','Bartie','2008-10-02',NULL),(108,'Deacock','Frederik','1989-09-07',NULL),(109,'Nibley','Rik','1972-03-01',NULL),(110,'Sudell','Claudian','2005-10-07',NULL),(111,'Fisbey','Gale','1970-05-03',NULL),(112,'Mangeney','Ulrich','2012-05-18',NULL),(113,'Megson','Smith','2008-11-21',NULL),(114,'Linning','Veronika','1993-04-26',NULL),(115,'Nowakowski','Allene','1989-12-01',NULL),(116,'Ovendale','Zelig','1955-08-18',NULL),(117,'Bulbeck','Sharl','1986-05-23',NULL),(118,'Connechie','Ashley','1987-01-24',NULL),(119,'Humbell','Abdul','1962-02-25',NULL),(120,'Morsey','Jerry','1963-07-27',NULL),(121,'McVrone','Kenneth','1981-05-20',NULL),(122,'Tindle','Camille','2002-03-16',NULL),(123,'Martinek','Onofredo','1988-11-17',NULL),(124,'Hodgin','Marlo','1987-10-14',NULL),(125,'Baynton','Kasey','1958-04-12',NULL),(126,'Fosdick','Alister','2006-01-15',NULL),(127,'Maslen','Therine','2013-05-14',NULL),(128,'Schankel','Minni','1970-09-18',NULL),(129,'Tatton','Layla','1991-06-19',NULL),(130,'Crighton','Stirling','1967-03-05',NULL),(131,'Staneland','Westbrook','1975-06-27',NULL),(132,'Flagg','Currie','1961-11-26',NULL),(133,'Ferneyhough','Sigmund','1997-01-20',NULL),(134,'Ellum','Cleveland','1957-07-27',NULL),(135,'Clipsham','Gordy','1974-09-04',NULL),(136,'Brackstone','Edee','1986-09-01',NULL),(137,'Mathie','Audrey','1995-04-24',NULL),(138,'Chetwin','Mitchel','2002-07-19',NULL),(139,'Ipsley','Elisabet','2012-10-22',NULL),(140,'Theobold','Blake','1978-05-24',NULL),(141,'Cramb','Johnath','1967-07-17',NULL),(142,'Balsellie','Eldin','1952-07-11',NULL),(143,'Roddick','Arron','1974-01-01',NULL),(144,'Pittoli','Leelah','1998-06-09',NULL),(145,'Heersma','Ennis','1992-03-08',NULL),(146,'Lace','Emmy','1951-08-08',NULL),(147,'Aronson','Neall','1959-06-16',NULL),(148,'Woodall','Kerry','1992-06-23',NULL),(149,'Burgisi','Oralia','2006-01-06',NULL),(150,'Mea','Tully','1974-08-25',NULL),(151,'Searston','Gweneth','1969-03-13',NULL),(152,'Jeacock','Pasquale','1972-01-12',NULL),(153,'Gulliford','Gail','2002-07-26',NULL),(154,'Roderighi','Hagen','1954-09-27',NULL),(155,'Dziwisz','Daryle','2007-12-30',NULL),(156,'Vinck','Olimpia','1969-10-03',NULL),(157,'Cotilard','Saidee','2002-10-18',NULL),(158,'Swarbrigg','Allys','1962-09-16',NULL),(159,'Van der Mark','Chelsae','1983-02-27',NULL),(160,'d\' Elboux','Natalya','2013-08-31',NULL),(161,'Peploe','Gilberto','1976-11-05',NULL),(162,'Karpov','Ashely','1957-03-28',NULL),(163,'Prescot','Ruy','1969-08-26',NULL),(164,'Guerre','Reagen','1962-07-19',NULL),(165,'Crofthwaite','Vivian','1953-10-09',NULL),(166,'Darlison','Mill','1995-03-22',NULL),(167,'Monier','Bancroft','1972-10-14',NULL),(168,'Blundan','Constantino','1992-04-09',NULL),(169,'Gillio','Malva','1964-12-31',NULL),(170,'Foulis','Raychel','1962-03-09',NULL),(171,'Beaton','Ellen','1965-12-02',NULL),(172,'Durnill','Michelle','1993-01-18',NULL),(173,'Saleway','Marina','1989-06-26',NULL),(174,'Durnin','Katrina','1954-04-11',NULL),(175,'Pinsent','Ofelia','1980-12-02',NULL),(176,'Hadigate','Kellia','1963-10-12',NULL),(177,'O\'Cannovane','Roxana','1990-02-18',NULL),(178,'Greeveson','Hollis','1981-04-29',NULL),(179,'Barnardo','Gusella','1986-03-26',NULL),(180,'Lush','Myrlene','1973-03-07',NULL),(181,'Staresmeare','Grayce','1957-03-14',NULL),(182,'Beernt','Aguste','1980-06-19',NULL),(183,'Kunze','Sheelah','1952-09-23',NULL),(184,'Mainstone','Sib','2000-03-30',NULL),(185,'Liverseege','Karrah','2001-01-11',NULL),(186,'Trencher','Giffy','1990-06-03',NULL),(187,'McGroarty','Orville','1999-01-06',NULL),(188,'De La Haye','Kendricks','2009-10-25',NULL),(189,'Saffen','Harrietta','1974-01-10',NULL),(190,'Fernanando','Selle','1954-09-08',NULL),(191,'Androck','Abey','1965-05-09',NULL),(192,'Maylor','Donnell','2012-09-13',NULL),(193,'Westoll','Bink','1961-06-14',NULL),(194,'Hugin','Dotty','2011-02-25',NULL),(195,'Cattermull','Melvin','1965-05-26',NULL),(196,'Prew','Kariotta','1971-07-17',NULL),(197,'Ghidoli','Theobald','2011-07-06',NULL),(198,'Grabham','Corrina','2000-12-03',NULL),(199,'Pittman','Benjamin','1956-01-30',NULL),(200,'O\'Kinneally','Sigfried','1955-08-22',NULL),(201,'Benza','Addison','1959-12-15',NULL),(202,'Betho','Corty','1982-11-06',NULL),(203,'Stang-Gjertsen','Trumann','1956-05-18',NULL),(204,'Pomroy','Laetitia','2011-05-06',NULL),(205,'Steade','Solly','1981-08-01',NULL),(206,'Durkin','Anny','1987-11-19',NULL),(207,'Mertsching','Rabi','1980-08-30',NULL),(208,'Freckelton','Lanita','1989-09-02',NULL),(209,'Blanpein','Becky','1992-05-14',NULL),(210,'Airy','Sabine','1978-10-27',NULL),(211,'Dunton','Brinn','1966-12-31',NULL),(212,'Anfonsi','Kippy','2012-07-12',NULL),(213,'Habbergham','Isahella','1955-08-26',NULL),(214,'Sellner','Robinett','1982-09-01',NULL),(215,'Biffen','Sheilakathryn','1968-05-20',NULL),(216,'Johnsson','Whitney','2007-11-30',NULL),(217,'Lumsden','Zulema','1992-05-30',NULL),(218,'Henriksson','Arabele','1988-04-25',NULL),(219,'Albery','Virgil','1950-05-06',NULL),(220,'Trump','Ruperto','1964-10-10',NULL),(221,'Fazackerley','Ailbert','1958-11-03',NULL),(222,'Bohman','Gene','2013-11-15',NULL),(223,'Shemilt','Larissa','1986-11-07',NULL),(224,'Rangell','June','2006-08-19',NULL),(225,'Lowerson','Franny','1994-08-11',NULL),(226,'Simester','Devonna','2003-02-22',NULL),(227,'Alflatt','Duke','1953-11-23',NULL),(228,'Bedlington','Godart','2002-01-17',NULL),(229,'Nancekivell','Rae','2006-07-19',NULL),(230,'Tatford','Davy','2012-08-03',NULL),(231,'Austing','Gretchen','1965-04-22',NULL),(232,'Magister','Homer','1966-10-08',NULL),(233,'Howerd','Alene','1987-12-01',NULL),(234,'McDiarmid','Tobi','1961-04-11',NULL),(235,'Normadell','Candis','1956-08-20',NULL),(236,'Sapwell','Clotilda','2013-05-07',NULL),(237,'Antal','Harman','1990-11-01',NULL),(238,'Butner','Moises','1964-02-14',NULL),(239,'Juares','Querida','1962-02-08',NULL),(240,'Cormack','Neille','1968-03-02',NULL),(241,'Cone','Nicolette','2004-07-07',NULL),(242,'Salter','Dannie','1976-01-27',NULL),(243,'Diffley','Desi','1980-10-22',NULL),(244,'Pollins','Emylee','1961-10-31',NULL),(245,'Claughton','Dru','1980-09-24',NULL),(246,'Cokayne','Hyacinthie','2004-03-02',NULL),(247,'Carcas','Janel','2000-08-21',NULL),(248,'McKee','Hyacintha','1976-09-09',NULL),(249,'Waeland','Alexa','1995-07-14',NULL),(250,'Ubsdell','Gearard','1969-08-06',NULL),(251,'Gladeche','Nealy','1975-05-22',NULL),(252,'Tiffin','Laurianne','1954-02-23',NULL),(253,'Critzen','Vincents','1958-07-29',NULL),(254,'Prescot','Jobina','1980-06-03',NULL),(255,'McClune','Buiron','2012-05-24',NULL),(256,'Hastwell','Linda','1978-09-16',NULL),(257,'Clair','Howard','1970-05-10',NULL),(258,'Szwarc','Crawford','1965-08-26',NULL),(259,'Upson','Corbett','1967-03-10',NULL),(260,'Hudleston','Phedra','1988-12-24',NULL),(261,'Guthrum','Ruddy','1965-05-05',NULL),(262,'Philipson','Gerek','1973-10-08',NULL),(263,'Bastone','Gayle','1958-10-28',NULL),(264,'Fuente','Linzy','1986-10-21',NULL),(265,'Scotter','Carlotta','1979-07-23',NULL),(266,'Stiff','Sophey','1987-05-13',NULL),(267,'Mulvin','Colly','1984-02-23',NULL),(268,'Pietesch','Bartolemo','2008-08-21',NULL),(269,'Chalcot','Tiler','2012-10-04',NULL),(270,'Cicchetto','Carlie','1959-11-16',NULL),(271,'Jeffers','Tyson','2003-02-04',NULL),(272,'Robbert','Herby','1993-11-06',NULL),(273,'Ruggs','Ilario','2009-12-18',NULL),(274,'Laban','Harrie','1990-04-09',NULL),(275,'Bale','Matty','1971-06-17',NULL),(276,'Sebrook','Emmi','2000-06-25',NULL),(277,'Burtwell','Anatollo','2010-01-14',NULL),(278,'Plevin','Collie','1970-09-29',NULL),(279,'Hawking','Hugh','2001-08-07',NULL),(280,'Marner','Lorain','1953-10-09',NULL),(281,'Burriss','Leann','2006-01-20',NULL),(282,'Hagstone','Nefen','1962-12-14',NULL),(283,'Norwich','Evaleen','1974-08-06',NULL),(284,'Wilmington','Oralia','1970-02-15',NULL),(285,'Ellacott','Aaron','1976-11-02',NULL),(286,'Pettingill','Addie','1959-10-25',NULL),(287,'Longea','Lindy','1982-07-21',NULL),(288,'Heister','Karilynn','1955-04-30',NULL),(289,'Blaszczynski','Eleonora','2006-12-21',NULL),(290,'Dicke','Rory','1962-11-18',NULL),(291,'Billson','Nerta','1971-06-28',NULL),(292,'Scallon','Nickolaus','1954-10-20',NULL),(293,'Arboine','Calhoun','1973-07-17',NULL),(294,'Dwelling','Bobette','1989-04-19',NULL),(295,'Teodoro','Alain','2011-11-15',NULL),(296,'Wilsey','Roscoe','2013-06-16',NULL),(297,'Farmiloe','Gram','1953-09-03',NULL),(298,'Edmans','Gleda','1969-12-27',NULL),(299,'Iashvili','Jorge','1974-12-05',NULL),(300,'Fetherstone','Addison','1950-08-31',NULL),(301,'Primrose','Kellen','2006-07-17',NULL),(302,'Dundon','Wendell','1974-09-20',NULL),(303,'Strode','Nadine','1967-12-19',NULL),(304,'Ainslie','Laurette','1965-09-03',NULL),(305,'Coxhead','Eveline','1974-06-21',NULL),(306,'Denman','Margot','1961-05-01',NULL),(307,'Passion','Evaleen','1997-03-30',NULL),(308,'Clemoes','Cissy','1960-03-23',NULL),(309,'Eisig','Vinson','1987-05-24',NULL),(310,'Wick','Wendye','1978-04-17',NULL),(311,'Romeuf','Cirilo','1979-04-11',NULL),(312,'Meineken','Bartlett','2011-07-02',NULL),(313,'Hertwell','Joy','1977-09-03',NULL),(314,'Cisneros','Drew','1967-11-15',NULL),(315,'Giacobazzi','Emylee','1956-05-02',NULL),(316,'Nys','Kaiser','1992-01-21',NULL),(317,'Blaine','Emelda','2013-04-10',NULL),(318,'Rooms','Tiff','2012-03-14',NULL),(319,'Melsom','Sal','2007-03-07',NULL),(320,'Winspar','Bert','1985-04-17',NULL),(321,'Pannett','Lonnie','1954-12-03',NULL),(322,'Purry','Shermie','1996-09-26',NULL),(323,'De Cristoforo','Kellen','1976-11-30',NULL),(324,'Pavlov','Fee','2008-05-13',NULL),(325,'Colloff','Wallace','1969-01-27',NULL),(326,'O\' Gara','Lavinia','1998-04-14',NULL),(327,'Malin','Barron','2006-03-10',NULL),(328,'Baudasso','Barbie','1958-02-05',NULL),(329,'Lindwasser','Vivyan','2013-11-30',NULL),(330,'Casford','Belva','1989-04-13',NULL),(331,'Eglinton','Kirsten','1954-09-01',NULL),(332,'Sentance','Blake','1983-06-28',NULL),(333,'Sanchis','Reginald','1975-06-11',NULL),(334,'Sabatier','Christen','1976-09-30',NULL),(335,'Alenikov','Broddy','2007-05-30',NULL),(336,'Djuricic','Dorise','1964-10-19',NULL),(337,'Solland','Ethe','1979-10-09',NULL),(338,'Lawlan','Barbe','1990-06-14',NULL),(339,'Pakenham','Renie','1998-12-09',NULL),(340,'Roycroft','Berty','2009-05-07',NULL),(341,'Whybray','Sadie','1971-12-02',NULL),(342,'Iacobetto','Eloise','2009-07-20',NULL),(343,'Sholem','Vladamir','1989-12-30',NULL),(344,'Capron','Filmore','1971-04-30',NULL),(345,'Drissell','Consuelo','2000-08-24',NULL),(346,'Oxton','Lu','2011-04-01',NULL),(347,'Allanson','Mike','1976-04-20',NULL),(348,'Redler','Janenna','1961-10-06',NULL),(349,'Slemming','Aubrey','1993-11-29',NULL),(350,'Spratt','Coralyn','2006-04-06',NULL),(351,'Kennan','Silvana','1971-08-01',NULL),(352,'Castles','Marian','1953-02-13',NULL),(353,'Jiruch','Polly','1964-11-06',NULL),(354,'Webland','Wilhelm','1950-11-23',NULL),(355,'Pile','Ermentrude','1973-12-02',NULL),(356,'Burdge','Joshia','2002-11-30',NULL),(357,'Borrott','Ollie','1950-10-25',NULL),(358,'Dine-Hart','Liz','1987-05-01',NULL),(359,'Stacey','Burnard','2006-03-17',NULL),(360,'Sawford','Carmita','1991-01-18',NULL),(361,'Amphlett','Augustine','1986-08-13',NULL),(362,'Rumens','Valentijn','2009-12-05',NULL),(363,'Freund','Nannette','2011-10-20',NULL),(364,'Betton','Virgie','1951-03-21',NULL),(365,'Soonhouse','Erhart','1962-09-05',NULL),(366,'Cuthbertson','Gardener','2009-09-29',NULL),(367,'Manvelle','Paola','1954-09-09',NULL),(368,'Wilstead','Torey','1986-03-19',NULL),(369,'Castagna','Kasey','1988-12-27',NULL),(370,'Kensley','Cara','1972-04-23',NULL),(371,'McNevin','Lowell','2008-07-31',NULL),(372,'Hutcheson','Guenevere','1983-12-24',NULL),(373,'Hodjetts','Rice','2008-02-24',NULL),(374,'Massimo','Flem','2010-10-22',NULL),(375,'Faux','Menard','1951-08-04',NULL),(376,'Figgen','Ferd','1967-07-11',NULL),(377,'Brinsford','Loralie','1968-11-06',NULL),(378,'Hassan','Marget','1991-09-06',NULL),(379,'Brilon','Heidi','1973-11-07',NULL),(380,'Lepere','Kaylyn','2008-03-20',NULL),(381,'MacClure','Lorne','1977-07-11',NULL),(382,'Birkmyr','Rebecca','1976-12-22',NULL),(383,'Elliott','Desi','2002-04-22',NULL),(384,'Spaven','Norbert','2002-08-07',NULL),(385,'Callear','Ike','1992-01-30',NULL),(386,'Gerrie','Fairlie','2002-08-09',NULL),(387,'Norker','Stanford','1958-10-10',NULL),(388,'Beahan','Terence','1964-01-25',NULL),(389,'Scrimgeour','Nance','1993-12-31',NULL),(390,'Mathison','Gasparo','1999-10-19',NULL),(391,'Tebbs','Boote','2002-12-27',NULL),(392,'Croydon','Wallis','2001-07-18',NULL),(393,'Klaiser','Paxton','1984-10-07',NULL),(394,'Skitch','Mayer','1969-03-13',NULL),(395,'Hollerin','Ericha','2005-09-08',NULL),(396,'Wonfar','Gwenore','1978-11-04',NULL),(397,'Shenfish','Prissie','1991-02-25',NULL),(398,'Sherratt','Bertina','2005-03-27',NULL),(399,'McCloughlin','Ediva','1974-09-19',NULL),(400,'Camber','Hendrik','1971-11-17',NULL),(401,'McCarty','Dell','1985-03-26',NULL),(402,'Parry','Loy','1996-07-14',NULL),(403,'Janous','Emmet','2012-12-22',NULL),(404,'Feavyour','Conni','1997-04-09',NULL),(405,'Ailmer','Terrye','1997-06-05',NULL),(406,'Wormell','Giana','1981-04-27',NULL),(407,'Tewkesbury.','Hyacintha','1964-04-26',NULL),(408,'Scotchmore','Lemuel','1991-08-21',NULL),(409,'Shilton','Ansel','1987-03-23',NULL),(410,'Sexten','Glenn','2011-03-16',NULL),(411,'Hanaby','Angy','1952-05-08',NULL),(412,'Gazey','Dora','1970-02-20',NULL),(413,'Bellenger','Cicily','1979-08-22',NULL),(414,'Callcott','Celinda','1973-10-14',NULL),(415,'Batchelour','Shayna','1980-01-02',NULL),(416,'Bilyard','Vonnie','1964-08-31',NULL),(417,'Sansam','Benedetta','1997-04-28',NULL),(418,'Stafford','Cristionna','1950-08-10',NULL),(419,'Buckleigh','Konstance','2003-01-26',NULL),(420,'Howell','Adela','1957-07-10',NULL),(421,'Jiggens','Tremain','1956-05-28',NULL),(422,'Flello','Ugo','1959-06-20',NULL),(423,'Sheers','Bellanca','1978-02-08',NULL),(424,'Bagley','Aimee','1998-02-19',NULL),(425,'Krout','Rycca','1978-05-11',NULL),(426,'Wasmer','Zaneta','2011-05-19',NULL),(427,'Klimschak','Selig','1979-10-28',NULL),(428,'Desseine','Matilda','1978-12-23',NULL),(429,'Glentz','Miller','2005-05-30',NULL),(430,'Snowsill','Brenn','2012-02-17',NULL),(431,'Jouanot','Myriam','1966-06-01',NULL),(432,'Bettington','Carroll','1973-09-07',NULL),(433,'Shoveller','Missy','1955-03-06',NULL),(434,'Rushmer','Padget','1968-10-28',NULL),(435,'Rawle','Aldon','1964-08-03',NULL),(436,'Ledgerton','Hart','1966-06-24',NULL),(437,'Kingsnorth','Louisette','1988-08-17',NULL),(438,'Westerman','Emelda','1965-09-10',NULL),(439,'Pieper','Alexandros','1976-08-03',NULL),(440,'Jiricka','Rica','1971-11-11',NULL),(441,'Bremmer','Nickie','1979-07-17',NULL),(442,'Pullan','Dorian','1968-02-12',NULL),(443,'Pavyer','Kelsey','1951-12-16',NULL),(444,'Melling','Sibley','1969-06-08',NULL),(445,'Allon','Johann','1977-04-21',NULL),(446,'Calcut','Latrena','1964-03-19',NULL),(447,'Summerly','Rubetta','2003-02-28',NULL),(448,'Leirmonth','Yves','1981-02-26',NULL),(449,'Sanger','Coletta','2010-04-21',NULL),(450,'Kershaw','Aeriell','1966-01-15',NULL),(451,'Zebedee','Baird','1977-04-18',NULL),(452,'Akram','Adriano','1974-05-12',NULL),(453,'Chesworth','Win','1989-12-01',NULL),(454,'Rippingale','Pavlov','2012-06-30',NULL),(455,'Piburn','Penelope','1950-09-24',NULL),(456,'Jeschner','Sharlene','1958-03-02',NULL),(457,'Frankom','Burke','1988-08-22',NULL),(458,'Pink','Carla','1990-09-13',NULL),(459,'Boshers','Abbot','1973-07-30',NULL),(460,'Deyes','Tilda','2009-10-14',NULL),(461,'Adie','Travers','1986-03-11',NULL),(462,'Ormes','Garry','1951-08-09',NULL),(463,'Kehir','Brittaney','1977-06-11',NULL),(464,'Wingar','Berkie','1954-05-28',NULL),(465,'Dourin','Vivianna','1953-09-10',NULL),(466,'Lipmann','Kelley','1955-04-01',NULL),(467,'Petrasso','Isabel','1965-02-26',NULL),(468,'Reed','Myrah','2010-01-14',NULL),(469,'Eddies','Kristel','2012-09-21',NULL),(470,'Cathersides','Conrade','1955-07-05',NULL),(471,'Arbuckel','Charmian','1981-05-12',NULL),(472,'Aronowitz','Jamima','1962-04-14',NULL),(473,'Hawler','Antonie','1981-05-01',NULL),(474,'Sumption','Ferdinande','2005-10-20',NULL),(475,'Minihan','Druci','2007-01-09',NULL),(476,'Cordner','Earle','2003-09-14',NULL),(477,'Anyon','Joceline','1983-06-12',NULL),(478,'Polson','Zola','1956-02-10',NULL),(479,'Laban','Marilee','2008-03-23',NULL),(480,'Muldownie','Anestassia','1966-10-16',NULL),(481,'Schoenrock','Chandra','1987-04-11',NULL),(482,'Ridder','Felicity','1958-01-02',NULL),(483,'Yesinin','Mackenzie','2006-03-15',NULL),(484,'Andre','Jaime','1950-12-27',NULL),(485,'Limpricht','Kat','1978-05-02',NULL),(486,'Clendennen','Calley','1960-09-13',NULL),(487,'Rivelon','Leland','1982-07-04',NULL),(488,'Grisenthwaite','Alexine','1952-06-05',NULL),(489,'Maultby','Eldon','1992-08-14',NULL),(490,'Le land','Nicky','1963-10-25',NULL),(491,'Mairs','Darryl','1955-03-17',NULL),(492,'Looney','Rock','1998-08-07',NULL),(493,'Middlemass','Pooh','1985-05-15',NULL),(494,'Wilshin','Claudius','1981-01-19',NULL),(495,'Whyborn','Danette','1999-02-25',NULL),(496,'Ducket','Ervin','1974-08-07',NULL),(497,'Bellanger','Mari','1989-07-18',NULL),(498,'Tooze','Karleen','2009-12-03',NULL),(499,'Dine-Hart','Deeyn','2002-12-23',NULL),(500,'Bartolomivis','Cordula','1971-02-12',NULL);
/*!40000 ALTER TABLE `auteur` ENABLE KEYS */;
UNLOCK TABLES;

--
-- Table structure for table `emprunt`
--

DROP TABLE IF EXISTS `emprunt`;
/*!40101 SET @saved_cs_client     = @@character_set_client */;
/*!40101 SET character_set_client = utf8 */;
CREATE TABLE `emprunt` (
  `id` int(11) NOT NULL AUTO_INCREMENT,
  `date_emprunt` date NOT NULL,
  `date_retour` date DEFAULT NULL,
  `lecteur_id` int(11) NOT NULL,
  `exemplaire_id` int(11) NOT NULL,
  PRIMARY KEY (`id`),
  KEY `lecteur_id` (`lecteur_id`),
  KEY `exemplaire_id` (`exemplaire_id`),
  CONSTRAINT `emprunt_ibfk_1` FOREIGN KEY (`lecteur_id`) REFERENCES `lecteur` (`id`),
  CONSTRAINT `emprunt_ibfk_2` FOREIGN KEY (`exemplaire_id`) REFERENCES `exemplaire` (`id`)
) ENGINE=InnoDB AUTO_INCREMENT=101 DEFAULT CHARSET=utf8mb4 COLLATE=utf8mb4_general_ci;
/*!40101 SET character_set_client = @saved_cs_client */;

--
-- Dumping data for table `emprunt`
--

LOCK TABLES `emprunt` WRITE;
/*!40000 ALTER TABLE `emprunt` DISABLE KEYS */;
INSERT INTO `emprunt` VALUES (1,'2022-05-13','2022-09-06',14,678),(2,'2022-10-20',NULL,2,85),(3,'2022-02-27','2022-06-08',1,11),(4,'2022-01-11',NULL,9,243),(5,'2022-08-17','2022-10-29',7,300),(6,'2022-04-03',NULL,5,214),(7,'2022-03-09',NULL,16,42),(8,'2022-03-18','2022-04-24',14,656),(9,'2022-10-24',NULL,11,489),(10,'2022-07-07',NULL,6,286),(11,'2022-04-19','2022-08-10',5,46),(12,'2022-05-10','2022-07-31',13,738),(13,'2022-05-15','2022-07-19',7,280),(14,'2022-02-02','2022-10-19',4,550),(15,'2022-02-27',NULL,6,243),(16,'2022-02-27',NULL,16,538),(17,'2022-10-11',NULL,10,741),(18,'2022-11-28',NULL,9,372),(19,'2022-03-04','2022-06-07',6,643),(20,'2022-03-25',NULL,9,9),(21,'2022-05-16','2022-07-27',16,829),(22,'2022-03-30','2022-04-21',3,377),(23,'2022-06-26',NULL,6,670),(24,'2022-04-09',NULL,2,277),(25,'2022-02-13','2022-08-06',8,566),(26,'2022-06-18','2022-06-19',16,878),(27,'2022-06-07','2022-10-09',7,49),(28,'2022-01-25',NULL,14,518),(29,'2022-02-06','2022-07-19',11,853),(30,'2022-03-21','2022-05-02',2,943),(31,'2022-06-14','2022-07-06',2,22),(32,'2022-11-09',NULL,3,591),(33,'2022-07-16',NULL,6,802),(34,'2022-11-20',NULL,3,186),(35,'2022-06-25','2022-07-16',14,806),(36,'2022-07-06',NULL,9,54),(37,'2022-08-10','2022-08-11',2,529),(38,'2022-04-20','2022-11-22',9,32),(39,'2022-07-12','2022-10-04',12,32),(40,'2022-12-18','2022-12-18',8,167),(41,'2022-05-08',NULL,8,406),(42,'2022-08-09','2022-11-03',9,739),(43,'2022-01-29',NULL,12,886),(44,'2022-05-07',NULL,11,738),(45,'2022-10-06','2022-10-28',6,672),(46,'2022-05-24',NULL,14,224),(47,'2022-07-16',NULL,15,253),(48,'2022-06-24','2022-07-14',7,676),(49,'2022-03-01','2022-08-20',8,608),(50,'2022-08-07',NULL,9,780),(51,'2022-04-28',NULL,11,187),(52,'2022-01-13','2022-12-03',15,791),(53,'2022-02-28',NULL,13,491),(54,'2022-02-20',NULL,14,320),(55,'2022-02-25','2022-09-08',13,43),(56,'2022-10-12','2022-10-19',13,697),(57,'2022-01-28',NULL,5,558),(58,'2022-11-15','2022-12-02',16,378),(59,'2022-12-05','2022-12-11',6,187),(60,'2022-12-14',NULL,14,144),(61,'2022-03-07',NULL,15,102),(62,'2022-09-24',NULL,2,149),(63,'2022-05-20','2022-08-26',12,219),(64,'2022-11-24','2022-11-28',14,774),(65,'2022-04-19',NULL,3,224),(66,'2022-07-27',NULL,10,45),(67,'2022-07-01',NULL,11,978),(68,'2022-11-16','2022-11-25',10,203),(69,'2022-03-07',NULL,1,147),(70,'2022-08-28','2022-11-18',13,727),(71,'2022-04-12',NULL,7,404),(72,'2022-09-07',NULL,9,613),(73,'2022-06-27','2022-11-29',7,246),(74,'2022-02-02','2022-05-26',10,878),(75,'2022-08-09',NULL,10,534),(76,'2022-10-29','2022-12-10',1,681),(77,'2022-04-30','2022-06-24',4,455),(78,'2022-07-22','2022-11-18',8,885),(79,'2022-01-25','2022-04-10',2,759),(80,'2022-07-04',NULL,3,670),(81,'2022-11-25','2022-12-05',4,820),(82,'2022-06-01','2022-07-05',13,370),(83,'2022-07-02',NULL,14,866),(84,'2022-09-18',NULL,5,985),(85,'2022-02-27','2022-10-27',9,110),(86,'2022-01-03','2022-07-04',8,800),(87,'2022-07-26','2022-11-29',12,118),(88,'2022-05-09',NULL,5,851),(89,'2022-06-26','2022-08-05',5,864),(90,'2022-05-17',NULL,10,820),(91,'2022-05-15',NULL,2,76),(92,'2022-02-15',NULL,12,397),(93,'2022-10-03','2022-10-21',1,536),(94,'2022-07-04',NULL,8,345),(95,'2022-04-16',NULL,7,677),(96,'2022-02-21','2022-03-15',5,94),(97,'2022-08-27',NULL,8,65),(98,'2022-11-16',NULL,15,652),(99,'2022-06-17',NULL,11,113),(100,'2022-07-10',NULL,4,869);
/*!40000 ALTER TABLE `emprunt` ENABLE KEYS */;
UNLOCK TABLES;

--
-- Table structure for table `exemplaire`
--

DROP TABLE IF EXISTS `exemplaire`;
/*!40101 SET @saved_cs_client     = @@character_set_client */;
/*!40101 SET character_set_client = utf8 */;
CREATE TABLE `exemplaire` (
  `id` int(11) NOT NULL AUTO_INCREMENT,
  `reference` varchar(50) NOT NULL,
  `rayon` varchar(50) NOT NULL,
  `date_acquisition` date NOT NULL,
  `etat` varchar(50) NOT NULL,
  `est_perdu` tinyint(1) NOT NULL DEFAULT 0,
  `livre_id` int(11) NOT NULL,
  PRIMARY KEY (`id`),
  UNIQUE KEY `reference` (`reference`),
  KEY `livre_id` (`livre_id`),
  CONSTRAINT `exemplaire_ibfk_1` FOREIGN KEY (`livre_id`) REFERENCES `livre` (`id`)
) ENGINE=InnoDB AUTO_INCREMENT=1001 DEFAULT CHARSET=utf8mb4 COLLATE=utf8mb4_general_ci;
/*!40101 SET character_set_client = @saved_cs_client */;

--
-- Dumping data for table `exemplaire`
--

LOCK TABLES `exemplaire` WRITE;
/*!40000 ALTER TABLE `exemplaire` DISABLE KEYS */;
INSERT INTO `exemplaire` VALUES (1,'REF-2618928','RAYON-45','2022-06-12','neuf',0,791),(2,'REF-9538842','RAYON-40','2022-02-15','moyen',0,891),(3,'REF-7168636','RAYON-92','2022-05-26','neuf',0,724),(4,'REF-7180052','RAYON-42','2022-11-30','neuf',0,801),(5,'REF-9313884','RAYON-26','2022-06-21','neuf',0,250),(6,'REF-1980668','RAYON-25','2022-08-07','moyen',0,836),(7,'REF-4374175','RAYON-68','2022-01-31','moyen',0,576),(8,'REF-3542909','RAYON-5','2022-02-27','moyen',0,476),(9,'REF-6812354','RAYON-98','2022-10-29','bon',0,763),(10,'REF-6171168','RAYON-80','2022-02-20','bon',0,285),(11,'REF-5107591','RAYON-71','2022-12-11','neuf',0,644),(12,'REF-1031883','RAYON-59','2022-08-08','moyen',0,668),(13,'REF-1948832','RAYON-98','2022-04-07','moyen',0,918),(14,'REF-2239445','RAYON-37','2022-03-01','moyen',0,634),(15,'REF-9336913','RAYON-77','2022-01-17','moyen',0,990),(16,'REF-2846493','RAYON-46','2022-05-28','moyen',0,611),(17,'REF-6470300','RAYON-41','2022-01-28','moyen',0,981),(18,'REF-309442','RAYON-22','2022-12-08','bon',0,902),(19,'REF-166818','RAYON-38','2022-10-24','mauvais',0,757),(20,'REF-4182629','RAYON-83','2022-10-30','neuf',0,263),(21,'REF-9060062','RAYON-75','2022-12-18','moyen',0,10),(22,'REF-7243756','RAYON-60','2022-10-09','moyen',0,428),(23,'REF-4070679','RAYON-76','2022-07-09','moyen',0,977),(24,'REF-5548026','RAYON-85','2022-07-14','moyen',0,13),(25,'REF-3230476','RAYON-58','2022-11-21','neuf',0,789),(26,'REF-8292438','RAYON-79','2022-05-29','neuf',0,488),(27,'REF-8471531','RAYON-78','2022-04-24','moyen',0,492),(28,'REF-8050773','RAYON-56','2022-05-02','mauvais',0,354),(29,'REF-8295119','RAYON-9','2022-12-01','moyen',0,782),(30,'REF-3643041','RAYON-48','2022-04-13','mauvais',0,168),(31,'REF-944229','RAYON-97','2022-07-18','moyen',0,886),(32,'REF-5397106','RAYON-5','2022-07-26','moyen',0,538),(33,'REF-4726953','RAYON-76','2022-05-01','moyen',0,938),(34,'REF-5121017','RAYON-75','2022-03-11','bon',0,122),(35,'REF-603462','RAYON-94','2022-06-27','bon',0,497),(36,'REF-7850615','RAYON-44','2022-10-16','moyen',0,126),(37,'REF-1303974','RAYON-28','2022-12-12','mauvais',0,909),(38,'REF-2650515','RAYON-61','2022-03-16','moyen',0,687),(39,'REF-5631372','RAYON-76','2022-02-01','moyen',0,557),(40,'REF-2895866','RAYON-78','2022-01-07','moyen',0,732),(41,'REF-9108463','RAYON-36','2022-01-22','neuf',0,53),(42,'REF-6243114','RAYON-97','2022-12-03','moyen',0,958),(43,'REF-4131809','RAYON-20','2022-09-17','mauvais',0,902),(44,'REF-8088328','RAYON-35','2022-04-08','moyen',0,117),(45,'REF-6519864','RAYON-91','2022-07-28','neuf',0,61),(46,'REF-1726228','RAYON-69','2022-11-08','moyen',0,417),(47,'REF-2546343','RAYON-3','2022-05-04','moyen',0,276),(48,'REF-6391095','RAYON-38','2022-11-26','neuf',0,576),(49,'REF-3987577','RAYON-27','2022-02-21','neuf',0,294),(50,'REF-6516533','RAYON-38','2022-11-24','neuf',0,783),(51,'REF-5346751','RAYON-33','2022-01-10','moyen',0,819),(52,'REF-8791333','RAYON-94','2022-01-22','moyen',0,743),(53,'REF-7292078','RAYON-42','2022-11-18','moyen',0,122),(54,'REF-4447671','RAYON-86','2022-12-07','moyen',0,918),(55,'REF-147027','RAYON-33','2022-07-19','moyen',0,67),(56,'REF-2518091','RAYON-6','2022-07-11','bon',0,798),(57,'REF-2448246','RAYON-84','2022-05-30','moyen',0,229),(58,'REF-3554448','RAYON-10','2022-05-21','moyen',0,655),(59,'REF-8482575','RAYON-28','2022-10-25','moyen',0,959),(60,'REF-1563475','RAYON-91','2022-01-23','neuf',0,816),(61,'REF-3832403','RAYON-48','2022-03-13','neuf',0,321),(62,'REF-9557132','RAYON-82','2022-03-16','neuf',0,132),(63,'REF-4375641','RAYON-80','2022-08-20','moyen',0,40),(64,'REF-6559820','RAYON-17','2022-10-23','moyen',0,568),(65,'REF-4977571','RAYON-79','2022-06-04','moyen',0,180),(66,'REF-908172','RAYON-92','2022-04-17','moyen',0,793),(67,'REF-514476','RAYON-89','2022-03-28','moyen',0,668),(68,'REF-5704012','RAYON-85','2022-07-08','moyen',0,936),(69,'REF-1797099','RAYON-10','2022-11-20','neuf',0,454),(70,'REF-1748137','RAYON-52','2022-01-16','neuf',0,220),(71,'REF-2590956','RAYON-64','2022-05-26','neuf',0,149),(72,'REF-4143525','RAYON-63','2022-11-12','moyen',0,416),(73,'REF-1034370','RAYON-28','2022-01-16','neuf',0,830),(74,'REF-9308437','RAYON-17','2022-01-12','neuf',0,386),(75,'REF-3763341','RAYON-73','2022-06-24','bon',0,693),(76,'REF-346077','RAYON-10','2022-05-11','moyen',0,920),(77,'REF-6345395','RAYON-42','2022-02-28','moyen',0,852),(78,'REF-780421','RAYON-84','2022-12-01','moyen',0,523),(79,'REF-7182126','RAYON-3','2022-12-09','moyen',0,13),(80,'REF-6055614','RAYON-99','2022-02-16','bon',0,52),(81,'REF-5096668','RAYON-40','2022-06-04','mauvais',0,587),(82,'REF-7696003','RAYON-9','2022-02-16','moyen',0,884),(83,'REF-4068800','RAYON-39','2022-09-07','moyen',0,705),(84,'REF-7580099','RAYON-68','2022-02-06','bon',0,685),(85,'REF-7644314','RAYON-77','2022-07-13','moyen',0,33),(86,'REF-877645','RAYON-35','2022-06-08','neuf',0,591),(87,'REF-7532982','RAYON-100','2022-09-09','neuf',0,403),(88,'REF-9176490','RAYON-39','2022-02-25','moyen',0,10),(89,'REF-4355599','RAYON-15','2022-06-03','moyen',0,729),(90,'REF-9306231','RAYON-47','2022-07-14','bon',0,73),(91,'REF-9249436','RAYON-41','2022-04-04','mauvais',0,222),(92,'REF-9950250','RAYON-32','2022-07-20','moyen',0,97),(93,'REF-492636','RAYON-96','2022-08-11','moyen',0,383),(94,'REF-4723276','RAYON-22','2022-08-21','moyen',0,508),(95,'REF-1350563','RAYON-16','2022-05-10','moyen',0,161),(96,'REF-4172433','RAYON-61','2022-10-03','mauvais',0,8),(97,'REF-8940055','RAYON-45','2022-07-16','moyen',0,864),(98,'REF-7518798','RAYON-17','2022-07-27','moyen',0,734),(99,'REF-5350405','RAYON-48','2022-09-30','moyen',0,306),(100,'REF-2141155','RAYON-16','2022-02-14','moyen',0,269),(101,'REF-3865397','RAYON-13','2022-06-20','mauvais',0,333),(102,'REF-6164115','RAYON-9','2022-07-22','neuf',0,748),(103,'REF-8578216','RAYON-5','2022-08-21','moyen',0,300),(104,'REF-6038428','RAYON-13','2022-10-09','moyen',0,812),(105,'REF-5072108','RAYON-11','2022-12-14','bon',0,580),(106,'REF-5199730','RAYON-87','2022-09-20','moyen',0,592),(107,'REF-8073838','RAYON-27','2022-11-11','neuf',0,984),(108,'REF-5564010','RAYON-84','2022-06-19','bon',0,311),(109,'REF-7140628','RAYON-65','2022-01-21','neuf',0,635),(110,'REF-3213958','RAYON-71','2022-07-15','neuf',0,984),(111,'REF-8605509','RAYON-36','2022-03-02','neuf',0,111),(112,'REF-8678149','RAYON-1','2022-06-05','neuf',0,425),(113,'REF-8926499','RAYON-19','2022-04-04','moyen',0,893),(114,'REF-225140','RAYON-44','2022-02-06','neuf',0,908),(115,'REF-4279703','RAYON-42','2022-10-11','moyen',0,965),(116,'REF-2299984','RAYON-26','2022-07-30','moyen',0,635),(117,'REF-9103947','RAYON-65','2022-06-28','moyen',0,469),(118,'REF-5186187','RAYON-19','2022-05-14','moyen',0,139),(119,'REF-8591495','RAYON-89','2022-10-19','moyen',0,313),(120,'REF-2423060','RAYON-28','2022-08-16','bon',0,963),(121,'REF-7617214','RAYON-93','2022-04-26','neuf',0,879),(122,'REF-163436','RAYON-45','2022-03-08','moyen',0,559),(123,'REF-5011425','RAYON-84','2022-08-17','moyen',0,744),(124,'REF-4984682','RAYON-27','2022-10-15','bon',0,876),(125,'REF-8336701','RAYON-55','2022-03-13','moyen',0,212),(126,'REF-1081829','RAYON-91','2022-03-15','moyen',0,923),(127,'REF-3697117','RAYON-9','2022-04-18','moyen',0,404),(128,'REF-5273127','RAYON-43','2022-07-16','moyen',0,931),(129,'REF-7097042','RAYON-76','2022-08-21','mauvais',0,677),(130,'REF-9302223','RAYON-63','2022-04-22','moyen',0,287),(131,'REF-9843508','RAYON-7','2022-05-07','moyen',0,275),(132,'REF-2300402','RAYON-33','2022-12-02','moyen',0,753),(133,'REF-4080890','RAYON-79','2022-08-31','mauvais',0,643),(134,'REF-680982','RAYON-42','2022-10-31','mauvais',0,354),(135,'REF-6544341','RAYON-22','2022-02-03','neuf',0,906),(136,'REF-3422118','RAYON-100','2022-11-30','neuf',0,361),(137,'REF-6928246','RAYON-39','2022-10-21','mauvais',0,877),(138,'REF-6261471','RAYON-51','2022-08-11','moyen',0,245),(139,'REF-8408314','RAYON-48','2022-10-22','neuf',0,994),(140,'REF-6088209','RAYON-7','2022-06-22','neuf',0,708),(141,'REF-8381075','RAYON-7','2022-10-21','moyen',0,693),(142,'REF-2652337','RAYON-25','2022-06-08','bon',0,954),(143,'REF-9091632','RAYON-69','2022-09-07','moyen',0,635),(144,'REF-2779445','RAYON-49','2022-08-01','neuf',0,568),(145,'REF-8481098','RAYON-54','2022-02-23','moyen',0,263),(146,'REF-2834264','RAYON-64','2022-04-16','bon',0,94),(147,'REF-7488030','RAYON-47','2022-01-23','moyen',0,213),(148,'REF-2339121','RAYON-54','2022-12-04','bon',0,487),(149,'REF-2387324','RAYON-74','2022-12-02','moyen',0,22),(150,'REF-5800962','RAYON-84','2022-06-07','neuf',0,18),(151,'REF-4415699','RAYON-16','2022-06-08','moyen',0,876),(152,'REF-7121585','RAYON-94','2022-07-06','moyen',0,634),(153,'REF-2267390','RAYON-24','2022-06-23','neuf',0,575),(154,'REF-4151830','RAYON-36','2022-07-04','bon',0,931),(155,'REF-7514893','RAYON-97','2022-07-21','bon',0,167),(156,'REF-4101430','RAYON-56','2022-07-05','moyen',0,448),(157,'REF-1971114','RAYON-65','2022-08-08','bon',0,804),(158,'REF-2965462','RAYON-8','2022-06-18','moyen',0,111),(159,'REF-8803052','RAYON-7','2022-09-06','neuf',0,914),(160,'REF-7728132','RAYON-13','2022-04-19','moyen',0,227),(161,'REF-8206116','RAYON-43','2022-08-19','neuf',0,409),(162,'REF-7648528','RAYON-61','2022-09-07','moyen',0,823),(163,'REF-2244501','RAYON-66','2022-08-01','mauvais',0,39),(164,'REF-8787767','RAYON-28','2022-09-27','moyen',0,571),(165,'REF-5728213','RAYON-16','2022-01-18','moyen',0,83),(166,'REF-4006583','RAYON-76','2022-07-24','neuf',0,234),(167,'REF-8546205','RAYON-58','2022-04-17','bon',0,347),(168,'REF-231276','RAYON-8','2022-04-21','moyen',0,444),(169,'REF-6706793','RAYON-3','2022-02-04','moyen',0,107),(170,'REF-3622935','RAYON-50','2022-05-11','moyen',0,400),(171,'REF-4459446','RAYON-4','2022-10-17','mauvais',0,761),(172,'REF-1401937','RAYON-43','2022-08-30','neuf',0,431),(173,'REF-4278995','RAYON-85','2022-12-03','moyen',0,526),(174,'REF-8199273','RAYON-53','2022-02-24','neuf',0,3),(175,'REF-3475844','RAYON-74','2022-08-05','moyen',0,834),(176,'REF-991416','RAYON-100','2022-08-26','moyen',0,12),(177,'REF-3414482','RAYON-68','2022-04-30','moyen',0,812),(178,'REF-2567181','RAYON-85','2022-06-18','neuf',0,984),(179,'REF-7971685','RAYON-4','2022-10-05','moyen',0,351),(180,'REF-6033884','RAYON-97','2022-01-06','moyen',0,430),(181,'REF-634012','RAYON-3','2022-11-30','neuf',0,317),(182,'REF-9818430','RAYON-96','2022-10-28','moyen',0,999),(183,'REF-8077258','RAYON-5','2022-10-08','moyen',0,863),(184,'REF-4087004','RAYON-46','2022-01-19','moyen',0,654),(185,'REF-4976382','RAYON-53','2022-02-23','moyen',0,940),(186,'REF-5306896','RAYON-84','2022-07-28','moyen',0,32),(187,'REF-1214154','RAYON-52','2022-03-10','moyen',0,324),(188,'REF-8711565','RAYON-39','2022-04-20','bon',0,126),(189,'REF-4651852','RAYON-95','2022-05-05','moyen',0,662),(190,'REF-4054628','RAYON-5','2022-12-18','moyen',0,237),(191,'REF-5262837','RAYON-93','2022-01-12','neuf',0,742),(192,'REF-2549681','RAYON-6','2022-06-21','moyen',0,852),(193,'REF-4927468','RAYON-91','2022-01-25','moyen',0,976),(194,'REF-4957382','RAYON-56','2022-04-05','neuf',0,46),(195,'REF-8855686','RAYON-30','2022-10-09','moyen',0,466),(196,'REF-2597065','RAYON-91','2022-09-16','moyen',0,718),(197,'REF-9239709','RAYON-47','2022-07-17','moyen',0,316),(198,'REF-6300130','RAYON-21','2022-02-17','mauvais',0,298),(199,'REF-8008798','RAYON-12','2022-02-25','moyen',0,83),(200,'REF-1015192','RAYON-26','2022-12-17','neuf',0,457),(201,'REF-6156728','RAYON-71','2022-09-05','moyen',0,337),(202,'REF-4809600','RAYON-40','2022-07-06','neuf',0,212),(203,'REF-1157280','RAYON-95','2022-05-13','mauvais',0,414),(204,'REF-7345779','RAYON-44','2022-12-02','moyen',0,532),(205,'REF-8596061','RAYON-71','2022-11-30','neuf',0,909),(206,'REF-9796063','RAYON-18','2022-11-25','moyen',0,989),(207,'REF-1222072','RAYON-65','2022-11-03','moyen',0,732),(208,'REF-5592836','RAYON-61','2022-04-27','moyen',0,752),(209,'REF-7429442','RAYON-46','2022-01-24','moyen',0,858),(210,'REF-8267726','RAYON-57','2022-04-26','moyen',0,310),(211,'REF-5736848','RAYON-95','2022-12-14','mauvais',0,396),(212,'REF-3624478','RAYON-63','2022-01-16','moyen',0,593),(213,'REF-3305054','RAYON-88','2022-05-15','moyen',0,342),(214,'REF-631587','RAYON-30','2022-04-04','moyen',0,67),(215,'REF-8725664','RAYON-17','2022-03-12','neuf',0,642),(216,'REF-8179542','RAYON-17','2022-05-09','moyen',0,66),(217,'REF-706733','RAYON-16','2022-07-20','bon',0,112),(218,'REF-3854531','RAYON-60','2022-10-11','moyen',0,235),(219,'REF-4216502','RAYON-41','2022-09-25','neuf',0,104),(220,'REF-4517373','RAYON-95','2022-05-18','moyen',0,296),(221,'REF-8161355','RAYON-20','2022-07-06','mauvais',0,247),(222,'REF-1889207','RAYON-21','2022-06-12','bon',0,928),(223,'REF-9794662','RAYON-12','2022-08-12','moyen',0,154),(224,'REF-1851196','RAYON-47','2022-09-30','bon',0,208),(225,'REF-974241','RAYON-87','2022-01-12','neuf',0,309),(226,'REF-9169410','RAYON-66','2022-07-12','bon',0,19),(227,'REF-3000441','RAYON-45','2022-04-24','neuf',0,354),(228,'REF-922204','RAYON-40','2022-09-12','neuf',0,711),(229,'REF-1079897','RAYON-41','2022-09-10','neuf',0,310),(230,'REF-3222730','RAYON-69','2022-06-07','moyen',0,164),(231,'REF-3706306','RAYON-37','2022-09-05','moyen',0,386),(232,'REF-8444199','RAYON-7','2022-10-08','neuf',0,357),(233,'REF-6497022','RAYON-18','2022-12-02','moyen',0,621),(234,'REF-3203714','RAYON-75','2022-09-19','bon',0,921),(235,'REF-1084654','RAYON-79','2022-07-26','bon',0,607),(236,'REF-9948370','RAYON-16','2022-10-07','bon',0,3),(237,'REF-8087235','RAYON-4','2022-09-23','bon',0,805),(238,'REF-4854129','RAYON-2','2022-08-03','mauvais',0,978),(239,'REF-2904759','RAYON-53','2022-09-16','neuf',0,595),(240,'REF-4928149','RAYON-68','2022-11-21','bon',0,738),(241,'REF-9496635','RAYON-54','2022-10-19','bon',0,1),(242,'REF-7738086','RAYON-87','2022-01-05','moyen',0,930),(243,'REF-4748246','RAYON-59','2022-06-27','neuf',0,868),(244,'REF-7596828','RAYON-20','2022-09-07','neuf',0,665),(245,'REF-5269977','RAYON-65','2022-08-10','bon',0,289),(246,'REF-9938543','RAYON-11','2022-07-07','bon',0,398),(247,'REF-6463217','RAYON-4','2022-04-02','bon',0,646),(248,'REF-2536409','RAYON-34','2022-11-13','neuf',0,160),(249,'REF-5718872','RAYON-38','2022-03-06','moyen',0,985),(250,'REF-1685978','RAYON-89','2022-11-27','mauvais',0,278),(251,'REF-5933574','RAYON-14','2022-11-13','mauvais',0,338),(252,'REF-5383469','RAYON-68','2022-10-02','neuf',0,599),(253,'REF-6168045','RAYON-29','2022-07-29','mauvais',0,243),(254,'REF-935575','RAYON-74','2022-05-28','bon',0,66),(255,'REF-7146418','RAYON-38','2022-09-19','moyen',0,685),(256,'REF-7801052','RAYON-85','2022-11-14','bon',0,837),(257,'REF-9925156','RAYON-46','2022-04-13','mauvais',0,651),(258,'REF-5001558','RAYON-55','2022-03-26','bon',0,445),(259,'REF-7007007','RAYON-17','2022-09-20','moyen',0,792),(260,'REF-677342','RAYON-97','2022-08-05','bon',0,992),(261,'REF-1130779','RAYON-60','2022-08-08','moyen',0,456),(262,'REF-8589988','RAYON-93','2022-01-21','moyen',0,885),(263,'REF-2853629','RAYON-78','2022-01-03','moyen',0,842),(264,'REF-5406731','RAYON-18','2022-04-04','bon',0,238),(265,'REF-5020227','RAYON-80','2022-06-18','moyen',0,277),(266,'REF-3711105','RAYON-3','2022-01-06','moyen',0,632),(267,'REF-8887668','RAYON-55','2022-01-30','moyen',0,725),(268,'REF-6860736','RAYON-26','2022-03-22','bon',0,161),(269,'REF-6026667','RAYON-54','2022-10-26','moyen',0,372),(270,'REF-1580590','RAYON-68','2022-11-17','moyen',0,738),(271,'REF-7770628','RAYON-68','2022-01-13','moyen',0,862),(272,'REF-7539252','RAYON-19','2022-08-24','neuf',0,462),(273,'REF-927937','RAYON-8','2022-02-12','neuf',0,641),(274,'REF-5487189','RAYON-83','2022-06-14','neuf',0,882),(275,'REF-5170613','RAYON-95','2022-02-25','moyen',0,170),(276,'REF-8390555','RAYON-69','2022-11-20','moyen',0,270),(277,'REF-6686963','RAYON-54','2022-08-24','neuf',0,333),(278,'REF-790195','RAYON-40','2022-09-25','moyen',0,307),(279,'REF-4496726','RAYON-33','2022-04-13','neuf',0,14),(280,'REF-2355912','RAYON-14','2022-12-12','moyen',0,384),(281,'REF-6041766','RAYON-87','2022-07-08','mauvais',0,333),(282,'REF-5530865','RAYON-77','2022-03-06','moyen',0,486),(283,'REF-990463','RAYON-5','2022-11-15','neuf',0,346),(284,'REF-8471179','RAYON-20','2022-06-07','moyen',0,962),(285,'REF-4968890','RAYON-61','2022-06-30','neuf',0,312),(286,'REF-583853','RAYON-36','2022-08-07','mauvais',0,90),(287,'REF-7619861','RAYON-55','2022-05-31','moyen',0,746),(288,'REF-7225453','RAYON-38','2022-09-12','bon',0,997),(289,'REF-4557179','RAYON-29','2022-01-27','neuf',0,172),(290,'REF-6892086','RAYON-94','2022-07-29','bon',0,525),(291,'REF-7317960','RAYON-9','2022-03-21','moyen',0,391),(292,'REF-3794017','RAYON-73','2022-06-20','neuf',0,524),(293,'REF-4458076','RAYON-66','2022-12-02','bon',0,465),(294,'REF-5466041','RAYON-34','2022-01-21','neuf',0,44),(295,'REF-2556876','RAYON-15','2022-12-12','neuf',0,463),(296,'REF-6962455','RAYON-10','2022-05-16','bon',0,403),(297,'REF-869482','RAYON-23','2022-11-08','moyen',0,431),(298,'REF-9718856','RAYON-57','2022-11-22','neuf',0,294),(299,'REF-4597873','RAYON-42','2022-09-08','moyen',0,320),(300,'REF-4851195','RAYON-47','2022-11-10','mauvais',0,332),(301,'REF-2061306','RAYON-4','2022-07-19','neuf',0,626),(302,'REF-7691962','RAYON-97','2022-07-10','moyen',0,909),(303,'REF-1267466','RAYON-91','2022-02-28','bon',0,142),(304,'REF-1615161','RAYON-39','2022-06-02','mauvais',0,634),(305,'REF-9808489','RAYON-1','2022-01-26','moyen',0,594),(306,'REF-8016914','RAYON-23','2022-09-17','moyen',0,694),(307,'REF-9707131','RAYON-78','2022-12-02','moyen',0,403),(308,'REF-2731378','RAYON-16','2022-12-11','bon',0,738),(309,'REF-1009901','RAYON-30','2022-02-26','bon',0,957),(310,'REF-1819443','RAYON-5','2022-08-20','moyen',0,124),(311,'REF-5503973','RAYON-39','2022-03-29','moyen',0,866),(312,'REF-7858133','RAYON-34','2022-04-16','moyen',0,507),(313,'REF-6868110','RAYON-92','2022-06-29','neuf',0,341),(314,'REF-6455031','RAYON-21','2022-02-01','neuf',0,839),(315,'REF-544734','RAYON-76','2022-08-09','moyen',0,303),(316,'REF-7721214','RAYON-96','2022-06-10','neuf',0,436),(317,'REF-8221951','RAYON-81','2022-07-15','bon',0,664),(318,'REF-4671419','RAYON-35','2022-04-26','bon',0,178),(319,'REF-1692015','RAYON-32','2022-01-22','neuf',0,406),(320,'REF-7291338','RAYON-43','2022-12-03','moyen',0,607),(321,'REF-6098968','RAYON-23','2022-04-21','moyen',0,565),(322,'REF-994950','RAYON-81','2022-09-14','moyen',0,869),(323,'REF-8316595','RAYON-56','2022-04-07','moyen',0,368),(324,'REF-3905334','RAYON-85','2022-01-27','neuf',0,470),(325,'REF-825973','RAYON-1','2022-10-02','bon',0,206),(326,'REF-6863477','RAYON-82','2022-01-06','bon',0,20),(327,'REF-831843','RAYON-36','2022-07-07','moyen',0,305),(328,'REF-9761565','RAYON-97','2022-11-19','moyen',0,941),(329,'REF-9283584','RAYON-83','2022-04-25','moyen',0,411),(330,'REF-4776273','RAYON-16','2022-05-06','neuf',0,436),(331,'REF-313230','RAYON-85','2022-02-23','moyen',0,949),(332,'REF-3289689','RAYON-81','2022-01-06','moyen',0,907),(333,'REF-511473','RAYON-54','2022-07-08','mauvais',0,290),(334,'REF-3690967','RAYON-98','2022-09-29','moyen',0,644),(335,'REF-2125672','RAYON-14','2022-01-10','moyen',0,724),(336,'REF-2319837','RAYON-99','2022-03-29','moyen',0,193),(337,'REF-4138983','RAYON-50','2022-03-19','moyen',0,732),(338,'REF-6194700','RAYON-91','2022-08-23','bon',0,436),(339,'REF-2772106','RAYON-9','2022-07-20','moyen',0,454),(340,'REF-3813792','RAYON-55','2022-07-30','moyen',0,229),(341,'REF-3215244','RAYON-93','2022-08-17','moyen',0,64),(342,'REF-7067943','RAYON-35','2022-08-01','bon',0,124),(343,'REF-1986224','RAYON-63','2022-06-30','moyen',0,626),(344,'REF-2249304','RAYON-25','2022-07-21','moyen',0,292),(345,'REF-2298555','RAYON-28','2022-09-01','bon',0,344),(346,'REF-8581586','RAYON-27','2022-09-16','bon',0,830),(347,'REF-3254823','RAYON-14','2022-09-12','neuf',0,502),(348,'REF-3167462','RAYON-8','2022-06-07','neuf',0,779),(349,'REF-662393','RAYON-100','2022-10-02','bon',0,676),(350,'REF-6216880','RAYON-9','2022-07-14','moyen',0,325),(351,'REF-9246647','RAYON-65','2022-06-17','moyen',0,78),(352,'REF-1790614','RAYON-67','2022-09-30','bon',0,385),(353,'REF-7631673','RAYON-67','2022-01-11','moyen',0,675),(354,'REF-9538781','RAYON-75','2022-11-03','neuf',0,418),(355,'REF-1294425','RAYON-40','2022-07-25','moyen',0,800),(356,'REF-4157360','RAYON-69','2022-02-25','moyen',0,274),(357,'REF-3058369','RAYON-71','2022-08-07','bon',0,703),(358,'REF-639413','RAYON-22','2022-11-04','moyen',0,52),(359,'REF-9521914','RAYON-61','2022-03-04','mauvais',0,830),(360,'REF-7291566','RAYON-16','2022-07-29','neuf',0,281),(361,'REF-1608297','RAYON-97','2022-04-30','moyen',0,40),(362,'REF-3981130','RAYON-88','2022-02-27','neuf',0,251),(363,'REF-8944404','RAYON-73','2022-11-22','neuf',0,603),(364,'REF-927130','RAYON-66','2022-01-02','mauvais',0,29),(365,'REF-4349212','RAYON-10','2022-02-21','neuf',0,71),(366,'REF-871731','RAYON-23','2022-10-30','moyen',0,598),(367,'REF-1829163','RAYON-13','2022-01-24','neuf',0,70),(368,'REF-3469513','RAYON-53','2022-07-27','bon',0,232),(369,'REF-9682099','RAYON-15','2022-10-22','bon',0,146),(370,'REF-1880137','RAYON-51','2022-12-04','moyen',0,239),(371,'REF-403659','RAYON-49','2022-04-20','mauvais',0,354),(372,'REF-1910864','RAYON-90','2022-11-15','moyen',0,923),(373,'REF-9903729','RAYON-19','2022-12-02','bon',0,564),(374,'REF-1828028','RAYON-23','2022-07-21','bon',0,554),(375,'REF-4855566','RAYON-77','2022-05-15','moyen',0,333),(376,'REF-427751','RAYON-22','2022-12-03','moyen',0,222),(377,'REF-7770213','RAYON-23','2022-10-01','moyen',0,219),(378,'REF-2461759','RAYON-58','2022-02-21','moyen',0,431),(379,'REF-4285330','RAYON-85','2022-12-07','moyen',0,882),(380,'REF-8930952','RAYON-83','2022-05-31','bon',0,263),(381,'REF-4515861','RAYON-48','2022-12-18','moyen',0,359),(382,'REF-1873828','RAYON-87','2022-09-19','moyen',0,475),(383,'REF-1823206','RAYON-49','2022-11-14','mauvais',0,203),(384,'REF-6323731','RAYON-56','2022-11-07','bon',0,128),(385,'REF-1595800','RAYON-42','2022-07-28','moyen',0,332),(386,'REF-6671766','RAYON-35','2022-09-09','neuf',0,640),(387,'REF-5719723','RAYON-95','2022-12-18','moyen',0,200),(388,'REF-9603745','RAYON-21','2022-02-19','mauvais',0,732),(389,'REF-6721585','RAYON-17','2022-10-13','moyen',0,445),(390,'REF-67944','RAYON-71','2022-06-20','bon',0,235),(391,'REF-9848460','RAYON-23','2022-02-24','bon',0,882),(392,'REF-3599769','RAYON-16','2022-09-02','moyen',0,311),(393,'REF-2910843','RAYON-53','2022-09-19','moyen',0,755),(394,'REF-8147629','RAYON-81','2022-08-01','bon',0,752),(395,'REF-2998050','RAYON-25','2022-04-26','moyen',0,290),(396,'REF-8194067','RAYON-23','2022-08-30','neuf',0,831),(397,'REF-6085959','RAYON-56','2022-11-23','bon',0,411),(398,'REF-4418266','RAYON-98','2022-07-18','neuf',0,75),(399,'REF-9238095','RAYON-40','2022-03-15','moyen',0,158),(400,'REF-7792665','RAYON-43','2022-10-02','neuf',0,542),(401,'REF-5693212','RAYON-23','2022-05-23','moyen',0,726),(402,'REF-702233','RAYON-18','2022-08-20','moyen',0,490),(403,'REF-82253','RAYON-58','2022-10-23','moyen',0,624),(404,'REF-6328900','RAYON-30','2022-07-22','bon',0,264),(405,'REF-4337609','RAYON-38','2022-07-30','moyen',0,711),(406,'REF-621231','RAYON-18','2022-09-07','mauvais',0,461),(407,'REF-6208397','RAYON-73','2022-09-21','neuf',0,999),(408,'REF-3112939','RAYON-57','2022-11-03','moyen',0,348),(409,'REF-6510630','RAYON-22','2022-02-07','bon',0,754),(410,'REF-6601372','RAYON-4','2022-03-18','neuf',0,170),(411,'REF-1662041','RAYON-33','2022-02-08','neuf',0,365),(412,'REF-6565693','RAYON-19','2022-12-10','neuf',0,735),(413,'REF-8935961','RAYON-27','2022-08-14','bon',0,677),(414,'REF-8406816','RAYON-18','2022-05-05','bon',0,726),(415,'REF-5158896','RAYON-41','2022-06-15','neuf',0,795),(416,'REF-4896851','RAYON-7','2022-11-01','moyen',0,401),(417,'REF-8776314','RAYON-19','2022-04-17','moyen',0,484),(418,'REF-4598322','RAYON-85','2022-11-03','moyen',0,684),(419,'REF-1652610','RAYON-78','2022-05-14','moyen',0,787),(420,'REF-555466','RAYON-92','2022-05-31','moyen',0,690),(421,'REF-7194921','RAYON-53','2022-06-19','moyen',0,343),(422,'REF-5202549','RAYON-58','2022-04-19','bon',0,644),(423,'REF-9065011','RAYON-61','2022-04-14','neuf',0,214),(424,'REF-1357787','RAYON-4','2022-10-04','moyen',0,538),(425,'REF-6792149','RAYON-79','2022-11-09','mauvais',0,426),(426,'REF-9295657','RAYON-38','2022-01-26','bon',0,877),(427,'REF-2042899','RAYON-40','2022-05-05','moyen',0,176),(428,'REF-811947','RAYON-88','2022-02-24','moyen',0,636),(429,'REF-9783302','RAYON-99','2022-12-15','moyen',0,295),(430,'REF-3631185','RAYON-94','2022-07-24','mauvais',0,294),(431,'REF-3311526','RAYON-78','2022-11-08','mauvais',0,621),(432,'REF-7808138','RAYON-5','2022-11-02','moyen',0,88),(433,'REF-5334361','RAYON-41','2022-06-01','neuf',0,145),(434,'REF-8900480','RAYON-2','2022-05-26','mauvais',0,979),(435,'REF-4939067','RAYON-54','2022-03-08','bon',0,487),(436,'REF-7354812','RAYON-22','2022-11-07','bon',0,215),(437,'REF-1406386','RAYON-6','2022-11-06','moyen',0,639),(438,'REF-2012856','RAYON-10','2022-10-28','moyen',0,931),(439,'REF-7050158','RAYON-74','2022-07-13','bon',0,270),(440,'REF-2735673','RAYON-56','2022-12-09','moyen',0,885),(441,'REF-3796024','RAYON-25','2022-02-01','neuf',0,952),(442,'REF-4753891','RAYON-53','2022-03-07','neuf',0,855),(443,'REF-4603637','RAYON-74','2022-04-20','moyen',0,384),(444,'REF-7162559','RAYON-44','2022-01-02','moyen',0,296),(445,'REF-3130302','RAYON-68','2022-06-10','moyen',0,512),(446,'REF-6228763','RAYON-59','2022-01-12','bon',0,742),(447,'REF-4585484','RAYON-7','2022-12-09','moyen',0,433),(448,'REF-403693','RAYON-91','2022-05-22','moyen',0,82),(449,'REF-3268528','RAYON-39','2022-12-07','moyen',0,21),(450,'REF-909952','RAYON-40','2022-09-02','moyen',0,198),(451,'REF-2733407','RAYON-78','2022-01-21','neuf',0,231),(452,'REF-9532686','RAYON-8','2022-07-01','bon',0,730),(453,'REF-931961','RAYON-28','2022-02-07','bon',0,1000),(454,'REF-9198862','RAYON-61','2022-03-27','moyen',0,672),(455,'REF-1528950','RAYON-76','2022-04-15','moyen',0,58),(456,'REF-7986450','RAYON-83','2022-09-09','mauvais',0,444),(457,'REF-1775871','RAYON-56','2022-03-31','neuf',0,944),(458,'REF-4484016','RAYON-42','2022-09-11','moyen',0,31),(459,'REF-2126475','RAYON-98','2022-03-17','bon',0,202),(460,'REF-9905317','RAYON-35','2022-09-28','moyen',0,409),(461,'REF-8328301','RAYON-94','2022-03-11','moyen',0,214),(462,'REF-8326142','RAYON-53','2022-02-12','mauvais',0,931),(463,'REF-2318262','RAYON-37','2022-02-21','moyen',0,969),(464,'REF-2627327','RAYON-41','2022-04-01','mauvais',0,282),(465,'REF-9495354','RAYON-91','2022-08-22','bon',0,220),(466,'REF-3496581','RAYON-10','2022-05-22','neuf',0,780),(467,'REF-5081274','RAYON-21','2022-06-20','moyen',0,472),(468,'REF-2548591','RAYON-87','2022-07-09','neuf',0,413),(469,'REF-8021306','RAYON-78','2022-06-13','moyen',0,694),(470,'REF-7802370','RAYON-83','2022-09-26','neuf',0,794),(471,'REF-9188751','RAYON-22','2022-04-23','neuf',0,509),(472,'REF-7415787','RAYON-19','2022-08-29','moyen',0,610),(473,'REF-1209335','RAYON-78','2022-07-02','moyen',0,827),(474,'REF-6093068','RAYON-57','2022-12-19','moyen',0,673),(475,'REF-1866280','RAYON-92','2022-01-05','moyen',0,49),(476,'REF-7047180','RAYON-38','2022-10-02','moyen',0,332),(477,'REF-7346738','RAYON-68','2022-03-09','bon',0,855),(478,'REF-1050119','RAYON-97','2022-06-23','moyen',0,617),(479,'REF-1634429','RAYON-97','2022-05-02','bon',0,376),(480,'REF-1123440','RAYON-44','2022-10-24','moyen',0,105),(481,'REF-5435817','RAYON-41','2022-05-21','neuf',0,858),(482,'REF-6938518','RAYON-90','2022-05-24','moyen',0,183),(483,'REF-1215818','RAYON-7','2022-11-28','moyen',0,106),(484,'REF-9165567','RAYON-27','2022-07-26','moyen',0,142),(485,'REF-7912294','RAYON-54','2022-04-09','bon',0,125),(486,'REF-19540','RAYON-64','2022-03-05','moyen',0,935),(487,'REF-273716','RAYON-34','2022-07-26','moyen',0,478),(488,'REF-9825220','RAYON-48','2022-06-07','moyen',0,283),(489,'REF-9793311','RAYON-5','2022-04-20','bon',0,363),(490,'REF-4851605','RAYON-34','2022-03-26','moyen',0,511),(491,'REF-1752886','RAYON-35','2022-03-13','moyen',0,309),(492,'REF-9869619','RAYON-1','2022-01-29','neuf',0,571),(493,'REF-1222406','RAYON-91','2022-02-18','moyen',0,663),(494,'REF-2176199','RAYON-11','2022-10-27','bon',0,742),(495,'REF-5413005','RAYON-49','2022-10-06','bon',0,878),(496,'REF-2742400','RAYON-74','2022-11-04','bon',0,646),(497,'REF-2987166','RAYON-56','2022-11-12','moyen',0,693),(498,'REF-667193','RAYON-26','2022-01-28','moyen',0,949),(499,'REF-7659495','RAYON-99','2022-08-10','bon',0,659),(500,'REF-6678311','RAYON-37','2022-10-17','mauvais',0,738),(501,'REF-416892','RAYON-100','2022-10-31','moyen',0,778),(502,'REF-7579705','RAYON-46','2022-01-03','moyen',0,769),(503,'REF-1602877','RAYON-50','2022-01-01','moyen',0,933),(504,'REF-6795604','RAYON-61','2022-12-06','mauvais',0,836),(505,'REF-6543627','RAYON-77','2022-10-31','mauvais',0,320),(506,'REF-1862259','RAYON-98','2022-04-18','bon',0,759),(507,'REF-3013766','RAYON-24','2022-03-29','neuf',0,813),(508,'REF-1304125','RAYON-22','2022-08-28','moyen',0,532),(509,'REF-4443897','RAYON-63','2022-10-13','moyen',0,903),(510,'REF-3761471','RAYON-18','2022-09-20','neuf',0,978),(511,'REF-7459779','RAYON-80','2022-09-20','neuf',0,138),(512,'REF-8051344','RAYON-62','2022-08-18','bon',0,73),(513,'REF-5369189','RAYON-47','2022-09-13','neuf',0,742),(514,'REF-5925375','RAYON-74','2022-11-17','moyen',0,596),(515,'REF-7306721','RAYON-87','2022-02-21','bon',0,968),(516,'REF-3480014','RAYON-84','2022-02-19','neuf',0,198),(517,'REF-5886956','RAYON-36','2022-12-17','neuf',0,802),(518,'REF-8426297','RAYON-81','2022-06-30','bon',0,46),(519,'REF-3473025','RAYON-61','2022-12-07','mauvais',0,917),(520,'REF-26689','RAYON-27','2022-04-19','moyen',0,245),(521,'REF-9612068','RAYON-8','2022-06-20','neuf',0,386),(522,'REF-7894355','RAYON-79','2022-07-24','moyen',0,97),(523,'REF-9280107','RAYON-36','2022-12-08','bon',0,679),(524,'REF-1485199','RAYON-71','2022-02-02','neuf',0,775),(525,'REF-2353732','RAYON-86','2022-07-15','moyen',0,257),(526,'REF-8552160','RAYON-51','2022-12-07','neuf',0,819),(527,'REF-4709344','RAYON-90','2022-01-31','moyen',0,831),(528,'REF-5931555','RAYON-48','2022-07-29','neuf',0,196),(529,'REF-2528057','RAYON-68','2022-08-13','moyen',0,224),(530,'REF-6880097','RAYON-77','2022-10-03','moyen',0,8),(531,'REF-5394744','RAYON-68','2022-09-26','moyen',0,240),(532,'REF-1985376','RAYON-28','2022-10-02','mauvais',0,814),(533,'REF-592802','RAYON-86','2022-02-03','moyen',0,312),(534,'REF-1829296','RAYON-99','2022-05-05','bon',0,296),(535,'REF-7593868','RAYON-92','2022-04-08','neuf',0,990),(536,'REF-1810092','RAYON-94','2022-02-20','bon',0,567),(537,'REF-5176911','RAYON-89','2022-11-10','moyen',0,690),(538,'REF-5385325','RAYON-63','2022-06-29','neuf',0,205),(539,'REF-9909401','RAYON-35','2022-09-16','moyen',0,591),(540,'REF-2646554','RAYON-56','2022-12-08','bon',0,533),(541,'REF-1207497','RAYON-1','2022-08-23','moyen',0,269),(542,'REF-6577215','RAYON-49','2022-06-08','moyen',0,7),(543,'REF-4886658','RAYON-43','2022-08-17','moyen',0,227),(544,'REF-5610174','RAYON-13','2022-11-30','moyen',0,344),(545,'REF-1102287','RAYON-53','2022-04-07','bon',0,959),(546,'REF-2958783','RAYON-61','2022-02-14','neuf',0,888),(547,'REF-9986235','RAYON-34','2022-08-23','neuf',0,767),(548,'REF-168058','RAYON-79','2022-11-05','mauvais',0,126),(549,'REF-3351226','RAYON-30','2022-06-22','moyen',0,264),(550,'REF-90136','RAYON-26','2022-03-27','neuf',0,958),(551,'REF-2345278','RAYON-31','2022-10-11','bon',0,156),(552,'REF-8580709','RAYON-83','2022-07-14','moyen',0,714),(553,'REF-994085','RAYON-36','2022-06-22','moyen',0,477),(554,'REF-3971452','RAYON-56','2022-07-29','moyen',0,485),(555,'REF-1790687','RAYON-45','2022-08-26','mauvais',0,822),(556,'REF-5408363','RAYON-24','2022-07-20','neuf',0,187),(557,'REF-1135012','RAYON-1','2022-09-07','moyen',0,232),(558,'REF-4860818','RAYON-74','2022-03-20','moyen',0,387),(559,'REF-6064039','RAYON-88','2022-07-11','mauvais',0,26),(560,'REF-5350593','RAYON-60','2022-05-17','neuf',0,502),(561,'REF-2530151','RAYON-77','2022-01-17','neuf',0,186),(562,'REF-4625078','RAYON-76','2022-05-19','moyen',0,166),(563,'REF-6245558','RAYON-63','2022-04-03','moyen',0,120),(564,'REF-6748362','RAYON-2','2022-01-22','bon',0,758),(565,'REF-82554','RAYON-77','2022-10-19','moyen',0,546),(566,'REF-5685923','RAYON-21','2022-04-26','mauvais',0,399),(567,'REF-7275547','RAYON-45','2022-01-13','bon',0,559),(568,'REF-8787854','RAYON-72','2022-12-06','moyen',0,74),(569,'REF-6201269','RAYON-89','2022-07-13','mauvais',0,799),(570,'REF-5508032','RAYON-36','2022-02-17','neuf',0,935),(571,'REF-7000330','RAYON-70','2022-05-15','neuf',0,598),(572,'REF-9541314','RAYON-98','2022-01-11','neuf',0,415),(573,'REF-1133521','RAYON-33','2022-04-05','bon',0,325),(574,'REF-6629392','RAYON-35','2022-09-10','moyen',0,654),(575,'REF-557184','RAYON-32','2022-06-01','moyen',0,33),(576,'REF-6361368','RAYON-9','2022-06-29','moyen',0,935),(577,'REF-2312655','RAYON-36','2022-01-25','neuf',0,845),(578,'REF-9999699','RAYON-47','2022-04-29','neuf',0,133),(579,'REF-1309008','RAYON-26','2022-11-11','moyen',0,230),(580,'REF-3393570','RAYON-1','2022-01-11','neuf',0,625),(581,'REF-1930157','RAYON-10','2022-11-05','mauvais',0,936),(582,'REF-1526095','RAYON-96','2022-04-23','neuf',0,311),(583,'REF-3001472','RAYON-57','2022-11-29','mauvais',0,932),(584,'REF-956674','RAYON-69','2022-02-14','moyen',0,523),(585,'REF-7185569','RAYON-3','2022-12-09','moyen',0,970),(586,'REF-4176665','RAYON-19','2022-08-19','neuf',0,529),(587,'REF-9334001','RAYON-9','2022-08-02','bon',0,40),(588,'REF-358978','RAYON-6','2022-03-09','neuf',0,845),(589,'REF-6497479','RAYON-72','2022-08-11','mauvais',0,580),(590,'REF-5499002','RAYON-1','2022-05-21','neuf',0,506),(591,'REF-5242262','RAYON-11','2022-12-04','moyen',0,209),(592,'REF-8643137','RAYON-70','2022-11-07','moyen',0,18),(593,'REF-1686984','RAYON-80','2022-06-10','bon',0,330),(594,'REF-8188831','RAYON-11','2022-01-28','mauvais',0,277),(595,'REF-976919','RAYON-67','2022-01-03','mauvais',0,158),(596,'REF-9869346','RAYON-47','2022-05-06','moyen',0,409),(597,'REF-4319505','RAYON-94','2022-05-15','mauvais',0,395),(598,'REF-9636611','RAYON-64','2022-04-11','neuf',0,74),(599,'REF-8650490','RAYON-11','2022-11-22','moyen',0,29),(600,'REF-4321268','RAYON-8','2022-01-29','moyen',0,670),(601,'REF-6869433','RAYON-43','2022-01-27','mauvais',0,48),(602,'REF-4287901','RAYON-1','2022-09-13','moyen',0,816),(603,'REF-1141224','RAYON-13','2022-04-11','mauvais',0,804),(604,'REF-8481194','RAYON-83','2022-08-01','moyen',0,413),(605,'REF-1518919','RAYON-53','2022-02-22','moyen',0,672),(606,'REF-8060391','RAYON-2','2022-08-21','moyen',0,145),(607,'REF-5513951','RAYON-33','2022-12-06','neuf',0,623),(608,'REF-3303090','RAYON-79','2022-11-23','neuf',0,845),(609,'REF-3061736','RAYON-100','2022-01-22','neuf',0,10),(610,'REF-2636493','RAYON-29','2022-08-21','bon',0,350),(611,'REF-7212113','RAYON-56','2022-08-11','neuf',0,73),(612,'REF-4837523','RAYON-21','2022-07-17','moyen',0,683),(613,'REF-7426846','RAYON-67','2022-02-07','neuf',0,898),(614,'REF-8862165','RAYON-74','2022-01-14','moyen',0,967),(615,'REF-1622947','RAYON-92','2022-01-27','neuf',0,473),(616,'REF-528203','RAYON-85','2022-01-28','bon',0,580),(617,'REF-3244091','RAYON-89','2022-06-04','moyen',0,471),(618,'REF-4763295','RAYON-97','2022-05-28','moyen',0,386),(619,'REF-698713','RAYON-20','2022-09-24','neuf',0,428),(620,'REF-7655818','RAYON-55','2022-05-31','moyen',0,901),(621,'REF-4836277','RAYON-72','2022-02-14','bon',0,921),(622,'REF-1475763','RAYON-98','2022-06-07','bon',0,899),(623,'REF-8761546','RAYON-69','2022-10-10','moyen',0,652),(624,'REF-5343461','RAYON-72','2022-12-12','moyen',0,134),(625,'REF-2694763','RAYON-95','2022-11-24','bon',0,308),(626,'REF-8082390','RAYON-12','2022-02-27','moyen',0,622),(627,'REF-2353468','RAYON-32','2022-10-28','bon',0,737),(628,'REF-5080155','RAYON-34','2022-02-14','neuf',0,659),(629,'REF-2760782','RAYON-41','2022-03-12','neuf',0,348),(630,'REF-5063457','RAYON-49','2022-11-24','bon',0,396),(631,'REF-1750087','RAYON-69','2022-11-19','moyen',0,233),(632,'REF-872951','RAYON-74','2022-06-01','moyen',0,499),(633,'REF-8073287','RAYON-55','2022-04-11','bon',0,952),(634,'REF-9481706','RAYON-89','2022-07-28','moyen',0,169),(635,'REF-2171113','RAYON-58','2022-03-28','moyen',0,568),(636,'REF-8027618','RAYON-32','2022-02-20','neuf',0,95),(637,'REF-6039023','RAYON-74','2022-11-06','moyen',0,569),(638,'REF-7462775','RAYON-3','2022-11-12','neuf',0,171),(639,'REF-7034456','RAYON-1','2022-11-20','bon',0,701),(640,'REF-975920','RAYON-39','2022-08-13','mauvais',0,976),(641,'REF-2478658','RAYON-32','2022-10-20','moyen',0,496),(642,'REF-400183','RAYON-72','2022-06-10','moyen',0,606),(643,'REF-3839377','RAYON-11','2022-05-10','neuf',0,233),(644,'REF-1302797','RAYON-96','2022-05-16','mauvais',0,457),(645,'REF-9094457','RAYON-18','2022-02-26','moyen',0,725),(646,'REF-5168901','RAYON-42','2022-06-28','moyen',0,669),(647,'REF-9967321','RAYON-98','2022-11-15','bon',0,958),(648,'REF-5231899','RAYON-75','2022-02-20','bon',0,925),(649,'REF-8472209','RAYON-47','2022-09-30','bon',0,149),(650,'REF-1488209','RAYON-30','2022-01-17','moyen',0,683),(651,'REF-5035579','RAYON-48','2022-10-24','moyen',0,565),(652,'REF-919534','RAYON-77','2022-07-18','moyen',0,598),(653,'REF-4861880','RAYON-64','2022-09-17','moyen',0,599),(654,'REF-4579760','RAYON-50','2022-02-03','moyen',0,257),(655,'REF-3444997','RAYON-96','2022-09-18','neuf',0,253),(656,'REF-4560950','RAYON-53','2022-03-27','moyen',0,535),(657,'REF-9730444','RAYON-27','2022-05-18','moyen',0,187),(658,'REF-6266942','RAYON-58','2022-12-14','bon',0,631),(659,'REF-8339821','RAYON-28','2022-11-09','moyen',0,301),(660,'REF-4345898','RAYON-28','2022-01-17','moyen',0,98),(661,'REF-8982377','RAYON-21','2022-04-18','moyen',0,594),(662,'REF-9018713','RAYON-73','2022-11-26','moyen',0,998),(663,'REF-8197875','RAYON-11','2022-01-25','mauvais',0,513),(664,'REF-8132299','RAYON-53','2022-03-11','moyen',0,33),(665,'REF-7661310','RAYON-74','2022-05-10','bon',0,564),(666,'REF-1032190','RAYON-83','2022-10-14','moyen',0,866),(667,'REF-9701108','RAYON-26','2022-05-08','mauvais',0,424),(668,'REF-7972840','RAYON-72','2022-03-06','neuf',0,985),(669,'REF-8634309','RAYON-37','2022-03-22','mauvais',0,601),(670,'REF-3604825','RAYON-1','2022-11-21','moyen',0,774),(671,'REF-3263423','RAYON-32','2022-07-21','moyen',0,164),(672,'REF-8513963','RAYON-77','2022-04-08','mauvais',0,629),(673,'REF-4225890','RAYON-23','2022-11-02','neuf',0,836),(674,'REF-9304497','RAYON-15','2022-11-30','neuf',0,626),(675,'REF-1391159','RAYON-82','2022-08-26','moyen',0,732),(676,'REF-6232721','RAYON-93','2022-09-18','neuf',0,32),(677,'REF-6295894','RAYON-6','2022-05-16','moyen',0,505),(678,'REF-2769039','RAYON-88','2022-07-03','moyen',0,667),(679,'REF-8680719','RAYON-35','2022-02-07','moyen',0,953),(680,'REF-3968237','RAYON-13','2022-06-03','neuf',0,910),(681,'REF-2002975','RAYON-28','2022-09-27','moyen',0,310),(682,'REF-7873032','RAYON-1','2022-08-25','neuf',0,422),(683,'REF-7423769','RAYON-45','2022-01-02','moyen',0,339),(684,'REF-1328156','RAYON-65','2022-10-25','neuf',0,976),(685,'REF-3738956','RAYON-95','2022-07-30','moyen',0,60),(686,'REF-4629479','RAYON-14','2022-04-11','mauvais',0,262),(687,'REF-5072468','RAYON-76','2022-03-23','moyen',0,320),(688,'REF-1020882','RAYON-56','2022-06-08','neuf',0,161),(689,'REF-9880281','RAYON-46','2022-04-24','moyen',0,937),(690,'REF-6554902','RAYON-47','2022-05-14','neuf',0,874),(691,'REF-1232729','RAYON-100','2022-08-03','mauvais',0,22),(692,'REF-8002341','RAYON-94','2022-04-12','moyen',0,773),(693,'REF-6038873','RAYON-71','2022-09-03','moyen',0,448),(694,'REF-5683687','RAYON-50','2022-10-04','moyen',0,268),(695,'REF-8282627','RAYON-34','2022-03-17','mauvais',0,860),(696,'REF-4968720','RAYON-91','2022-01-12','bon',0,347),(697,'REF-6742781','RAYON-34','2022-08-14','bon',0,552),(698,'REF-5034826','RAYON-87','2022-10-11','moyen',0,946),(699,'REF-2182825','RAYON-26','2022-08-09','moyen',0,160),(700,'REF-57320','RAYON-56','2022-09-19','mauvais',0,929),(701,'REF-6006208','RAYON-22','2022-04-12','bon',0,361),(702,'REF-967734','RAYON-41','2022-09-12','moyen',0,841),(703,'REF-1514015','RAYON-24','2022-09-13','neuf',0,133),(704,'REF-7709376','RAYON-46','2022-12-10','neuf',0,97),(705,'REF-7974401','RAYON-70','2022-02-01','moyen',0,416),(706,'REF-7207086','RAYON-36','2022-08-10','mauvais',0,11),(707,'REF-7294517','RAYON-62','2022-11-11','moyen',0,661),(708,'REF-1919313','RAYON-98','2022-04-20','bon',0,855),(709,'REF-120961','RAYON-50','2022-06-09','neuf',0,530),(710,'REF-986307','RAYON-91','2022-03-21','moyen',0,550),(711,'REF-4572527','RAYON-64','2022-10-18','moyen',0,142),(712,'REF-1267012','RAYON-21','2022-08-25','moyen',0,579),(713,'REF-7115857','RAYON-83','2022-12-13','neuf',0,89),(714,'REF-7839916','RAYON-66','2022-11-19','moyen',0,925),(715,'REF-1015764','RAYON-74','2022-05-08','moyen',0,789),(716,'REF-1396963','RAYON-34','2022-03-27','neuf',0,729),(717,'REF-549357','RAYON-9','2022-04-08','moyen',0,756),(718,'REF-6862309','RAYON-17','2022-09-30','neuf',0,387),(719,'REF-7705926','RAYON-70','2022-02-24','moyen',0,114),(720,'REF-2514102','RAYON-92','2022-10-19','neuf',0,235),(721,'REF-5683908','RAYON-14','2022-12-13','neuf',0,383),(722,'REF-224719','RAYON-97','2022-09-22','bon',0,394),(723,'REF-8242863','RAYON-94','2022-03-21','moyen',0,992),(724,'REF-6259445','RAYON-16','2022-11-14','mauvais',0,244),(725,'REF-8115791','RAYON-33','2022-03-11','mauvais',0,270),(726,'REF-9670950','RAYON-3','2022-03-23','mauvais',0,108),(727,'REF-5436427','RAYON-40','2022-05-06','moyen',0,227),(728,'REF-2982263','RAYON-82','2022-03-01','neuf',0,488),(729,'REF-8658773','RAYON-87','2022-09-15','mauvais',0,243),(730,'REF-9680796','RAYON-12','2022-08-23','moyen',0,290),(731,'REF-8216055','RAYON-24','2022-09-17','moyen',0,363),(732,'REF-3917623','RAYON-88','2022-03-07','neuf',0,789),(733,'REF-4167138','RAYON-72','2022-04-29','moyen',0,123),(734,'REF-1030132','RAYON-15','2022-06-01','neuf',0,832),(735,'REF-6497864','RAYON-76','2022-10-18','moyen',0,48),(736,'REF-5799971','RAYON-76','2022-01-18','moyen',0,413),(737,'REF-8645057','RAYON-9','2022-10-20','neuf',0,27),(738,'REF-8208604','RAYON-3','2022-08-24','moyen',0,458),(739,'REF-4072572','RAYON-67','2022-02-04','moyen',0,803),(740,'REF-7536861','RAYON-37','2022-07-12','moyen',0,45),(741,'REF-3072898','RAYON-41','2022-02-03','bon',0,732),(742,'REF-5636549','RAYON-63','2022-05-31','bon',0,962),(743,'REF-5550151','RAYON-90','2022-10-05','moyen',0,975),(744,'REF-3462517','RAYON-81','2022-12-19','moyen',0,832),(745,'REF-6151260','RAYON-59','2022-01-20','neuf',0,635),(746,'REF-5466345','RAYON-83','2022-06-28','mauvais',0,216),(747,'REF-833743','RAYON-78','2022-08-02','moyen',0,295),(748,'REF-6818136','RAYON-53','2022-07-27','bon',0,965),(749,'REF-8209361','RAYON-22','2022-07-28','neuf',0,535),(750,'REF-344672','RAYON-57','2022-09-19','moyen',0,909),(751,'REF-2862262','RAYON-71','2022-08-25','bon',0,279),(752,'REF-9115230','RAYON-73','2022-11-05','moyen',0,158),(753,'REF-1352086','RAYON-21','2022-08-03','moyen',0,349),(754,'REF-7470372','RAYON-69','2022-03-12','bon',0,942),(755,'REF-7755811','RAYON-6','2022-11-30','neuf',0,473),(756,'REF-3437843','RAYON-31','2022-06-19','bon',0,770),(757,'REF-1802016','RAYON-60','2022-05-27','moyen',0,549),(758,'REF-6310539','RAYON-51','2022-08-18','neuf',0,13),(759,'REF-3207576','RAYON-57','2022-11-03','neuf',0,877),(760,'REF-4993452','RAYON-87','2022-10-25','moyen',0,732),(761,'REF-721088','RAYON-17','2022-08-06','bon',0,373),(762,'REF-3520056','RAYON-65','2022-02-25','moyen',0,810),(763,'REF-4670338','RAYON-91','2022-02-14','bon',0,398),(764,'REF-4164044','RAYON-89','2022-03-09','moyen',0,520),(765,'REF-1307893','RAYON-10','2022-01-31','moyen',0,478),(766,'REF-76655','RAYON-61','2022-01-04','bon',0,188),(767,'REF-2098215','RAYON-49','2022-10-11','neuf',0,411),(768,'REF-787512','RAYON-17','2022-07-21','bon',0,304),(769,'REF-9032709','RAYON-61','2022-04-25','bon',0,552),(770,'REF-5831735','RAYON-27','2022-07-15','moyen',0,99),(771,'REF-9811223','RAYON-61','2022-02-05','bon',0,883),(772,'REF-1124132','RAYON-92','2022-03-25','neuf',0,729),(773,'REF-2528732','RAYON-8','2022-08-13','neuf',0,604),(774,'REF-7653886','RAYON-2','2022-10-04','bon',0,953),(775,'REF-5920581','RAYON-11','2022-09-16','moyen',0,241),(776,'REF-4994742','RAYON-78','2022-05-15','moyen',0,686),(777,'REF-2257523','RAYON-8','2022-09-01','bon',0,811),(778,'REF-2687201','RAYON-92','2022-09-26','mauvais',0,15),(779,'REF-9446722','RAYON-69','2022-07-22','moyen',0,691),(780,'REF-4746922','RAYON-31','2022-01-31','neuf',0,446),(781,'REF-1658078','RAYON-50','2022-12-09','moyen',0,974),(782,'REF-8072154','RAYON-12','2022-02-24','neuf',0,263),(783,'REF-4499622','RAYON-47','2022-12-07','neuf',0,289),(784,'REF-5621250','RAYON-95','2022-01-15','moyen',0,15),(785,'REF-1792100','RAYON-86','2022-09-14','mauvais',0,805),(786,'REF-4004578','RAYON-59','2022-09-18','moyen',0,122),(787,'REF-6223076','RAYON-75','2022-11-05','bon',0,410),(788,'REF-9740731','RAYON-65','2022-04-13','neuf',0,80),(789,'REF-4923166','RAYON-23','2022-08-13','moyen',0,114),(790,'REF-9029375','RAYON-18','2022-02-26','moyen',0,654),(791,'REF-3316539','RAYON-70','2022-06-26','neuf',0,715),(792,'REF-8416434','RAYON-7','2022-10-10','moyen',0,844),(793,'REF-1699994','RAYON-32','2022-01-31','bon',0,299),(794,'REF-1184288','RAYON-70','2022-02-13','moyen',0,909),(795,'REF-1075525','RAYON-82','2022-09-16','neuf',0,606),(796,'REF-31213','RAYON-20','2022-12-13','neuf',0,632),(797,'REF-527642','RAYON-37','2022-08-29','moyen',0,223),(798,'REF-6315268','RAYON-50','2022-07-17','moyen',0,748),(799,'REF-8591','RAYON-77','2022-10-12','moyen',0,681),(800,'REF-4888703','RAYON-41','2022-07-15','bon',0,957),(801,'REF-2262654','RAYON-27','2022-08-10','moyen',0,16),(802,'REF-6900219','RAYON-41','2022-11-29','moyen',0,333),(803,'REF-742397','RAYON-38','2022-08-16','mauvais',0,505),(804,'REF-8422387','RAYON-70','2022-12-07','moyen',0,829),(805,'REF-9664693','RAYON-35','2022-10-20','bon',0,587),(806,'REF-818418','RAYON-65','2022-01-01','mauvais',0,239),(807,'REF-3474240','RAYON-3','2022-01-23','bon',0,90),(808,'REF-4375451','RAYON-92','2022-04-09','moyen',0,353),(809,'REF-2254709','RAYON-8','2022-08-28','moyen',0,362),(810,'REF-1636002','RAYON-74','2022-03-06','bon',0,401),(811,'REF-3561799','RAYON-59','2022-10-22','moyen',0,700),(812,'REF-4126339','RAYON-97','2022-07-28','mauvais',0,415),(813,'REF-5201948','RAYON-36','2022-03-20','mauvais',0,596),(814,'REF-3457523','RAYON-95','2022-08-24','moyen',0,622),(815,'REF-3417217','RAYON-85','2022-03-10','moyen',0,743),(816,'REF-3715055','RAYON-63','2022-01-12','moyen',0,586),(817,'REF-280609','RAYON-39','2022-10-25','mauvais',0,564),(818,'REF-5817151','RAYON-22','2022-05-02','mauvais',0,418),(819,'REF-1072981','RAYON-29','2022-02-03','neuf',0,425),(820,'REF-5935588','RAYON-70','2022-08-31','moyen',0,683),(821,'REF-4623817','RAYON-27','2022-11-25','moyen',0,996),(822,'REF-5005115','RAYON-52','2022-01-30','bon',0,554),(823,'REF-5132383','RAYON-91','2022-12-14','bon',0,216),(824,'REF-3516155','RAYON-12','2022-06-26','neuf',0,408),(825,'REF-4173968','RAYON-87','2022-01-23','neuf',0,744),(826,'REF-7466628','RAYON-51','2022-04-09','moyen',0,930),(827,'REF-6319871','RAYON-38','2022-12-07','neuf',0,10),(828,'REF-4106347','RAYON-3','2022-11-10','bon',0,227),(829,'REF-8906063','RAYON-78','2022-03-12','moyen',0,946),(830,'REF-6497867','RAYON-42','2022-02-08','neuf',0,577),(831,'REF-2188767','RAYON-37','2022-02-28','bon',0,599),(832,'REF-1425405','RAYON-92','2022-02-24','mauvais',0,190),(833,'REF-9904111','RAYON-39','2022-12-03','neuf',0,681),(834,'REF-6932600','RAYON-43','2022-01-14','moyen',0,630),(835,'REF-9523388','RAYON-88','2022-06-29','bon',0,660),(836,'REF-5845099','RAYON-95','2022-12-09','mauvais',0,920),(837,'REF-73560','RAYON-28','2022-05-09','neuf',0,222),(838,'REF-3885266','RAYON-28','2022-03-20','moyen',0,820),(839,'REF-5547239','RAYON-32','2022-11-16','moyen',0,632),(840,'REF-7205491','RAYON-71','2022-05-16','moyen',0,688),(841,'REF-6110859','RAYON-100','2022-02-15','moyen',0,848),(842,'REF-1202035','RAYON-6','2022-11-25','moyen',0,508),(843,'REF-135684','RAYON-55','2022-08-31','moyen',0,498),(844,'REF-4507261','RAYON-76','2022-06-07','neuf',0,761),(845,'REF-4383367','RAYON-92','2022-03-27','moyen',0,207),(846,'REF-6439245','RAYON-60','2022-01-23','moyen',0,244),(847,'REF-8262086','RAYON-41','2022-07-05','moyen',0,631),(848,'REF-9803873','RAYON-2','2022-02-08','moyen',0,420),(849,'REF-97070','RAYON-79','2022-11-21','neuf',0,142),(850,'REF-1262544','RAYON-21','2022-08-22','neuf',0,15),(851,'REF-5607480','RAYON-77','2022-02-12','moyen',0,908),(852,'REF-2424646','RAYON-49','2022-09-11','moyen',0,881),(853,'REF-3678584','RAYON-20','2022-11-11','moyen',0,673),(854,'REF-7705386','RAYON-84','2022-11-04','moyen',0,362),(855,'REF-7491588','RAYON-67','2022-01-21','moyen',0,70),(856,'REF-9153650','RAYON-37','2022-02-05','neuf',0,604),(857,'REF-2540907','RAYON-46','2022-07-09','moyen',0,570),(858,'REF-6425570','RAYON-51','2022-07-29','neuf',0,117),(859,'REF-6258','RAYON-66','2022-04-04','bon',0,670),(860,'REF-5427603','RAYON-71','2022-11-12','bon',0,255),(861,'REF-7008797','RAYON-75','2022-08-01','bon',0,77),(862,'REF-5016752','RAYON-28','2022-11-09','moyen',0,417),(863,'REF-6284742','RAYON-90','2022-07-24','neuf',0,800),(864,'REF-557382','RAYON-88','2022-03-22','moyen',0,809),(865,'REF-902439','RAYON-3','2022-11-01','neuf',0,321),(866,'REF-7830963','RAYON-96','2022-05-30','bon',0,241),(867,'REF-4519654','RAYON-54','2022-04-30','mauvais',0,685),(868,'REF-2676366','RAYON-29','2022-08-06','moyen',0,412),(869,'REF-2393233','RAYON-97','2022-02-04','moyen',0,251),(870,'REF-4157107','RAYON-33','2022-05-17','neuf',0,10),(871,'REF-3987781','RAYON-97','2022-08-10','neuf',0,183),(872,'REF-7638497','RAYON-28','2022-01-24','moyen',0,522),(873,'REF-212487','RAYON-55','2022-08-15','bon',0,525),(874,'REF-6798978','RAYON-83','2022-01-31','moyen',0,138),(875,'REF-5051820','RAYON-12','2022-01-17','neuf',0,352),(876,'REF-5048924','RAYON-48','2022-10-25','moyen',0,121),(877,'REF-7877067','RAYON-58','2022-07-05','moyen',0,657),(878,'REF-6963212','RAYON-52','2022-06-16','neuf',0,671),(879,'REF-5440039','RAYON-71','2022-11-18','moyen',0,32),(880,'REF-8242666','RAYON-3','2022-08-22','bon',0,97),(881,'REF-1365783','RAYON-40','2022-07-14','moyen',0,600),(882,'REF-8098414','RAYON-26','2022-10-17','moyen',0,514),(883,'REF-7393973','RAYON-16','2022-07-18','bon',0,499),(884,'REF-1386668','RAYON-20','2022-07-24','moyen',0,234),(885,'REF-6241129','RAYON-42','2022-03-22','moyen',0,83),(886,'REF-3523493','RAYON-52','2022-07-03','mauvais',0,472),(887,'REF-1695074','RAYON-44','2022-08-20','moyen',0,979),(888,'REF-3966776','RAYON-5','2022-01-20','moyen',0,638),(889,'REF-3227084','RAYON-71','2022-07-09','moyen',0,672),(890,'REF-4340911','RAYON-16','2022-06-16','bon',0,372),(891,'REF-3779521','RAYON-78','2022-09-19','neuf',0,625),(892,'REF-6641178','RAYON-45','2022-03-26','moyen',0,350),(893,'REF-4648984','RAYON-28','2022-12-13','mauvais',0,60),(894,'REF-9149647','RAYON-40','2022-03-27','mauvais',0,701),(895,'REF-4550421','RAYON-18','2022-06-29','mauvais',0,662),(896,'REF-6876475','RAYON-46','2022-03-15','moyen',0,758),(897,'REF-5335387','RAYON-40','2022-05-10','bon',0,258),(898,'REF-3942098','RAYON-20','2022-10-14','neuf',0,49),(899,'REF-2958983','RAYON-34','2022-10-03','bon',0,337),(900,'REF-1602487','RAYON-80','2022-06-20','mauvais',0,569),(901,'REF-6329316','RAYON-47','2022-05-23','moyen',0,14),(902,'REF-7780309','RAYON-86','2022-11-21','mauvais',0,134),(903,'REF-3115427','RAYON-16','2022-10-29','moyen',0,798),(904,'REF-3894345','RAYON-56','2022-08-03','bon',0,685),(905,'REF-9033413','RAYON-47','2022-07-31','moyen',0,40),(906,'REF-656802','RAYON-22','2022-10-31','moyen',0,17),(907,'REF-7444846','RAYON-68','2022-02-18','moyen',0,855),(908,'REF-3269801','RAYON-8','2022-05-13','neuf',0,288),(909,'REF-3403515','RAYON-84','2022-03-04','moyen',0,847),(910,'REF-5538784','RAYON-23','2022-06-19','bon',0,625),(911,'REF-2668508','RAYON-47','2022-06-28','moyen',0,30),(912,'REF-6620538','RAYON-23','2022-02-13','moyen',0,59),(913,'REF-8991454','RAYON-32','2022-11-14','moyen',0,375),(914,'REF-1618171','RAYON-69','2022-11-30','moyen',0,874),(915,'REF-1060559','RAYON-92','2022-03-24','neuf',0,231),(916,'REF-5075238','RAYON-85','2022-09-06','neuf',0,256),(917,'REF-6194280','RAYON-34','2022-10-09','moyen',0,947),(918,'REF-8691108','RAYON-51','2022-11-21','mauvais',0,912),(919,'REF-6740359','RAYON-64','2022-02-23','moyen',0,899),(920,'REF-9447211','RAYON-3','2022-04-17','moyen',0,745),(921,'REF-1004429','RAYON-27','2022-01-13','moyen',0,718),(922,'REF-4213268','RAYON-96','2022-06-28','neuf',0,514),(923,'REF-4149965','RAYON-54','2022-05-29','moyen',0,522),(924,'REF-3681092','RAYON-28','2022-04-10','bon',0,730),(925,'REF-8881757','RAYON-26','2022-07-31','neuf',0,582),(926,'REF-7124962','RAYON-82','2022-12-01','neuf',0,923),(927,'REF-7185517','RAYON-83','2022-12-08','moyen',0,344),(928,'REF-7938989','RAYON-94','2022-04-21','moyen',0,414),(929,'REF-3831231','RAYON-68','2022-03-21','moyen',0,540),(930,'REF-2133877','RAYON-45','2022-08-02','moyen',0,426),(931,'REF-6094778','RAYON-77','2022-01-08','neuf',0,299),(932,'REF-6815046','RAYON-52','2022-07-04','mauvais',0,666),(933,'REF-56591','RAYON-4','2022-02-21','moyen',0,553),(934,'REF-4740251','RAYON-72','2022-02-20','moyen',0,377),(935,'REF-6549540','RAYON-15','2022-09-26','moyen',0,991),(936,'REF-4990003','RAYON-53','2022-02-10','mauvais',0,413),(937,'REF-36669','RAYON-79','2022-11-13','moyen',0,39),(938,'REF-6933025','RAYON-36','2022-08-29','moyen',0,34),(939,'REF-9727267','RAYON-77','2022-11-15','moyen',0,198),(940,'REF-9851442','RAYON-34','2022-09-09','moyen',0,795),(941,'REF-5773183','RAYON-51','2022-10-02','moyen',0,380),(942,'REF-8567707','RAYON-15','2022-02-27','moyen',0,835),(943,'REF-6330296','RAYON-67','2022-05-23','mauvais',0,655),(944,'REF-4223286','RAYON-15','2022-06-18','moyen',0,657),(945,'REF-4279117','RAYON-17','2022-07-18','neuf',0,793),(946,'REF-1634173','RAYON-44','2022-09-05','moyen',0,833),(947,'REF-8751440','RAYON-88','2022-09-28','moyen',0,410),(948,'REF-8631392','RAYON-9','2022-10-26','moyen',0,520),(949,'REF-8174363','RAYON-53','2022-03-08','neuf',0,393),(950,'REF-757215','RAYON-21','2022-10-02','bon',0,300),(951,'REF-9971895','RAYON-9','2022-06-05','neuf',0,655),(952,'REF-6854607','RAYON-47','2022-04-01','moyen',0,113),(953,'REF-1618140','RAYON-48','2022-11-06','bon',0,762),(954,'REF-6030058','RAYON-74','2022-10-28','mauvais',0,511),(955,'REF-3436277','RAYON-19','2022-11-13','moyen',0,389),(956,'REF-7323729','RAYON-50','2022-04-12','moyen',0,478),(957,'REF-7473415','RAYON-31','2022-04-09','moyen',0,907),(958,'REF-8124022','RAYON-35','2022-04-08','moyen',0,733),(959,'REF-3916434','RAYON-77','2022-08-11','moyen',0,640),(960,'REF-8293935','RAYON-23','2022-08-18','moyen',0,727),(961,'REF-3841184','RAYON-75','2022-07-14','bon',0,230),(962,'REF-7912139','RAYON-27','2022-12-08','mauvais',0,174),(963,'REF-1097328','RAYON-3','2022-10-12','moyen',0,754),(964,'REF-613271','RAYON-5','2022-01-15','mauvais',0,30),(965,'REF-3917970','RAYON-88','2022-03-06','moyen',0,467),(966,'REF-4228971','RAYON-72','2022-04-20','bon',0,848),(967,'REF-5757147','RAYON-34','2022-12-01','moyen',0,13),(968,'REF-9800847','RAYON-87','2022-05-13','moyen',0,194),(969,'REF-9439099','RAYON-14','2022-11-02','moyen',0,635),(970,'REF-8100948','RAYON-15','2022-04-19','mauvais',0,349),(971,'REF-1745862','RAYON-83','2022-08-05','bon',0,365),(972,'REF-6257576','RAYON-4','2022-04-15','moyen',0,491),(973,'REF-2468084','RAYON-77','2022-01-28','neuf',0,878),(974,'REF-1854252','RAYON-30','2022-11-22','neuf',0,673),(975,'REF-7436859','RAYON-71','2022-04-09','neuf',0,116),(976,'REF-8529305','RAYON-92','2022-01-11','neuf',0,130),(977,'REF-9244062','RAYON-24','2022-05-22','moyen',0,941),(978,'REF-6301119','RAYON-33','2022-09-22','moyen',0,83),(979,'REF-9255103','RAYON-38','2022-02-12','moyen',0,686),(980,'REF-2662470','RAYON-28','2022-07-21','mauvais',0,209),(981,'REF-6553812','RAYON-66','2022-04-11','neuf',0,501),(982,'REF-6368158','RAYON-69','2022-06-28','moyen',0,572),(983,'REF-6231209','RAYON-40','2022-02-15','moyen',0,132),(984,'REF-4500757','RAYON-86','2022-11-25','mauvais',0,849),(985,'REF-3851466','RAYON-39','2022-09-22','neuf',0,954),(986,'REF-6643939','RAYON-47','2022-04-19','moyen',0,965),(987,'REF-6930540','RAYON-58','2022-10-01','moyen',0,419),(988,'REF-7428505','RAYON-46','2022-01-23','moyen',0,749),(989,'REF-1463544','RAYON-49','2022-12-17','neuf',0,819),(990,'REF-8898678','RAYON-100','2022-04-17','moyen',0,778),(991,'REF-6699618','RAYON-2','2022-01-28','moyen',0,222),(992,'REF-3794956','RAYON-24','2022-01-08','moyen',0,251),(993,'REF-1818828','RAYON-16','2022-03-25','neuf',0,911),(994,'REF-9899401','RAYON-22','2022-02-15','moyen',0,738),(995,'REF-7578731','RAYON-58','2022-08-03','moyen',0,290),(996,'REF-2406621','RAYON-34','2022-12-03','moyen',0,467),(997,'REF-2651062','RAYON-93','2022-10-22','neuf',0,20),(998,'REF-5476758','RAYON-68','2022-09-23','moyen',0,73),(999,'REF-4213511','RAYON-90','2022-03-08','neuf',0,97),(1000,'REF-9790008','RAYON-61','2022-02-01','moyen',0,648);
/*!40000 ALTER TABLE `exemplaire` ENABLE KEYS */;
UNLOCK TABLES;

--
-- Table structure for table `lecteur`
--

DROP TABLE IF EXISTS `lecteur`;
/*!40101 SET @saved_cs_client     = @@character_set_client */;
/*!40101 SET character_set_client = utf8 */;
CREATE TABLE `lecteur` (
  `id` int(11) NOT NULL AUTO_INCREMENT,
  `nom` varchar(50) NOT NULL,
  `prenom` varchar(50) NOT NULL,
  `date_naissance` date NOT NULL,
  `adresse` varchar(50) NOT NULL,
  `num_rue` int(11) NOT NULL,
  `code_postal` int(11) NOT NULL,
  `localite` varchar(50) NOT NULL,
  `telephone` varchar(50) NOT NULL,
  PRIMARY KEY (`id`)
) ENGINE=InnoDB AUTO_INCREMENT=17 DEFAULT CHARSET=utf8mb4 COLLATE=utf8mb4_general_ci;
/*!40101 SET character_set_client = @saved_cs_client */;

--
-- Dumping data for table `lecteur`
--

LOCK TABLES `lecteur` WRITE;
/*!40000 ALTER TABLE `lecteur` DISABLE KEYS */;
INSERT INTO `lecteur` VALUES (1,'Leblanc','Jean','1980-01-01','Rue de la Paix',1,1000,'Bruxelles','02/111.11.11'),(2,'Dupont','Jeanne','1980-01-01','Rue de la Corolle',36,1000,'Bruxelles','02/111.11.11'),(3,'Durand','Philip','1980-01-01','Rue de la Libration',1,1000,'Bruxelles','02/111.11.11'),(4,'Martin','Paul','1980-01-01','Rue de la Statue',1,1000,'Bruxelles','02/111.11.11'),(5,'Dubois','Christophe','1980-01-01','Rue du Pont',1,1000,'Bruxelles','02/111.11.11'),(6,'Thomas','Patrick','1980-01-01','Rue des abeilles',1,1000,'Bruxelles','02/111.11.11'),(7,'Petit','Gabriel','1980-01-01','Rue des coliers',1,1000,'Bruxelles','02/111.11.11'),(8,'Robert','Vronique','1980-01-01','Rue de dent perdue',1,1000,'Bruxelles','02/111.11.11'),(9,'Richard','Alice','1980-01-01','Rue des rues',1,1000,'Bruxelles','02/111.11.11'),(10,'Leroy','Fabien','1980-01-01','Rue de l\'Ukgraine',1,1000,'Bruxelles','02/111.11.11'),(11,'Moreau','Alvaro','1980-01-01','Rue de la Paille',1,1000,'Bruxelles','02/111.11.11'),(12,'Simon','Lucien','1980-01-01','Rue de l\'hpital',1,1000,'Bruxelles','02/111.11.11'),(13,'Laurent','Martine','1980-01-01','Rue de la Paix',1,1000,'Bruxelles','02/111.11.11'),(14,'Michel','Sylvie','1980-01-01','Rue de la Paix',1,1000,'Bruxelles','02/111.11.11'),(15,'Lefebvre','Olivier','1980-01-01','Rue de la Paix',1,1000,'Bruxelles','02/111.11.11'),(16,'Lefevre','Stphane','1980-01-01','Rue de la Paix',1,1000,'Bruxelles','02/111.11.11');
/*!40000 ALTER TABLE `lecteur` ENABLE KEYS */;
UNLOCK TABLES;

--
-- Table structure for table `livre`
--

DROP TABLE IF EXISTS `livre`;
/*!40101 SET @saved_cs_client     = @@character_set_client */;
/*!40101 SET character_set_client = utf8 */;
CREATE TABLE `livre` (
  `id` int(11) NOT NULL AUTO_INCREMENT,
  `titre` varchar(1000) NOT NULL,
  `langue` varchar(50) NOT NULL,
  `annee_publication` int(4) NOT NULL,
  `nombre_pages` int(11) NOT NULL,
  `nombre_exemplaires` int(11) NOT NULL,
  `code_isbn` varchar(50) NOT NULL,
  `auteur_id` int(11) NOT NULL,
  `theme_id` int(11) DEFAULT NULL,
  PRIMARY KEY (`id`),
  KEY `auteur_id` (`auteur_id`),
  KEY `theme_id` (`theme_id`),
  CONSTRAINT `livre_ibfk_1` FOREIGN KEY (`auteur_id`) REFERENCES `auteur` (`id`),
  CONSTRAINT `livre_ibfk_2` FOREIGN KEY (`theme_id`) REFERENCES `theme` (`id`)
) ENGINE=InnoDB AUTO_INCREMENT=1001 DEFAULT CHARSET=utf8mb4 COLLATE=utf8mb4_general_ci;
/*!40101 SET character_set_client = @saved_cs_client */;

--
-- Dumping data for table `livre`
--

LOCK TABLES `livre` WRITE;
/*!40000 ALTER TABLE `livre` DISABLE KEYS */;
INSERT INTO `livre` VALUES (1,'Conspirators of Pleasure (Spiklenci slasti)','allemand',1996,189,1,'891755755-4',435,3),(2,'Ghost Ship, The','franais',1933,730,3,'810124811-0',290,4),(3,'Remarkable Power','russe',2007,993,4,'782773505-3',423,1),(4,'Deewaar','allemand',1994,979,1,'489593432-2',359,1),(5,'Empire Records','amricain',1983,413,1,'312391752-5',92,1),(6,'Gotcha!','allemand',1971,999,3,'682774389-6',318,2),(7,'Asterix in America (a.k.a Asterix Conquers America) (Astrix et les Indiens)','espagnol',2009,103,2,'119729504-6',132,1),(8,'En p miljonen','ukrainien',2004,880,3,'867188119-9',371,2),(9,'Upside of Anger, The','amricain',1995,140,2,'527134396-0',63,1),(10,'Charlie Chan\'s Murder Cruise','amricain',2004,337,1,'763104532-1',374,4),(11,'Untamed Youth','franais',2009,34,1,'287404048-7',226,2),(12,'Moment After, The','espagnol',2007,434,3,'817687548-1',197,2),(13,'Bad Biology','espagnol',2012,254,1,'943928343-2',123,3),(14,'Machine, The','allemand',2012,534,3,'832870440-4',165,2),(15,'Bloodbrothers','ukrainien',2006,771,4,'140872405-7',76,2),(16,'Seance (Krei)','allemand',1989,397,2,'348870461-0',49,3),(17,'Tamara','russe',1993,180,4,'688296405-X',175,4),(18,'Ginger Snaps','allemand',1989,185,1,'746884788-6',213,4),(19,'She\'s Out of Control','amricain',2003,741,1,'145774810-X',360,4),(20,'Hiroshima','amricain',1995,147,3,'485256736-0',283,4),(21,'Love Can Seriously Damage Your Health','espagnol',2004,172,2,'560062399-2',278,3),(22,'Distant Drums','espagnol',1991,221,1,'727845361-5',449,3),(23,'Fanny and Alexander (Fanny och Alexander)','italien',1994,501,4,'610446834-9',405,2),(24,'It\'s in the Water','espagnol',2010,979,2,'372989704-7',183,2),(25,'Speedway Junky','russe',2016,987,2,'552860676-4',300,4),(26,'State Fair','amricain',2012,64,2,'037512574-4',94,1),(27,'Direct from Brooklyn','amricain',1972,707,1,'374968406-5',378,2),(28,'Camille','espagnol',1992,99,3,'192576206-8',317,3),(29,'Trail Beyond, The','allemand',1993,877,2,'189450514-X',246,3),(30,'I Don\'t Want to Be a Man (Ich mchte kein Mann sein)','espagnol',1910,71,1,'723565832-0',454,2),(31,'Alan Partridge: Alpha Papa','amricain',1999,285,3,'951173374-5',142,1),(32,'Inspector Clouseau','ukrainien',1979,802,1,'033958208-1',258,2),(33,'Saving Mr. Banks','ukrainien',2003,737,1,'572786892-0',1,4),(34,'Haunted Strangler, The (Grip of the Strangler)','ukrainien',2005,374,1,'277359917-9',147,4),(35,'Fantasia','amricain',1902,843,4,'401120014-X',142,4),(36,'Affluenza','russe',1916,688,4,'024706940-X',225,2),(37,'Honey','russe',2008,398,3,'735973067-8',250,1),(38,'Night Strangler, The','amricain',1996,743,3,'470078241-2',302,1),(39,'The Little Rascals Save the Day','espagnol',2009,527,1,'663751063-7',424,1),(40,'Lottery, The','allemand',1974,572,4,'524277983-7',77,1),(41,'Fresh Horses','russe',2003,170,3,'925624270-2',256,3),(42,'American Yakuza','italien',1993,701,4,'704041967-X',233,2),(43,'El chocolate del loro','franais',2012,419,2,'881855549-9',272,3),(44,'Mr. Saturday Night','allemand',2003,446,2,'347058847-3',294,4),(45,'Employees\' Entrance','amricain',2008,579,4,'729406626-4',175,4),(46,'Notorious Landlady, The','espagnol',2000,358,4,'749127880-9',211,4),(47,'Day Watch (Dnevnoy dozor)','allemand',1980,217,3,'861227885-6',473,2),(48,'Freddy\'s Dead: The Final Nightmare (Nightmare on Elm Street Part 6: Freddy\'s Dead, A)','espagnol',1994,866,4,'042311560-X',52,1),(49,'Disco Dancer','espagnol',1992,632,3,'815735785-3',202,1),(50,'Citizen X','amricain',2005,708,2,'777730406-2',220,3),(51,'Late August, Early September (Fin aot, dbut septembre)','russe',2001,310,2,'462441445-4',429,2),(52,'I\'ll Do Anything','amricain',2012,389,4,'085802051-3',495,3),(53,'Strangers on a Train','amricain',2002,633,3,'303894089-5',397,3),(54,'Wichita','amricain',2010,868,1,'545999587-6',166,1),(55,'S.O.S. Eisberg','franais',2010,617,4,'823152156-9',316,1),(56,'The Paris Express','amricain',2004,53,2,'227410684-3',70,4),(57,'Fitzgerald Family Christmas, The','russe',1954,220,2,'649718380-9',382,4),(58,'This Film Is Not Yet Rated','allemand',2007,117,3,'576165255-2',305,4),(59,'Under Capricorn','allemand',1994,810,4,'823403384-0',80,3),(60,'Into the West','espagnol',2005,720,4,'972270750-7',458,4),(61,'Bug','amricain',1933,241,3,'727189406-3',168,4),(62,'Dirty Girl','espagnol',1903,199,3,'495307762-8',131,2),(63,'Mail Early for Xmas','franais',1989,628,3,'805877094-9',136,1),(64,'Ashura','italien',1988,337,3,'186245988-6',296,2),(65,'Woman in the Dunes (Suna no onna)','allemand',1997,655,1,'823976445-2',439,3),(66,'George Carlin: It\'s Bad for Ya!','russe',1989,997,2,'454779717-X',251,2),(67,'Bouncing Babies','allemand',2005,912,2,'548845814-X',125,3),(68,'Battleground','russe',1939,717,1,'592507845-4',118,2),(69,'Thoroughly Modern Millie','franais',1964,403,4,'823054051-9',494,4),(70,'Elephant Man, The','amricain',2001,101,1,'602819323-2',455,2),(71,'Metrobranding','franais',1998,535,2,'033744296-7',438,4),(72,'Art of Dying, The (El Arte de Morir)','russe',2005,178,1,'834406601-8',32,3),(73,'Mad Dog Time','amricain',2012,391,4,'773362380-4',294,2),(74,'Soul Men','russe',1981,493,4,'892066099-9',427,4),(75,'Guadalcanal Diary','amricain',1987,75,2,'687662878-7',233,4),(76,'Black Venus','amricain',1971,245,4,'172154923-4',394,1),(77,'Portraits of Women (Naisenkuvia)','amricain',1997,704,2,'882943187-7',199,1),(78,'William S. Burroughs: A Man Within','russe',2011,85,4,'272754748-X',98,4),(79,'Fifty/Fifty','espagnol',2004,88,3,'079656897-9',429,3),(80,'Jaguar','espagnol',2004,825,4,'113892407-5',450,4),(81,'Eyes of an Angel','allemand',2003,291,4,'662654573-6',142,4),(82,'Phantom of the Opera','amricain',2005,766,4,'811245112-5',270,1),(83,'Flame and Women (Hon to onna) ','allemand',2008,896,2,'584148140-1',88,3),(84,'Operation Homecoming: Writing the Wartime Experience','ukrainien',2006,406,2,'696018104-6',489,1),(85,'New York Confidential','allemand',2003,617,3,'917737299-9',411,3),(86,'Dangerous Lives of Altar Boys, The','russe',1989,108,2,'770811309-1',254,1),(87,'Children of the Century, The (Enfants du sicle, Les)','espagnol',1992,127,3,'712802926-5',278,4),(88,'Get Educated: Paathshaala','espagnol',2001,127,3,'171454564-4',376,4),(89,'Willow Creek','amricain',1991,657,1,'634434858-5',241,2),(90,'Stevie','amricain',1992,44,4,'895017336-0',301,4),(91,'Corvette Summer','russe',1998,677,3,'628034235-2',244,4),(92,'With Fire and Sword (Ogniem i mieczem)','russe',2006,455,4,'209279126-5',426,2),(93,'Les hautes solitudes','franais',1993,208,2,'848676220-0',97,1),(94,'Shriek If You Know What I Did Last Friday the Thirteenth','franais',1994,254,4,'562584807-6',209,4),(95,'Fist of the North Star','allemand',1974,294,1,'172041261-8',306,2),(96,'Melissa P.','espagnol',2003,828,4,'054429929-9',322,2),(97,'Soul Survivors (a.k.a. The Killer Cut)','russe',1989,175,1,'384729666-3',420,2),(98,'Vacancy','amricain',2001,557,1,'388107308-6',51,3),(99,'Dark Truth, A (Truth, The)','italien',2016,513,1,'722425522-X',45,1),(100,'Sword and the Dragon, The (Ilya Muromets)','allemand',1986,205,3,'465672430-0',252,4),(101,'Hard, Fast and Beautiful','russe',1932,37,4,'365324419-6',295,4),(102,'The Fighting 69th','franais',1987,558,4,'078065355-6',274,1),(103,'Big Game','amricain',1958,541,4,'327080931-X',371,3),(104,'Wish I Was Here','russe',2005,331,2,'536212174-X',343,3),(105,'Blood and Chocolate','russe',1972,357,3,'987184281-3',290,4),(106,'Dog Day Afternoon','espagnol',2003,608,1,'648523622-8',292,2),(107,'Reflections in a Golden Eye','amricain',1996,752,4,'466821611-9',172,2),(108,'4th Floor, The','ukrainien',1994,29,4,'133692445-4',354,2),(109,'Just Add Water','franais',2002,867,4,'892714153-9',369,1),(110,'Railway Children, The','russe',1963,527,1,'050561798-6',149,4),(111,'My Way (Mai Wei)','allemand',2000,242,4,'035616315-6',463,2),(112,'Flight of the Phoenix, The','franais',2005,492,2,'343220361-6',31,3),(113,'Heidi','franais',1996,40,1,'006067371-0',328,3),(114,'Dead Calling, A','russe',2008,645,3,'709519842-X',90,4),(115,'Rocket Gibraltar','franais',1989,495,1,'452389025-0',478,1),(116,'How to Seduce Difficult Women','ukrainien',2004,302,3,'004794307-6',493,3),(117,'Someone Else\'s America','amricain',2008,634,4,'243071995-9',488,2),(118,'Out for a Kill','russe',2006,374,1,'046175880-6',144,4),(119,'Bad Country','amricain',1992,477,1,'913731852-7',99,4),(120,'Chance Pe Dance','amricain',2007,612,4,'251912155-6',356,1),(121,'Boys, The (Pojat)','amricain',1998,400,1,'701048965-3',500,4),(122,'Rollerball','espagnol',2005,986,2,'898835531-8',484,4),(123,'Hum Aapke Hain Koun...!','russe',1991,353,3,'404139092-3',145,2),(124,'[REC] 4: Apocalypse','espagnol',2002,709,1,'963359366-2',248,3),(125,'Flowers in the Attic','ukrainien',1997,246,2,'432845985-6',269,2),(126,'House III: The Horror Show','amricain',2007,83,1,'871148236-2',67,1),(127,'Antitrust','amricain',1992,779,4,'834205126-9',390,4),(128,'Blue Lagoon, The','amricain',2011,104,3,'574297473-6',438,1),(129,'Elmer Gantry','russe',1998,808,4,'744591551-6',113,1),(130,'Barbed Wire','ukrainien',2003,383,2,'465073377-4',465,2),(131,'Hidden Fortress, The (Kakushi-toride no san-akunin)','ukrainien',1977,633,3,'490679620-6',130,1),(132,'31 North 62 East','allemand',1995,49,4,'654507716-3',394,1),(133,'42nd Street','russe',1996,967,3,'946112510-0',450,4),(134,'In Dreams','allemand',1978,343,1,'000481157-7',141,1),(135,'King of Comedy (Hei kek ji wong)','allemand',2010,203,2,'115982838-5',257,3),(136,'First Man Into Space','ukrainien',2001,377,1,'992905832-X',355,3),(137,'The Winslow Boy','espagnol',2004,119,2,'058469838-0',44,2),(138,'Kids Return (Kizzu ritn)','allemand',2008,8,2,'190647882-1',443,4),(139,'French Connection, The','amricain',2011,568,1,'653437801-9',54,3),(140,'Extraordinary Adventures of Adle Blanc-Sec, The','amricain',2001,238,2,'734279740-5',477,3),(141,'[REC] 4: Apocalypse','allemand',1937,899,3,'185884204-2',255,2),(142,'Lolita','ukrainien',1998,901,1,'715255390-4',184,2),(143,'20,000 Leagues Under the Sea','ukrainien',1975,631,4,'186825722-3',231,4),(144,'Gantz','franais',1921,955,3,'523142310-6',392,4),(145,'Beyond a Reasonable Doubt','allemand',1902,994,3,'749096620-5',176,1),(146,'Bowery at Midnight','allemand',1984,673,4,'720843706-8',233,1),(147,'Big Jim McLain','franais',2007,906,4,'937534005-8',71,3),(148,'War','russe',1965,753,1,'219343798-X',487,1),(149,'Next Friday','allemand',2004,81,2,'067682924-4',427,3),(150,'Yellow Sea, The (a.k.a. The Murderer) (Hwanghae)','russe',1968,751,1,'172155728-8',216,3),(151,'Rockers','espagnol',2001,795,1,'326613005-7',307,4),(152,'In the Navy','espagnol',2005,210,2,'468465632-2',127,4),(153,'Spies (Spione)','allemand',2012,46,1,'801843863-3',459,1),(154,'Hours','espagnol',1985,9,1,'828806860-X',356,4),(155,'Jack Goes Boating','espagnol',1993,915,3,'446149534-5',374,4),(156,'Genius Within: The Inner Life of Glenn Gould','allemand',1986,721,4,'544027948-2',72,4),(157,'Arlington Road','allemand',1996,76,4,'205439729-6',168,1),(158,'Wives and Lovers','franais',1990,415,1,'533554833-9',325,2),(159,'Flicker','espagnol',2007,145,1,'449905341-2',445,2),(160,'Berserk','ukrainien',1990,835,3,'072327248-4',362,3),(161,'Goodbye, Dragon Inn (Bu san)','allemand',1904,645,3,'289656942-1',497,1),(162,'Whole Nine Yards, The','allemand',2013,296,4,'953944704-6',270,2),(163,'Modris','allemand',2014,611,3,'469767982-2',284,3),(164,'Providence','amricain',2006,9,4,'381854929-X',82,1),(165,'Young Girls of Rochefort, The (Demoiselles de Rochefort, Les)','franais',2005,346,2,'121761957-7',276,3),(166,'Pyramid, The','russe',2011,114,2,'802451220-3',6,1),(167,'My Piece of the Pie (Ma part du gteau)','russe',2008,546,4,'406512173-6',419,3),(168,'HellBent','amricain',2007,423,4,'906616582-0',190,2),(169,'Fire Within, The (Feu follet, Le)','amricain',2006,219,2,'874432627-0',47,3),(170,'Last Stop 174 (ltima Parada 174) ','amricain',2006,639,4,'324806668-7',181,3),(171,'Infamous','espagnol',1997,196,3,'001499180-2',153,2),(172,'Life as We Know It','autre',1997,752,2,'423017822-0',27,4),(173,'Transistor Love Story (Monrak Transistor)','franais',1990,167,1,'296501932-4',96,3),(174,'Spring Break Shark Attack','russe',2004,452,3,'166596829-X',210,4),(175,'101 Dalmatians (One Hundred and One Dalmatians)','espagnol',1995,852,2,'732586049-8',249,2),(176,'Leave','espagnol',2010,542,1,'057686167-7',435,4),(177,'Captain Abu Raed','allemand',1995,489,3,'304397771-8',325,4),(178,'711 Ocean Drive','allemand',2004,528,3,'929968809-5',268,3),(179,'Dear Heart','franais',1990,533,4,'934928575-4',5,1),(180,'High Heels and Low Lifes','allemand',2001,492,4,'670539039-5',276,2),(181,'Hole in the Head, A','autre',2002,831,2,'369534565-9',56,2),(182,'Creepshow','espagnol',1994,171,2,'657442425-9',355,3),(183,'Rooster\'s Breakfast (Petelinji zajtrk)','russe',1972,816,1,'308301576-3',251,3),(184,'Last Legion, The','allemand',2007,173,3,'140372787-2',297,3),(185,'Heidi','amricain',1979,951,1,'024355953-4',92,4),(186,'Abols Upe','franais',2009,453,4,'427679686-5',166,3),(187,'Without Love','allemand',2011,33,1,'941514596-X',138,1),(188,'Boys Life','russe',1998,86,1,'044421038-5',360,1),(189,'Earthsea (Legend of Earthsea)','franais',1994,612,4,'391358161-8',148,2),(190,'Flamingo Kid, The','russe',1987,985,3,'861820236-3',23,3),(191,'American Pie Presents The Naked Mile (American Pie 5: The Naked Mile)','espagnol',2002,809,4,'334357813-4',364,3),(192,'Amazing Journey: The Story of The Who','amricain',1920,60,4,'662980706-5',481,3),(193,'Gerry','amricain',2011,744,2,'844494338-X',310,3),(194,'Defending Your Life','ukrainien',2006,19,4,'651449468-4',166,4),(195,'World According to Garp, The','espagnol',1974,544,3,'251187765-1',29,2),(196,'Rated X','russe',2003,365,4,'582538529-0',249,4),(197,'The Fuller Brush Man','franais',2004,992,2,'108727897-X',297,2),(198,'Lake City','franais',1991,403,3,'408472053-4',310,4),(199,'Family Jewels, The (Eierdiebe)','amricain',1998,702,2,'235902251-2',227,4),(200,'Atlas Shrugged: Who Is John Galt? (Atlas Shrugged: Part III)','italien',1995,120,1,'240124466-2',127,2),(201,'Party, The','amricain',2013,942,3,'061778495-7',275,1),(202,'Doctor Strange','ukrainien',1907,720,2,'776087733-1',142,3),(203,'Flashpoint','russe',2011,946,2,'342970276-3',59,2),(204,'Men of Means','espagnol',1996,130,3,'867786362-1',217,2),(205,'Kanal','franais',1995,100,3,'493599643-9',335,2),(206,'Bones','allemand',1965,241,1,'583791936-8',298,2),(207,'Zero Charisma','russe',2008,67,4,'554047393-0',330,2),(208,'Blind Faith','amricain',1938,515,3,'529692787-7',62,4),(209,'Phone Call from a Stranger','russe',2020,250,1,'070405384-5',230,4),(210,'Shara (Sharasojyu)','ukrainien',2007,583,3,'871311971-0',2,2),(211,'Oath, The','italien',1991,793,2,'582133320-2',353,3),(212,'Solaris','allemand',1992,53,4,'882067411-4',456,4),(213,'That Guy... Who Was in That Thing','espagnol',2011,200,2,'882150335-6',380,1),(214,'Once Upon a Time (Der var engang)','amricain',2007,105,4,'409282052-6',495,2),(215,'Cooperstown','allemand',1990,840,1,'737922780-7',309,1),(216,'Hysteria: The Def Leppard Story','franais',1996,184,1,'338889031-5',237,3),(217,'Idlewild','espagnol',2012,124,3,'190709636-1',306,1),(218,'Attack of the Puppet People','allemand',1988,99,2,'849285012-4',370,2),(219,'Tokyo-Ga','allemand',2011,561,2,'070284873-5',203,3),(220,'Touki Bouki','italien',1988,435,2,'778586151-X',56,4),(221,'Shanghai Knights','allemand',1995,417,1,'290263556-7',411,2),(222,'Fuck Up','ukrainien',2019,476,4,'063305483-6',289,1),(223,'On a Clear Day You Can See Forever','espagnol',1997,352,2,'675418102-8',124,2),(224,'Head-On (Gegen die Wand)','allemand',2014,653,4,'374574350-4',52,3),(225,'The Gallant Hours','amricain',1993,788,4,'450897287-X',71,3),(226,'Killer Is Loose, The','italien',2001,933,4,'467026820-1',382,4),(227,'Petulia','italien',1901,122,2,'742113554-5',275,2),(228,'Just Imagine','amricain',2008,83,1,'035941358-7',355,1),(229,'Atlas Shrugged: Who Is John Galt? (Atlas Shrugged: Part III)','russe',2007,693,3,'030790314-1',8,2),(230,'Holiday','espagnol',1994,449,4,'505790156-7',13,3),(231,'Great Diamond Robbery, The','amricain',1998,419,4,'799739797-3',356,1),(232,'In Praise of Love (loge de l\'amour)','espagnol',1997,513,1,'717072137-6',265,4),(233,'Whole Town\'s Talking, The (Passport to Fame)','russe',1998,853,3,'800999983-0',353,1),(234,'Apple Dumpling Gang, The','amricain',1989,289,4,'189579900-7',46,4),(235,'Paint It Yellow (Rang De Basanti)','ukrainien',2009,865,1,'071878124-4',461,1),(236,'Babadook, The','russe',1927,943,1,'673127105-5',348,2),(237,'Cheech and Chong\'s Animated Movie','amricain',1989,351,3,'940861853-X',337,1),(238,'Someday This Pain Will Be Useful to You','allemand',2005,843,3,'319556637-0',402,1),(239,'Don\'t Tell Mom the Babysitter\'s Dead','amricain',1989,322,4,'653916649-4',268,1),(240,'Fruitcake','russe',2007,83,2,'538091414-4',154,1),(241,'Diabolique (Les diaboliques)','russe',2015,385,3,'705917577-6',334,3),(242,'Tanguy','russe',1904,142,2,'618186288-9',454,1),(243,'Mutual Appreciation','ukrainien',2006,636,1,'131974655-1',156,1),(244,'First Kid','amricain',2003,717,2,'781542277-2',140,1),(245,'Letters to Juliet','allemand',2006,461,3,'564576589-3',188,4),(246,'Survive Style 5+','amricain',1986,185,4,'248661002-2',40,3),(247,'Ordinary Miracles','allemand',1990,726,4,'641577036-5',159,3),(248,'Russian Ark (Russkiy Kovcheg)','russe',1998,225,1,'765680269-X',390,3),(249,'Taxi Blues','amricain',1996,790,1,'232990027-9',381,4),(250,'Hobbit: The Desolation of Smaug, The','ukrainien',2006,807,3,'065829681-7',45,4),(251,'Cry in the Night, A','allemand',2007,636,2,'999397680-6',458,4),(252,'Paranormal Activity: The Marked Ones','amricain',1990,236,3,'731244393-1',141,2),(253,'Mysteries of Lisbon (Mistrios de Lisboa)','italien',1941,532,3,'619636690-4',149,3),(254,'Search and Destroy','franais',1973,899,2,'184511535-X',183,4),(255,'Formula 51','amricain',2008,654,2,'752440863-3',461,4),(256,'Kid from Brooklyn, The','amricain',2010,104,1,'843788071-8',46,4),(257,'Pathfinder (Ofelas)','amricain',2007,786,4,'485654213-3',253,1),(258,'House III: The Horror Show','espagnol',1994,809,1,'834275768-4',303,2),(259,'Easy Come, Easy Go','russe',2019,296,3,'231383484-0',458,3),(260,'Pokmon Heroes','allemand',1909,607,2,'001844429-6',214,3),(261,'Beyond Tomorrow (Beyond Christmas)','allemand',2008,263,2,'791225559-1',165,1),(262,'Slums of Beverly Hills, The','russe',1958,295,2,'967412930-8',452,3),(263,'Pursuit of Happyness, The','ukrainien',2002,96,3,'657846080-2',126,4),(264,'Sometime in August (Mitte Ende August)','espagnol',1919,622,2,'652920385-0',448,2),(265,'Bleak House','russe',1997,174,2,'622866886-2',16,1),(266,'New York Cop (Ny Yku no koppu)','italien',1995,438,2,'901329319-0',120,3),(267,'Willy Wonka & the Chocolate Factory','amricain',1996,658,4,'830573701-2',483,4),(268,'Harum Scarum','espagnol',1945,630,4,'588839839-X',324,1),(269,'Perfume of the Lady in Black, The (Il profumo della signora in nero)','italien',1943,334,3,'788171274-0',55,3),(270,'Magic in the Water','italien',2006,961,2,'599671755-7',137,2),(271,'Goliyon Ki Raasleela Ram-Leela','allemand',1998,234,1,'437888572-7',314,4),(272,'Bed & Breakfast: Love is a Happy Accident (Bed & Breakfast)','allemand',1983,648,3,'429800972-6',389,3),(273,'The Two Policemen','russe',2002,933,2,'167481855-6',488,1),(274,'Alien Escape','amricain',2004,901,3,'997178057-7',387,1),(275,'Craig Ferguson: Does This Need to Be Said?','allemand',2002,597,2,'248038685-6',17,4),(276,'K-19: The Widowmaker','ukrainien',1940,879,1,'542407657-2',494,1),(277,'Je, tu, il, elle (I, You, He, She)','amricain',2012,511,3,'670237321-X',137,2),(278,'Kelly & Cal','allemand',1975,675,2,'179322908-2',111,3),(279,'Live from Baghdad','amricain',2007,231,4,'796718620-6',204,3),(280,'Valley of Head Hunters','amricain',2005,947,4,'926289332-9',69,3),(281,'Ice Age','autre',2005,197,2,'779165731-7',204,4),(282,'Pellet (Bola, El)','allemand',1910,383,4,'528439733-9',197,3),(283,'Pocket Money','allemand',1999,888,4,'405434597-2',326,3),(284,'Float','italien',2005,718,1,'527937178-5',133,3),(285,'Substitute, The','russe',2007,16,4,'391457666-9',122,4),(286,'Black Stallion, The','franais',2008,425,2,'578155988-4',141,4),(287,'Master, The','espagnol',1969,225,1,'436993057-X',194,2),(288,'Sputnik','russe',1989,127,2,'195239938-6',239,1),(289,'Bound by Honor (a.k.a. Blood In, Blood Out)','ukrainien',2006,61,3,'206111496-2',85,3),(290,'Pale Cocoon (Peiru Kokun)','russe',1991,644,4,'697599150-2',348,1),(291,'Win a Date with Tad Hamilton!','amricain',2011,508,2,'689919006-0',155,4),(292,'Lee Daniels\' The Butler','espagnol',1972,222,2,'659818785-0',270,4),(293,'Alex and Emma','espagnol',1933,1,3,'910041277-5',441,4),(294,'Lightning Strikes Twice','amricain',1971,223,1,'963216485-7',400,1),(295,'Queen Sized','ukrainien',2004,132,3,'266183695-0',276,4),(296,'Power/Rangers','russe',1914,310,2,'456987785-0',444,4),(297,'Safe Sex','amricain',2002,763,4,'603890170-1',493,4),(298,'Lonely Place to Die, A','allemand',2003,75,3,'067482896-8',227,4),(299,'Alice','amricain',2012,136,1,'543220839-3',154,2),(300,'Earth Entranced (Terra em Transe)','allemand',1991,538,1,'114960516-2',129,3),(301,'Like Father, Like Son','allemand',2005,395,2,'253382314-7',31,2),(302,'Horse\'s Mouth, The','allemand',2005,810,1,'297569601-9',344,1),(303,'I.Q.','ukrainien',1989,879,2,'841427357-2',338,1),(304,'White Man\'s Burden','amricain',2011,233,1,'457673206-4',371,3),(305,'Broken Embraces (Los abrazos rotos)','amricain',2011,566,3,'421227962-2',316,1),(306,'Zen Noir','allemand',1995,1,1,'132934245-3',244,2),(307,'Haunted Palace, The','amricain',1986,379,2,'155275986-5',316,2),(308,'Perfect Man, A','amricain',2008,797,3,'905055230-7',278,2),(309,'Groomsmen, The','autre',1992,259,4,'258642600-2',139,3),(310,'Destricted','allemand',1987,6,1,'062717942-8',459,3),(311,'Cheers for Miss Bishop','russe',2001,347,1,'336896303-1',357,3),(312,'Predators','allemand',2002,322,2,'618620928-8',17,3),(313,'Devils, The','ukrainien',1993,226,1,'442599644-5',415,4),(314,'Bourne Ultimatum, The','russe',2009,256,2,'910129218-8',274,4),(315,'Ways to Live Forever','espagnol',1978,84,3,'363021021-X',31,4),(316,'The Rag Man','ukrainien',1999,553,1,'387832927-X',496,4),(317,'Mother of Mine (ideist parhain)','amricain',1954,246,1,'797079654-0',465,2),(318,'K-11','franais',1993,944,4,'180023312-4',319,2),(319,'Borgman','allemand',1979,648,3,'017029204-5',238,3),(320,'Whores\' Glory','allemand',2011,425,4,'070124154-3',326,3),(321,'Everybody\'s Got Somebody... Not Me','amricain',1999,209,1,'306720197-3',381,1),(322,'Heat\'s On, The','russe',2004,816,4,'826240539-0',45,3),(323,'Land Without Bread (Hurdes, tierra sin pan, Las)','espagnol',1989,741,1,'058352238-6',297,1),(324,'Secret Life of Walter Mitty, The','franais',2010,821,3,'256292647-1',212,3),(325,'Raising Arizona','amricain',1984,986,3,'155806673-X',497,3),(326,'Man I Love, The','amricain',2009,569,2,'102388979-X',493,1),(327,'Blades of Glory','allemand',2009,443,2,'633261033-6',201,3),(328,'Encounter in the Third Dimension','espagnol',1990,906,1,'526457877-X',447,4),(329,'Tulse Luper Suitcases, Part 1: The Moab Story, The','amricain',1999,232,2,'665733189-4',402,1),(330,'Bridal Party in Hardanger, The (Brudeferden i Hardanger)','franais',2012,808,1,'908345184-4',376,3),(331,'Young and Prodigious T.S. Spivet, The (L\'extravagant voyage du jeune et prodigieux T.S. Spivet)','espagnol',2007,799,3,'491534316-2',77,3),(332,'Last Godfather, The','franais',1958,603,3,'202295369-X',406,1),(333,'Torrente 5: Operacin Eurovegas','espagnol',1924,306,4,'597848294-2',311,2),(334,'Room for Romeo Brass, A','ukrainien',1965,188,1,'105627366-6',362,1),(335,'My Mother\'s Smile (a.k.a. The Religion Hour) (L\'ora di religione) (Il sorriso di mia madre)','franais',1993,851,2,'809759470-6',163,3),(336,'Evil (Ondskan)','amricain',2004,166,2,'779776625-8',249,3),(337,'Diner','allemand',2012,992,1,'858470971-1',265,4),(338,'Attack of the Killer Tomatoes!','amricain',2009,425,4,'874734076-2',156,3),(339,'Flashbacks of a Fool','allemand',1998,252,4,'366520362-7',149,3),(340,'Aces: Iron Eagle III','russe',1996,286,1,'690113374-X',63,4),(341,'Daffy Duck\'s Quackbusters','russe',2000,275,3,'478429997-1',326,2),(342,'Wheels on Meals (Kuai can che)','allemand',1913,522,1,'901203810-3',213,1),(343,'Maximum Conviction','russe',2011,251,2,'744995405-2',389,1),(344,'Relic, The','amricain',2004,367,3,'179268330-8',44,2),(345,'Save Me','ukrainien',2003,760,1,'240581449-8',462,2),(346,'Loverboy','franais',1990,133,2,'273045580-9',292,1),(347,'Voodoo Tiger','ukrainien',2010,146,2,'138923222-0',221,2),(348,'Each Dawn I Die','espagnol',2007,277,4,'270337526-3',132,1),(349,'Bad Lieutenant','italien',1932,482,2,'253774387-3',307,1),(350,'Io Island (Iodo)','ukrainien',2012,656,3,'503582987-1',442,1),(351,'Bourne Legacy, The','franais',1998,643,1,'861716011-X',435,3),(352,'Honey, I Shrunk the Kids','espagnol',1970,727,2,'780672363-3',487,3),(353,'Man with the Gun','espagnol',2005,634,3,'088208693-6',200,4),(354,'Alexandra\'s Project','allemand',1912,706,2,'558609698-6',264,3),(355,'Calamity Jane','allemand',1992,234,1,'693999650-8',107,3),(356,'I Hope They Serve Beer in Hell','espagnol',2009,404,2,'470996853-5',436,3),(357,'Justin Bieber: Never Say Never','franais',1993,725,3,'972016844-7',334,4),(358,'Bakery Girl of Monceau, The (La boulangre de Monceau)','allemand',2009,306,1,'426749332-4',259,1),(359,'Confessional, The (Confessionnal, Le)','amricain',1992,583,2,'318008549-5',236,4),(360,'Just Like Me (Igualita a Mi)','russe',2009,62,1,'291435405-3',186,2),(361,'Body Snatchers','espagnol',1993,138,4,'680276197-1',172,1),(362,'Simpatico','allemand',1998,831,3,'820782801-3',307,4),(363,'Downeast','autre',2013,116,3,'157366425-1',166,2),(364,'Adventures of Robin Hood, The','ukrainien',1999,418,1,'483993364-2',154,1),(365,'Union Station','autre',1961,466,4,'048202179-9',140,1),(366,'Belle comme la femme d\'un autre','espagnol',1929,881,3,'665594104-0',11,2),(367,'It\'s Impossible to Learn to Plow by Reading Books','ukrainien',2008,266,3,'081492443-3',265,4),(368,'One Flew Over the Cuckoo\'s Nest','amricain',1994,687,4,'540508609-6',332,1),(369,'Aria','italien',1984,423,1,'463580029-6',160,4),(370,'...tick... tick... tick...','allemand',2003,860,2,'023295277-9',243,4),(371,'Greatest Show on Earth, The','allemand',1993,791,1,'277140742-6',499,4),(372,'Hitchcock','franais',1996,143,4,'554489358-6',368,3),(373,'Perils of the Sentimental Swordsman','allemand',1989,603,1,'763997508-5',184,4),(374,'Search for One-eye Jimmy, The','espagnol',1992,842,1,'611095561-2',343,3),(375,'Jade','allemand',2005,892,3,'226795135-5',25,4),(376,'Liar\'s Autobiography: The Untrue Story of Monty Python\'s Graham Chapman, A','espagnol',1996,851,2,'101192331-9',398,1),(377,'Jungle de Ikou (Jungre de Ikou)','russe',1998,500,2,'260724613-X',362,2),(378,'Farsan','franais',2009,469,2,'816907934-9',174,2),(379,'Paradise','amricain',1998,675,3,'317906687-3',325,3),(380,'King Boxer: Five Fingers of Death (Tian xia di yi quan)','espagnol',2010,138,4,'065503405-6',67,1),(381,'Beach Blanket Bingo','espagnol',2009,290,1,'101513018-6',248,4),(382,'Crippled Avengers (Can que) (Return of the 5 Deadly Venoms)','ukrainien',1991,291,2,'278744334-6',370,3),(383,'Snow Walker, The','amricain',1971,593,1,'803990682-2',286,3),(384,'Pompatus of Love, The','russe',1992,310,2,'565223292-7',121,4),(385,'Endless Love','allemand',2003,646,2,'446583686-4',40,2),(386,'Frenzy','ukrainien',1990,19,1,'747315996-8',379,2),(387,'Makai Tensho: Samurai Reincarnation (Makai tensh)','espagnol',1993,481,3,'745975983-X',193,1),(388,'Woman in Red, The','amricain',1998,92,3,'585694921-8',183,1),(389,'Mating Habits of the Earthbound Human, The','amricain',1979,971,2,'324489019-9',74,1),(390,'Evolver','espagnol',1994,123,1,'490229314-5',115,4),(391,'Viva Knievel!','amricain',1995,773,4,'726785496-6',198,2),(392,'Air Crew','allemand',2009,544,2,'901660687-4',264,3),(393,'Fireproof','russe',2006,802,3,'019712174-8',235,2),(394,'Django the Bastard (Strangers Gundown, The) (Django il bastardo)','amricain',1969,298,3,'665696886-4',60,4),(395,'Head Over Heels (De Pernas pro Ar)','autre',2010,714,3,'034193739-8',2,3),(396,'Saw VI','ukrainien',1994,933,4,'809623261-4',385,4),(397,'Kedma','allemand',2012,889,4,'146568194-9',167,4),(398,'Don\'t Go Breaking My Heart (Daan gyun naam yu)','russe',1992,716,3,'801489599-1',241,4),(399,'Ice Soldiers','allemand',1989,54,1,'437206246-X',232,1),(400,'Pit and the Pendulum, The','amricain',1993,948,4,'165902570-2',305,1),(401,'Larry Crowne','amricain',2009,736,2,'802189838-0',402,2),(402,'Diva','russe',2008,454,1,'479149449-0',216,3),(403,'Kate & Leopold','franais',2008,329,4,'663348098-9',16,3),(404,'Can\'t Hardly Wait','allemand',1989,924,3,'356273672-X',364,1),(405,'The Visitor','ukrainien',2006,59,3,'432022431-0',29,2),(406,'Thieves, The (Dodookdeul)','russe',2010,15,2,'728907783-0',480,2),(407,'Last Season, The','amricain',2009,520,4,'678265109-2',462,1),(408,'Mardock Scramble: The Second Combustion','espagnol',1936,139,2,'803781345-2',390,4),(409,'Who\'s Your Daddy?','russe',2002,141,1,'994664547-5',259,3),(410,'Good Ol\' Freda','ukrainien',1995,55,4,'686787382-0',111,1),(411,'William Kunstler: Disturbing the Universe','amricain',2012,9,4,'509610008-1',86,3),(412,'Haunter','amricain',2004,714,3,'990001306-9',57,2),(413,'King of California','russe',2003,575,4,'283899464-6',305,4),(414,'Dead Meat','espagnol',1996,881,1,'141534953-3',41,4),(415,'Veronika Voss (Sehnsucht der Veronika Voss, Die)','espagnol',2002,316,2,'364646868-8',13,3),(416,'Harum Scarum','russe',2011,254,4,'949415318-9',239,4),(417,'Making Plans for Lena (Non ma fille, tu n\'iras pas danser)','espagnol',2003,378,3,'850895975-3',76,3),(418,'Grease','ukrainien',2005,322,1,'399673314-3',16,2),(419,'Farewell to Matyora','espagnol',1993,593,4,'051297759-3',246,4),(420,'Mission: Impossible - Ghost Protocol','amricain',2004,306,4,'888913159-4',250,3),(421,'Asterix and the Big Fight (Astrix et le coup du menhir)','russe',2006,182,2,'582915093-X',206,4),(422,'Exit Through the Gift Shop','russe',1993,730,1,'868684180-5',238,1),(423,'Last Time, The','russe',1999,61,4,'840851318-4',198,2),(424,'Hitler\'s Madman','allemand',1905,339,4,'895164437-5',258,3),(425,'Making a Killing: The Untold Story of Psychotropic Drugging','allemand',2006,931,3,'075668937-6',27,4),(426,'Office Space','allemand',2004,433,1,'644531975-0',214,3),(427,'After...','espagnol',1998,970,1,'694986807-3',264,4),(428,'Cockfighter','espagnol',1997,398,3,'380280072-9',385,1),(429,'Dacii','allemand',2007,801,1,'791947041-2',289,3),(430,'Feast II: Sloppy Seconds','ukrainien',1989,909,4,'170838138-4',81,2),(431,'Never Forever','amricain',1987,699,3,'664630221-9',375,3),(432,'Supermensch: The Legend of Shep Gordon','espagnol',1993,717,4,'651823516-0',500,4),(433,'Fog of War: Eleven Lessons from the Life of Robert S. McNamara, The','russe',1930,391,3,'307060443-9',61,3),(434,'Girl Crazy','espagnol',1973,46,3,'996740397-7',91,1),(435,'Hysteria: The Def Leppard Story','russe',1932,420,4,'584194473-8',171,2),(436,'Boy Called Hate, A','allemand',1963,78,2,'066947955-1',383,2),(437,'Chloe','amricain',1997,580,1,'823798688-1',121,4),(438,'Othello (Tragedy of Othello: The Moor of Venice, The)','amricain',2005,536,2,'862170785-3',368,3),(439,'Breath, The (Nefes: Vatan sagolsun)','espagnol',2007,234,2,'520158717-8',376,3),(440,'Laaga Chunari Mein Daag: Journey of a Woman','amricain',1952,740,3,'401688572-8',387,1),(441,'The Wild Bunch: An Album in Montage','amricain',2003,60,1,'504205691-2',87,1),(442,'Trek Nation','espagnol',1994,184,3,'239270948-3',19,1),(443,'6 Desires: DH Lawrence and Sardinia','allemand',1971,197,1,'367223554-7',456,2),(444,'Intended, The','franais',2000,175,3,'688990655-1',177,3),(445,'Lawman','amricain',2010,2,4,'152361724-1',187,4),(446,'Anna Karenina','espagnol',2009,378,3,'856799886-7',132,4),(447,'Death Race 3: Inferno','amricain',1979,417,4,'527778450-0',408,2),(448,'Rage at Dawn','espagnol',2007,498,2,'333938661-7',273,3),(449,'Zift','allemand',1998,800,3,'041980271-1',319,1),(450,'Emigrants, The (Utvandrarna)','allemand',2004,310,3,'769046741-5',29,3),(451,'Lonely Passion of Judith Hearne, The','italien',1987,981,1,'170696119-7',342,1),(452,'Willy Wonka & the Chocolate Factory','amricain',2007,567,1,'824528083-6',431,1),(453,'Back In Action','amricain',1995,10,2,'608957998-X',330,2),(454,'I Belong (Som du ser meg)','ukrainien',2009,746,3,'603938950-8',404,2),(455,'I\'m Gonna Explode (a.k.a. I\'m Going to Explode) (Voy a explotar)','allemand',1993,720,2,'508482993-6',187,3),(456,'Love Letters','allemand',2003,199,4,'494451771-8',430,1),(457,'Susan Slept Here','amricain',1998,710,3,'758650252-8',171,3),(458,'Personal Effects','espagnol',2001,427,4,'245485692-1',400,3),(459,'Lust for Life','amricain',2001,387,3,'240314238-7',314,2),(460,'Awful Truth, The','franais',2009,417,1,'173220942-1',418,3),(461,'Avengers, The','amricain',1995,499,2,'219182477-3',103,1),(462,'While You Were Sleeping','espagnol',2006,796,4,'742195753-7',7,1),(463,'Good People','espagnol',1974,822,1,'109412303-X',172,1),(464,'In Bed (En la cama)','espagnol',2003,809,1,'056394509-5',226,2),(465,'Dark Wind, The','allemand',2005,163,1,'318468469-5',74,3),(466,'She Wouldn\'t Say Yes','franais',2006,741,1,'077480090-9',158,2),(467,'Cohen and Tate','russe',2003,505,1,'357851801-8',122,3),(468,'Rack, The','espagnol',2007,171,2,'591694484-5',129,2),(469,'Arabian Nights','russe',2007,684,3,'730387622-7',18,1),(470,'ABBA: The Movie','espagnol',2001,623,3,'915741615-X',313,4),(471,'Beauty and the Beast (Belle et la bte, La)','espagnol',2001,447,4,'562650349-8',402,3),(472,'Bastards (Les salauds)','russe',1997,599,1,'043744111-3',66,2),(473,'Basquiat','allemand',2002,538,3,'963197930-X',469,2),(474,'Fort Apache','franais',2009,555,4,'934489118-4',243,3),(475,'Talk of the Town, The','franais',1935,496,1,'212896073-8',254,4),(476,'Pretty Woman','amricain',1996,427,1,'678621446-0',329,1),(477,'Children of the Corn III','russe',1975,983,1,'766947984-1',231,4),(478,'Paradise Lost 3: Purgatory','franais',1988,433,3,'738576334-0',93,2),(479,'My Life in Orange (Sommer in Orange)','amricain',1928,530,4,'453522166-9',309,1),(480,'Dentist, The','amricain',1939,805,1,'482908925-3',175,1),(481,'Dishonored','franais',2003,444,4,'132528393-2',358,4),(482,'Entitled, The','russe',1998,43,1,'940311512-2',369,2),(483,'Astro Boy','russe',2002,524,1,'879165390-8',159,2),(484,'Out of the Blue','ukrainien',2008,665,4,'216600236-6',103,2),(485,'Strong Man, The','amricain',2000,105,2,'638026487-6',229,3),(486,'Noel','russe',2006,985,4,'270456042-0',249,1),(487,'Big Trouble','espagnol',1994,835,2,'401391028-4',214,3),(488,'Informant!, The','franais',2009,965,3,'933959993-4',480,2),(489,'Vital Signs','allemand',2006,530,1,'328308834-9',23,3),(490,'Masque of the Red Death, The','allemand',2011,430,4,'916624581-8',267,4),(491,'Husk','franais',2001,829,2,'885118623-5',307,4),(492,'Loose Change: Second Edition','russe',2002,757,2,'385657006-3',482,2),(493,'Assassination Games','franais',2009,199,4,'532998601-X',391,3),(494,'War Within, The','amricain',2011,410,2,'388229703-4',359,3),(495,'Crime Zone','ukrainien',2008,503,1,'470337118-9',255,1),(496,'Atomic Twister','espagnol',1958,482,4,'423383310-6',312,3),(497,'Wild Target','italien',1987,204,2,'539177719-4',16,4),(498,'Wise Blood','amricain',1987,363,1,'338601155-1',152,1),(499,'Chronicles of Narnia: The Voyage of the Dawn Treader, The','allemand',1991,786,4,'545425686-2',463,3),(500,'Knockin\' on Heaven\'s Door','espagnol',2007,43,4,'262486727-9',160,4),(501,'Alligator People, The','espagnol',1985,618,3,'023553650-4',240,2),(502,'Post Tenebras Lux','amricain',2008,860,1,'000150328-6',304,4),(503,'Torment (Hets)','allemand',2009,264,2,'801238224-5',468,4),(504,'Candleshoe','espagnol',2010,317,2,'408348638-4',298,4),(505,'Comes a Bright Day','russe',1987,986,4,'660655369-5',95,2),(506,'Who Killed Vincent Chin?','allemand',1988,933,3,'883966080-1',143,1),(507,'White Fang (Zanna Bianca)','allemand',1997,33,1,'603036469-3',113,3),(508,'The White Sister','russe',1977,531,3,'996869316-2',493,3),(509,'Billion Dollar Brain','russe',1995,20,1,'674703620-4',312,2),(510,'Inbetweeners 2, The','amricain',2000,73,2,'636242724-6',378,3),(511,'Night at the Roxbury, A','amricain',2012,243,4,'259234734-8',1,1),(512,'Aries Spears: Hollywood, Look I\'m Smiling','allemand',1924,379,4,'322153654-2',406,3),(513,'Yves Saint Laurent','allemand',2001,774,2,'299523589-0',34,3),(514,'Partners in Crime (Associs contre le crime...)','allemand',2006,634,3,'719048042-0',361,1),(515,'Formula 51','allemand',2008,728,2,'108191492-0',495,1),(516,'On Golden Pond','amricain',1966,472,3,'995893063-3',76,4),(517,'Street Thief','allemand',1986,663,1,'863485641-0',400,3),(518,'Ballad of Narayama, The (Narayama bushiko)','allemand',1993,816,4,'417520967-0',483,4),(519,'Divo, Il','russe',1996,560,2,'627820772-9',420,4),(520,'Four more years (Fyra r till)','espagnol',2011,332,4,'933038100-6',39,1),(521,'Inner Life of Martin Frost, The','russe',1926,96,4,'311351955-1',36,4),(522,'Joe Somebody','russe',1998,803,3,'599445563-6',276,3),(523,'Tropical Malady (Sud pralad)','italien',1997,144,3,'835893358-4',440,4),(524,'Black Mask (Hak hap)','russe',1992,484,4,'323570861-8',277,1),(525,'Sinbad: Legend of the Seven Seas','amricain',2005,461,1,'657513391-6',421,4),(526,'Secret Life of Walter Mitty, The','russe',2009,710,2,'141291072-2',415,4),(527,'Girl from Monday, The','ukrainien',2010,880,4,'314600132-2',114,1),(528,'Tavarataivas','allemand',2002,76,4,'035111413-0',36,2),(529,'Frankenstein\'s Army','espagnol',2001,797,2,'008237637-9',117,1),(530,'Blade of the Ripper','allemand',1956,457,4,'238635451-2',401,4),(531,'Score: A Hockey Musical','espagnol',2007,797,2,'570464082-6',7,1),(532,'Walking Dead, The','ukrainien',2010,780,4,'590979845-6',286,2),(533,'Intervista','ukrainien',1986,620,3,'329271205-X',100,4),(534,'Angel and the Badman','espagnol',1986,985,2,'475577211-7',63,2),(535,'Iron Giant, The','amricain',1992,113,1,'735105606-4',144,4),(536,'Dog Days (Hundstage)','russe',2006,796,4,'479058956-0',352,3),(537,'Beyond Enemy Lines (Framom frmsta linjen)','allemand',1982,80,4,'166559331-8',130,3),(538,'Focus','franais',2000,747,1,'572725662-3',214,1),(539,'Machine Gun McCain (Gli intoccabili)','espagnol',1994,35,2,'090862251-1',63,2),(540,'Royal Tenenbaums, The','espagnol',2018,130,4,'062048670-8',299,1),(541,'Raid on Rommel','franais',2001,633,4,'574107189-9',356,1),(542,'Tall Story','espagnol',2010,652,4,'840766668-8',398,2),(543,'Gold of Rome (L\'oro di Roma)','franais',1928,445,2,'038760695-5',83,4),(544,'Mademoiselle','espagnol',2004,547,4,'431139263-X',374,2),(545,'Paper Will Be Blue, The (Hrtia va fi albastr)','allemand',2009,275,4,'434566623-6',382,2),(546,'Hum Tumhare Hain Sanam','autre',1984,271,2,'381274318-3',53,3),(547,'My Blueberry Nights','espagnol',2006,162,3,'632964618-X',169,4),(548,'Sunday in the Country, A (Un dimanche  la campagne)','amricain',2012,845,1,'185745354-9',500,3),(549,'Eight Iron Men','espagnol',2006,812,2,'246326019-X',74,2),(550,'Aquamarine','franais',1991,851,2,'271033567-0',486,1),(551,'Gold Diggers of 1937','espagnol',2004,447,1,'853544933-7',62,4),(552,'Johnny Apollo','espagnol',2001,723,1,'696834556-0',273,3),(553,'Cold Water (Eau Froide, L\')','espagnol',1982,456,1,'231842767-4',374,3),(554,'Story of Mankind, The','amricain',1916,168,3,'075200666-5',375,4),(555,'The Return of Ringo','allemand',1977,731,3,'009877487-5',342,1),(556,'2 ou 3 choses que je sais d\'elle (2 or 3 Things I Know About Her)','amricain',2002,451,3,'840224506-4',48,1),(557,'Pet Sematary II','amricain',1996,496,3,'315453655-8',33,2),(558,'Moving Out','allemand',2008,86,1,'813893763-7',332,4),(559,'Chalte Chalte','ukrainien',1987,562,1,'100070285-5',191,2),(560,'Loose Cannons (Mine vaganti)','amricain',2007,364,4,'609494465-8',331,2),(561,'Attack of the Puppet People','amricain',1992,349,4,'549414348-1',316,1),(562,'Freaks','russe',1995,82,4,'497717551-4',315,1),(563,'High Heels and Low Lifes','amricain',2006,844,4,'059660381-9',208,2),(564,'Earthquake','russe',2020,307,1,'339952758-6',350,1),(565,'Fall of the House of Usher, The (chute de la maison Usher, La)','italien',2004,830,4,'893451060-9',357,2),(566,'Human Capital (Il capitale umano)','allemand',2006,979,1,'217651040-2',244,4),(567,'Parasites, Les','allemand',2001,334,4,'454735384-0',375,2),(568,'Black Fury','russe',2008,396,2,'048689781-8',89,3),(569,'Quai des Orfvres (Jenny Lamour)','allemand',2001,933,1,'146816294-2',430,3),(570,'Bad Luck Love','amricain',2009,807,2,'664490253-7',400,4),(571,'Last Run, The','ukrainien',1994,397,4,'025613451-0',406,4),(572,'The Land Before Time IX: Journey to the Big Water','allemand',2008,887,2,'641044038-3',180,4),(573,'Distinguished Gentleman, The','espagnol',2010,551,2,'410950125-3',1,1),(574,'Bustin\' Loose','russe',1973,325,2,'665890107-4',207,1),(575,'Saboteur','espagnol',1984,554,4,'776418633-3',46,3),(576,'Curious Case of Benjamin Button, The','franais',2004,474,4,'463839241-5',399,3),(577,'All the Rage (It\'s the Rage)','allemand',1986,899,3,'680647204-4',139,3),(578,'Two Night Stand','ukrainien',1906,432,3,'599229818-5',408,1),(579,'High School Musical','allemand',1955,919,3,'703356114-8',470,4),(580,'Waterloo Bridge','espagnol',2005,797,2,'680612991-9',173,3),(581,'So Long Letty','espagnol',1986,156,3,'847719408-4',214,4),(582,'Street People','franais',2005,562,2,'792787847-6',293,2),(583,'Lost Horizon','italien',1912,478,3,'329091735-5',385,4),(584,'Last Train Home','allemand',2009,127,2,'570567052-4',33,2),(585,'Stranger than Fiction','italien',1996,470,1,'925942301-5',81,2),(586,'Private Romeo','italien',2012,517,3,'847575666-2',23,1),(587,'On the Waterfront','russe',1984,843,2,'342182940-3',216,4),(588,'Resistance','italien',1996,948,1,'790407794-9',194,2),(589,'Love Affair','allemand',2004,939,3,'190692133-4',67,1),(590,'Serious Moonlight','espagnol',2009,424,3,'721513206-4',257,2),(591,'Dark Truth, A (Truth, The)','ukrainien',2010,172,3,'325288561-1',402,1),(592,'Rockers','allemand',2009,189,3,'563814417-X',179,4),(593,'Father Goose','franais',1996,592,3,'980582541-8',481,3),(594,'Thrust in Me','ukrainien',1999,521,3,'786081013-1',186,1),(595,'Thunder Soul','espagnol',1998,850,2,'936098324-1',262,4),(596,'Crimes of Fashion','allemand',1918,344,4,'370526274-2',33,3),(597,'Young Again','ukrainien',2007,52,4,'106704174-5',331,2),(598,'Lies (Gojitmal)','russe',1999,378,2,'966720773-0',54,1),(599,'Assault, The (Aanslag, De)','espagnol',1993,983,2,'856193048-9',131,2),(600,'Double Solitaire','amricain',2000,948,4,'769558678-1',363,1),(601,'Hasty Heart, The','espagnol',2011,917,1,'408044772-8',76,1),(602,'Wrong Box, The','amricain',2011,831,1,'589079303-9',14,1),(603,'Io Island (Iodo)','espagnol',1989,447,4,'412593024-4',347,4),(604,'Happy Ever Afters','allemand',1955,931,4,'691931461-4',162,1),(605,'Wife, The','italien',1997,358,3,'848644454-3',339,3),(606,'Man Vanishes, A (Ningen Johatsu)','allemand',2012,859,1,'122864446-2',397,1),(607,'Charlie Chan in Rio','espagnol',2003,825,3,'401993515-7',104,2),(608,'Alphabet','amricain',2007,87,1,'027729607-2',499,1),(609,'Family Game, The (Kazoku gmu)','espagnol',2003,734,1,'186631555-2',305,3),(610,'I Am Legend','espagnol',1998,199,2,'280487682-9',485,2),(611,'Respiro','allemand',2006,378,4,'245071787-0',92,4),(612,'Hustlers, The (Veijarit)','amricain',1999,430,4,'677057840-9',79,4),(613,'Born to Fight (Kerd ma lui)','autre',2004,332,1,'028884617-6',284,1),(614,'Black Gold','espagnol',2006,128,1,'719769387-X',400,3),(615,'DiG!','amricain',1986,148,1,'795672641-7',460,4),(616,'Safe Conduct (Laissez-Passer)','russe',1912,422,4,'784858383-X',229,1),(617,'Thunderpants','amricain',2001,961,2,'444248797-9',11,2),(618,'Hav Plenty','allemand',2008,137,2,'719603072-9',106,2),(619,'Phil Ochs: There But for Fortune','italien',2005,148,1,'159252970-4',144,2),(620,'It\'s Kind of a Funny Story','amricain',2012,749,4,'696960844-1',50,2),(621,'Fistful of Fingers, A','allemand',1945,547,2,'657801355-5',288,4),(622,'The First Men in the Moon','allemand',1969,203,4,'271406450-7',2,4),(623,'Regret to Inform','allemand',1985,347,1,'833730351-4',358,1),(624,'Balto','amricain',1988,483,2,'298421633-4',341,3),(625,'Business, The','espagnol',1985,481,2,'437176864-4',482,1),(626,'Dhobi Ghat','italien',2010,13,3,'290127420-X',317,3),(627,'Firelight','amricain',1989,727,4,'559571316-X',33,2),(628,'Stan Helsing','russe',2003,466,2,'488734198-9',392,1),(629,'Bullet Ballet','allemand',2006,651,2,'423808813-1',108,1),(630,'Yu-Gi-Oh!: Bonds Beyond Time (Gekijouban Yuugiou: Chouyuugou! Jikuu o koeta kizuna)','autre',2006,34,2,'242720313-0',299,3),(631,'Harvard Man','russe',2017,421,4,'398235584-2',470,3),(632,'Robots','franais',2010,242,3,'750513545-7',404,3),(633,'Hits','amricain',2006,685,2,'550328885-8',327,1),(634,'Safety Patrol','ukrainien',1998,225,1,'216533921-9',12,1),(635,'Vice','russe',2004,791,1,'331436216-1',398,4),(636,'Shattered','franais',2005,534,4,'303459504-2',433,2),(637,'Vampire in Brooklyn','ukrainien',2012,467,2,'852266788-8',159,1),(638,'Dragonball Evolution','franais',1963,991,2,'458453976-6',150,3),(639,'Dead End','franais',2007,580,2,'383137781-2',236,2),(640,'Die Another Day','espagnol',2006,122,3,'821792318-3',132,4),(641,'Sahara','russe',2000,396,4,'088897844-8',260,1),(642,'Home on the Range','allemand',1972,323,4,'280323841-1',68,2),(643,'Dead Heat on a Merry-Go-Round','ukrainien',1912,758,3,'371852080-X',455,3),(644,'Baby-Sitters Club, The','amricain',2008,284,2,'199391876-0',438,3),(645,'Paper Chase, The','ukrainien',2009,383,2,'819357359-5',143,3),(646,'The Cop in Blue Jeans','amricain',1992,373,4,'675154312-3',341,4),(647,'Antonia\'s Line (Antonia)','russe',1996,199,3,'432021543-5',247,1),(648,'Chef in Love, A (Shekvarebuli kulinaris ataserti retsepti)','amricain',1986,451,1,'459375173-X',53,2),(649,'Bill & Ted\'s Bogus Journey','italien',2008,934,3,'386663392-0',217,4),(650,'Soviet Story, The','allemand',1990,945,4,'088543136-7',240,3),(651,'Ay, Carmela! (Ay, Carmela!)','italien',2001,660,1,'600360873-0',378,3),(652,'Grudge Match','espagnol',2012,329,3,'304277678-6',63,1),(653,'Alter Egos','allemand',2010,969,2,'514306220-9',495,2),(654,'Seventh Horse of the Sun  (Suraj Ka Satvan Ghoda)','allemand',2004,145,4,'853727592-1',7,1),(655,'City of Sadness, A (Bei qing cheng shi)','russe',1929,713,1,'894504949-5',233,2),(656,'Little Monsters','franais',2012,692,3,'216465673-3',162,3),(657,'Hangman\'s House','italien',1997,809,2,'811532570-8',94,1),(658,'Wrong Arm of the Law, The','franais',2006,848,3,'207440321-6',322,2),(659,'This Gun for Hire','italien',2010,714,3,'705373044-1',88,3),(660,'Rosemary\'s Baby','espagnol',1998,637,3,'497592228-2',499,3),(661,'Pennies from Heaven','allemand',2008,430,3,'395376570-1',93,2),(662,'Hotte in Paradise (Hotte im Paradies)','russe',2011,775,4,'614062940-3',27,3),(663,'Rudy','russe',2004,380,1,'830511621-2',466,3),(664,'Panther','espagnol',2006,664,3,'470640612-9',108,2),(665,'Firelight','russe',2004,46,4,'107942751-1',52,2),(666,'Zatoichi at Large (Zatichi goy-tabi) (Zatichi 23)','allemand',1993,998,2,'532218045-1',481,4),(667,'Dragon Ball Z the Movie: The World\'s Strongest (a.k.a. Dragon Ball Z: The Strongest Guy in The World) (Doragon bru Z: Kono yo de ichiban tsuyoi yatsu)','franais',2010,718,1,'426618600-2',471,4),(668,'King Is Dancing, The (Le roi danse)','amricain',1994,323,3,'386352369-5',341,1),(669,'Not Another Teen Movie','espagnol',1908,518,1,'365619468-8',291,4),(670,'Last Picture Show, The','espagnol',1995,65,2,'953992966-0',177,1),(671,'Barefoot','allemand',1996,353,2,'313404937-6',244,1),(672,'Hot Lead and Cold Feet','espagnol',2011,530,1,'450116123-X',197,3),(673,'Blondie of the Follies','russe',1995,666,4,'013225733-5',171,3),(674,'Greatest, The','amricain',1996,64,2,'154293772-8',49,3),(675,'Chant of Jimmy Blacksmith, The','allemand',1994,491,2,'530703732-5',494,4),(676,'Jarhead 2: Field of Fire','allemand',1995,214,1,'702433455-X',340,2),(677,'Abouna','autre',2013,156,2,'108334730-6',137,1),(678,'Johnny Dangerously','amricain',1998,839,3,'841060920-7',358,4),(679,'Bedlam','russe',2012,89,4,'030796395-0',177,4),(680,'Believer, The','russe',1992,324,1,'376430339-5',186,3),(681,'Li\'l Quinquin','ukrainien',1988,127,2,'018777220-7',332,4),(682,'The Joy of Living','allemand',1996,241,2,'900332747-5',185,1),(683,'Tarzan','amricain',1976,945,3,'465251530-8',55,1),(684,'Awakening, The','amricain',2008,510,4,'197579487-7',242,2),(685,'Big Shots','amricain',2011,452,1,'578425759-5',464,3),(686,'Air Raid Wardens','allemand',1993,940,3,'744326710-X',241,1),(687,'Devil Is a Woman, The','italien',2013,369,1,'810247647-8',140,1),(688,'Charlie\'s Country','allemand',1994,615,4,'735463959-1',289,4),(689,'Melissa P.','amricain',1994,369,2,'773858702-4',364,1),(690,'Camouflage (Barwy ochronne)','ukrainien',2010,662,2,'556924063-2',17,1),(691,'Day Without a Mexican, A','allemand',1992,659,3,'041765485-5',109,4),(692,'Beast Must Die, The','autre',1960,739,3,'253474174-8',282,3),(693,'Girls About Town','amricain',1988,227,4,'486831169-7',126,4),(694,'Attila Marcel','espagnol',2012,344,4,'236795399-6',320,4),(695,'Jackass Presents: Bad Grandpa .5','russe',2012,944,2,'298074239-2',457,1),(696,'Hi-Life','amricain',1908,666,2,'337101263-8',123,3),(697,'No Blade of Grass','italien',2001,100,4,'132197653-4',42,2),(698,'Race','franais',1905,639,4,'366496663-5',370,2),(699,'Moving McAllister','amricain',2005,204,2,'258064516-0',248,4),(700,'Paris Trout','espagnol',1998,697,2,'350262577-8',451,2),(701,'Breaktime, The (Zang-e Tafrih) (Recess)','espagnol',1986,170,4,'947058669-7',500,3),(702,'Take Her, She\'s Mine','russe',1998,364,3,'327469137-2',430,3),(703,'C\'mon Man','amricain',2010,833,4,'310581746-8',190,2),(704,'In the Winter Dark','espagnol',1997,347,1,'608847134-4',137,4),(705,'My Sons (Musuko)','russe',2002,433,2,'201765796-4',180,2),(706,'Macbeth','ukrainien',2012,584,1,'481618970-X',93,3),(707,'I Start Counting','allemand',2013,995,1,'899653514-1',165,2),(708,'Tenebre','allemand',2021,490,1,'682066717-5',167,2),(709,'Berlin Alexanderplatz','espagnol',2012,862,1,'142512270-1',481,4),(710,'Notorious Bettie Page, The','espagnol',1995,521,1,'782317536-3',325,1),(711,'White Oleander','ukrainien',2004,52,1,'596834993-X',204,3),(712,'My Dinner with Andr','allemand',2006,533,2,'591232714-0',211,4),(713,'RoboCop 2','russe',2001,832,4,'648699845-8',462,1),(714,'Gods and Generals','franais',1935,306,4,'054343334-X',183,3),(715,'Outsider','russe',2011,408,3,'277803181-2',442,3),(716,'Song of Bernadette, The','amricain',1999,353,1,'469426924-0',234,4),(717,'Two Moon Junction','espagnol',2006,34,4,'709493013-5',202,3),(718,'The Little Fox','amricain',1962,691,3,'904495402-4',437,2),(719,'Mystery (Fu cheng mi shi)','allemand',2011,931,4,'384854762-7',120,3),(720,'Crazy/Beautiful','allemand',2007,150,1,'006134829-5',303,2),(721,'Vampire Bat, The','allemand',2008,271,4,'279143609-X',83,4),(722,'New Rulers of the World, The','amricain',2009,936,1,'286959739-8',108,4),(723,'King Kong','allemand',2016,505,4,'922523729-4',46,3),(724,'Stuart Little 2','amricain',1965,505,3,'145963634-1',394,4),(725,'Idiot\'s Delight','allemand',1925,391,2,'106305417-6',157,1),(726,'Mouth to Mouth','espagnol',1922,476,1,'639247627-X',125,4),(727,'Blind Shaft (Mang jing)','ukrainien',2008,974,4,'760891005-4',420,1),(728,'Marley & Me','allemand',2005,923,4,'833214732-8',327,4),(729,'Angels in the Outfield','allemand',2008,591,1,'183202185-8',489,1),(730,'Wyatt Earp\'s Revenge','espagnol',2007,201,4,'727157233-3',26,2),(731,'Sabotage','amricain',1998,443,1,'265429225-8',142,4),(732,'South, The (Sur, El)','allemand',2003,281,3,'771107349-6',122,3),(733,'I Love You Phillip Morris','franais',1965,652,3,'926698920-7',490,2),(734,'Four Sahibjade','amricain',1936,564,3,'806979147-0',433,1),(735,'What Women Want','espagnol',2008,347,4,'727347593-9',35,3),(736,'Clouds of Sils Maria','allemand',2010,947,3,'480468471-9',293,2),(737,'Trapped in the Closet: Chapters 23-33','amricain',2004,753,1,'867458301-6',95,2),(738,'Scott Pilgrim vs. the World','amricain',2012,170,2,'885095280-5',304,3),(739,'Smell of Camphor, Fragrance of Jasmine (Booye kafoor, atre yas)','amricain',2009,969,2,'556101980-5',137,4),(740,'Hobbit: An Unexpected Journey, The','allemand',2016,726,2,'360288623-9',391,3),(741,'Amreeka','russe',2010,489,1,'967177106-8',117,1),(742,'Mail Order Bride','allemand',2002,425,3,'331582936-5',313,4),(743,'Mangler, The','allemand',2008,758,4,'726713274-X',68,2),(744,'Werewolf of London','amricain',1996,456,3,'637836816-3',276,1),(745,'Night of the Shooting Stars (Notte di San Lorenzo, La)','russe',1995,151,3,'367845625-1',411,4),(746,'Who Do I Gotta Kill?','espagnol',2001,39,1,'249383466-6',19,1),(747,'Match, The','allemand',1996,51,1,'091789791-9',195,3),(748,'Tomb of Ligeia, The','russe',2004,628,4,'425193134-3',165,4),(749,'Banger Sisters, The','amricain',1952,183,3,'310675503-2',432,2),(750,'Doctor and the Devils, The','amricain',1995,326,1,'730999603-8',80,3),(751,'Seeking Justice','ukrainien',1966,636,1,'280684440-1',366,2),(752,'Affair to Remember, An','allemand',2010,657,1,'019957532-0',186,1),(753,'Secret, The','espagnol',1995,181,1,'988518103-2',189,3),(754,'Ciao Bella','allemand',1992,630,2,'872252936-5',300,1),(755,'That\'s My Boy','allemand',1971,652,3,'578151257-8',294,2),(756,'Seyyit Khan: Bride of the Earth (Seyyit Han)','russe',1995,260,3,'637005394-5',93,2),(757,'Maybe, Maybe Not (Bewegte Mann, Der)','allemand',1994,537,3,'850009043-X',394,2),(758,'Samurai Rebellion (Ji-uchi: Hairy tsuma shimatsu)','russe',2010,723,3,'993839378-0',47,1),(759,'Question of Silence, A (De stilte rond Christine M.)','franais',1978,340,3,'162215818-0',58,4),(760,'Hell Ride','espagnol',2007,41,2,'234184744-7',109,4),(761,'Wind and the Lion, The','franais',1991,757,4,'164003044-1',420,2),(762,'Csar','ukrainien',1995,11,4,'141987855-7',399,2),(763,'Land Before Time III: The Time of the Great Giving','russe',2007,950,1,'625515912-4',194,4),(764,'Shanghai Noon','amricain',1993,164,2,'691846213-X',292,4),(765,'Walking Tall','espagnol',1987,630,4,'170380738-3',493,4),(766,'Brother, Can You Spare a Dime?','ukrainien',1996,662,4,'534956646-6',223,3),(767,'Masti','russe',2012,880,3,'809318547-X',166,4),(768,'Brothers (Veljekset)','allemand',1955,135,3,'961792057-3',8,3),(769,'Primary','amricain',1940,98,2,'973909614-X',322,3),(770,'Flintstones in Viva Rock Vegas, The','allemand',1987,976,3,'824659202-5',268,4),(771,'Nun, The (La religieuse)','allemand',1995,916,2,'270453081-5',349,4),(772,'Mr. Wonderful','amricain',2000,658,4,'562488340-4',178,2),(773,'Saving Private Ryan','ukrainien',1938,1,3,'046924204-3',439,3),(774,'Xtro 3: Watch the Skies','amricain',1999,41,2,'731988729-0',158,1),(775,'Expendables, The','russe',2005,470,3,'090123535-0',344,3),(776,'Blue City','russe',2008,688,1,'397074980-8',59,2),(777,'War of the Worlds','russe',2010,530,1,'074295788-8',441,2),(778,'This Is Where I Leave You','allemand',2007,479,1,'898582484-8',267,2),(779,'Genealogies of a Crime (Gnalogies d\'un crime)','allemand',2008,726,1,'924785126-2',374,4),(780,'If It\'s Tuesday, This Must Be Belgium','amricain',2010,113,4,'996302643-5',81,3),(781,'Tora-san Our Lovable Tramp (Otoko wa tsurai yo)','ukrainien',1999,168,4,'193339267-3',440,1),(782,'Bohemian Life, The (La vie de bohme)','espagnol',1998,126,1,'219242791-3',205,3),(783,'Edvard Munch','franais',2003,276,1,'176696247-5',101,3),(784,'Big Bad Wolf','russe',1969,246,1,'499543806-8',332,3),(785,'The Heavy','franais',1996,172,4,'846608470-3',485,2),(786,'Tamara Drewe','italien',2000,279,1,'154476137-6',414,2),(787,'Sleepless in Seattle','amricain',1988,108,2,'060345591-3',210,1),(788,'Sun Don\'t Shine','ukrainien',1989,94,4,'362050361-3',180,2),(789,'The Magic Flute','amricain',1993,727,2,'106856611-6',425,1),(790,'Club Sandwich','russe',2011,306,2,'659232430-9',421,3),(791,'What We Did on Our Holiday','ukrainien',1994,659,3,'538465339-6',299,3),(792,'Nasty Old People','espagnol',2006,231,2,'379054890-1',158,3),(793,'Othello','russe',2005,960,4,'121804180-3',164,4),(794,'Like Water','espagnol',2004,360,3,'743284554-9',445,3),(795,'Perfect Family, The','allemand',2003,254,2,'352911710-2',308,2),(796,'Walt & El Grupo','amricain',1997,680,1,'868387109-6',179,2),(797,'And Life Goes On (a.k.a. Life and Nothing More) (Zendegi va digar hich)','russe',2007,28,4,'695528971-3',435,4),(798,'Mr. Moto in Danger Island','allemand',1969,68,2,'671587210-4',398,2),(799,'Black Rainbow','russe',2010,351,2,'834016658-1',484,2),(800,'6 Souls (Shelter)','amricain',2010,559,4,'831341841-9',34,1),(801,'High Spirits','russe',2010,108,3,'257138757-X',379,1),(802,'Formula, The','ukrainien',1933,191,1,'308040788-1',279,2),(803,'I Saw the Sun (Gnesi grdm)','ukrainien',2002,833,4,'628563525-0',499,2),(804,'Thank You, Mr. Moto','amricain',1999,599,2,'530062159-5',361,1),(805,'Faster Pussycat! Kill! Kill!','allemand',2009,143,2,'875923498-9',224,2),(806,'Asterix vs. Caesar (Astrix et la surprise de Csar)','allemand',1987,125,1,'937143087-7',230,2),(807,'Good Ol\' Freda','russe',2006,944,3,'193786055-8',305,1),(808,'Underground: The Julian Assange Story','espagnol',1994,387,2,'664220025-X',274,2),(809,'North & South','autre',2012,855,3,'171549631-0',312,4),(810,'Garden, The','franais',2001,640,3,'442842451-5',244,3),(811,'Wonderland','franais',2004,906,3,'311791156-1',376,3),(812,'An Amazing Couple','franais',1999,303,4,'423291218-5',173,4),(813,'Slave Ship','allemand',2005,190,3,'091510823-2',480,1),(814,'Gates of Heaven','russe',2008,439,1,'193430628-2',354,4),(815,'Snapshot','russe',1985,217,3,'585490409-8',345,2),(816,'Sirocco','franais',2007,343,3,'473047678-6',291,4),(817,'The Big Flame','italien',1997,71,1,'043292606-2',83,4),(818,'Testament','ukrainien',2012,149,4,'327303865-9',227,1),(819,'Wild and Wonderful Whites of West Virginia, The','espagnol',1978,835,1,'899947443-7',226,3),(820,'Tokyo Twilight (Tky boshoku)','espagnol',1992,973,3,'157998190-9',121,3),(821,'Coming Home','espagnol',2012,794,1,'600918403-7',457,2),(822,'Absent (Ausente)','allemand',1987,740,3,'346817032-7',156,1),(823,'A Smoky Mountain Christmas','ukrainien',1991,923,1,'669202235-5',118,1),(824,'Dead of Winter','franais',2008,592,1,'039280753-X',329,2),(825,'Golem, The (Golem, wie er in die Welt kam, Der)','franais',1995,916,3,'438393478-1',260,4),(826,'Coming Down the Mountain','russe',2003,197,1,'249895318-3',206,1),(827,'Het Vonnis','russe',1978,159,4,'900017514-3',133,2),(828,'Duck, You Sucker (a.k.a. Fistful of Dynamite, A) (Gi la testa)','amricain',2001,732,3,'519038660-0',469,3),(829,'Right America: Feeling Wronged - Some Voices from the Campaign Trail ','allemand',1997,605,1,'435180178-6',413,2),(830,'Thief and the Cobbler, The (a.k.a. Arabian Knight)','amricain',2012,595,3,'178266941-8',347,4),(831,'Tales That Witness Madness','allemand',2007,379,2,'578345530-X',92,4),(832,'SuperBabies: Baby Geniuses 2','allemand',2004,175,1,'806638820-9',187,4),(833,'Tukkijoella','ukrainien',1989,791,3,'115194117-4',190,1),(834,'War Comes to America (Why We Fight, 7)','espagnol',2009,910,3,'435040825-8',257,4),(835,'Inspector General, The','russe',2007,390,1,'313065598-0',36,3),(836,'Ruling Class, The','italien',2007,386,4,'087541264-5',391,1),(837,'North Dallas Forty','allemand',1949,294,1,'361844289-0',363,2),(838,'Desperation','franais',2007,847,3,'593706315-5',68,4),(839,'Gaslight','amricain',2002,332,1,'837466272-7',146,1),(840,'My Boyfriends\' Dogs','allemand',2000,492,2,'776537838-4',201,4),(841,'Turner & Hooch','franais',2006,877,3,'328910297-1',36,1),(842,'In Harm\'s Way','franais',1985,411,4,'699971900-4',18,1),(843,'Kingdom II, The (Riget II)','russe',1992,522,1,'342762544-3',355,2),(844,'The Green Prince','allemand',2011,896,2,'457003045-9',85,1),(845,'Knights of the Round Table','allemand',1999,800,2,'002218074-5',270,3),(846,'Planet B-Boy','allemand',1984,244,2,'952165177-6',498,4),(847,'Open Hearts (Elsker dig for evigt)','amricain',1993,660,3,'792079189-8',244,1),(848,'My Neighbor Totoro (Tonari no Totoro)','amricain',2007,228,4,'904362679-1',456,4),(849,'Art of War III: Retribution, The','franais',1999,623,4,'480238041-0',311,1),(850,'Just Ask My Children','espagnol',2007,592,4,'409923974-8',31,2),(851,'Night Crossing','amricain',2003,555,1,'302996354-3',416,1),(852,'Thomasine & Bushrod','allemand',2010,459,3,'522238614-7',388,3),(853,'Saphead, The','espagnol',1992,734,3,'027437151-0',261,1),(854,'River Why, The','espagnol',2007,893,4,'666554394-3',72,4),(855,'Merry Widow, The','russe',1995,765,2,'242279366-5',303,4),(856,'Hound of the Baskervilles, The','franais',1977,221,3,'128757353-3',282,2),(857,'Federal Hill','espagnol',1988,272,3,'097163975-2',87,3),(858,'Terminator, The','espagnol',1998,10,2,'444423079-7',286,1),(859,'Sex and the Single Girl','espagnol',1913,393,4,'125516551-0',411,3),(860,'Undiscovered','amricain',1994,421,2,'432152977-8',377,1),(861,'Shadow Kill','franais',1994,2,2,'931280283-6',475,2),(862,'Congress, The','allemand',1993,63,2,'407627926-3',108,3),(863,'Snake River Desperadoes','russe',1939,597,2,'870710503-7',147,2),(864,'Mother Ksters Goes to Heaven (Mutter Ksters\' Fahrt zum Himmel)','amricain',1993,16,2,'505029301-4',284,3),(865,'Fantasy Mission Force (Mi ni te gong dui)','allemand',1936,466,1,'315111348-6',86,1),(866,'My Darling Clementine','amricain',2009,629,4,'642258243-9',484,4),(867,'Don McKay','amricain',1994,303,4,'497734694-7',105,4),(868,'5 Broken Cameras','amricain',1964,995,3,'667262468-6',395,2),(869,'Dead Man\'s Walk','italien',1988,391,1,'661943466-5',62,2),(870,'Children of Nature (Brn nttrunnar)','italien',1986,252,3,'651897185-1',320,4),(871,'X-Files: Fight the Future, The','allemand',2009,74,3,'443708271-0',55,4),(872,'Three (Tri)','amricain',1976,650,3,'175705855-9',330,4),(873,'Fat People (Gordos)','allemand',2001,761,2,'034178170-3',155,1),(874,'Crow, The: Wicked Prayer','espagnol',1990,563,2,'894372885-9',495,2),(875,'Home Page','allemand',1992,309,2,'791511118-3',116,4),(876,'Silence, The (Das letzte Schweigen)','espagnol',1905,932,4,'007225396-7',132,3),(877,'Hellraiser: Deader','franais',1985,29,3,'734713489-7',344,2),(878,'Unforgettable Summer, An (Un t inoubliable)','amricain',2001,400,3,'581174289-4',22,4),(879,'End of the Game (Der Richter und sein Henker)','allemand',2012,847,1,'645932858-7',351,4),(880,'Peanuts - Die Bank zahlt alles','espagnol',2000,307,1,'929626687-4',486,3),(881,'Death Takes a Holiday','russe',2008,155,3,'023047695-3',208,2),(882,'Caveman','espagnol',2007,72,3,'680737388-0',366,2),(883,'Sound of Insects, The','amricain',1907,137,4,'461648995-5',77,3),(884,'Six Days','espagnol',2010,810,2,'078253230-6',364,1),(885,'Good Guys and the Bad Guys, The','ukrainien',1985,558,4,'499060707-4',232,4),(886,'Cannibal Holocaust','amricain',1992,745,4,'123967226-8',264,1),(887,'Beat the Devil','ukrainien',1988,182,2,'113611852-7',103,4),(888,'Cat Concerto, The','franais',1966,733,2,'974995324-X',467,2),(889,'Living on One Dollar','russe',2007,462,3,'833188044-7',377,4),(890,'North','russe',1921,460,4,'042511642-5',473,1),(891,'Radiohead: Meeting People Is Easy','amricain',2000,928,1,'350337842-1',331,2),(892,'Public Woman, The (Femme publique, La)','ukrainien',1983,971,1,'227060827-5',422,4),(893,'Maryam','amricain',1993,250,1,'708417302-1',438,3),(894,'Time Machine, The','italien',2006,484,3,'668062083-X',116,2),(895,'Crossroads','espagnol',2011,432,1,'642631312-2',203,1),(896,'Skyfall','franais',2011,903,3,'507246459-8',339,4),(897,'Kamchatka','allemand',2007,255,3,'595095458-0',414,2),(898,'Twonky, The','amricain',1959,78,4,'269988247-X',351,4),(899,'Yanks','franais',2002,139,3,'577539947-1',298,2),(900,'Flow: For Love of Water','espagnol',2012,661,1,'501760775-7',100,2),(901,'Emigrants, The (Utvandrarna)','ukrainien',2011,469,4,'091809823-8',472,2),(902,'Hackers','amricain',1994,788,4,'611376919-4',312,3),(903,'Tales of the Grim Sleeper','franais',1993,137,4,'044133419-9',272,2),(904,'Promises','russe',2005,406,2,'747084248-9',331,3),(905,'The Voices','espagnol',1988,986,2,'846844165-1',475,1),(906,'Swan and the Wanderer, The (Kulkuri ja joutsen)','franais',1993,23,4,'326074977-2',354,2),(907,'Terminal Man, The','amricain',1992,588,2,'110200773-0',391,1),(908,'My Favorite Martian','amricain',1991,545,3,'268747286-7',138,4),(909,'Marksman, The','franais',1999,590,4,'649198722-1',34,4),(910,'Woman In Berlin, A (Anonyma - Eine Frau in Berlin)','franais',2006,601,2,'959389997-9',267,4),(911,'Eight Days a Week','italien',1997,238,3,'179443728-2',453,1),(912,'Buck Privates','autre',1993,402,4,'702065314-6',108,3),(913,'Around the World','allemand',1999,302,1,'514167678-1',210,1),(914,'Paleface, The','ukrainien',2001,235,1,'963019159-8',82,1),(915,'Graduate, The','amricain',1994,845,1,'810644089-3',254,3),(916,'I Shot a Man in Vegas','allemand',2004,479,3,'450666504-X',405,3),(917,'Visions of Europe','ukrainien',2008,846,4,'205069160-2',399,3),(918,'Dinosaur 13','ukrainien',1993,443,4,'525237840-1',406,1),(919,'Where the Rivers Flow North','allemand',2002,171,1,'840896764-9',69,2),(920,'Card Player, The (Il cartaio)','russe',2001,47,2,'338781997-8',313,3),(921,'10 MPH','russe',1961,285,3,'271894465-X',230,4),(922,'Luca, Luca (Hija del canbal, La)','ukrainien',1918,670,3,'219123713-4',391,4),(923,'High Heels and Low Lifes','amricain',2000,553,4,'016727482-1',434,4),(924,'Girasoli, I (Sunflower)','espagnol',2010,907,2,'146169562-7',312,2),(925,'Where Do We Go Now?','franais',2012,831,1,'382375044-5',270,1),(926,'American Raspberry (Prime Time) (Funny America)','amricain',2009,201,4,'924473859-7',201,2),(927,'The Orkly Kid','ukrainien',1972,336,1,'853587758-4',305,2),(928,'Stardust','russe',2008,576,4,'634916890-9',383,2),(929,'Dragon (Wu Xia)','espagnol',1993,712,3,'908467082-5',218,3),(930,'Part of the Weekend Never Dies','ukrainien',1997,200,1,'895382179-7',292,1),(931,'DOA: Dead or Alive','amricain',2007,198,3,'911826747-5',295,2),(932,'Nixon','espagnol',1962,23,3,'334996176-2',120,2),(933,'Battle for Brooklyn','italien',2005,300,3,'129433154-X',17,4),(934,'Last Laugh, The (Letzte Mann, Der)','allemand',1994,14,2,'373083015-5',349,1),(935,'Midnight Crossing','amricain',2002,502,2,'958546922-7',58,3),(936,'Grayeagle','espagnol',1994,390,2,'519805650-2',435,3),(937,'English Surgeon, The','allemand',1994,107,4,'126143846-9',180,2),(938,'Mulholland Falls','franais',1940,4,3,'753635475-4',492,4),(939,'Black Snake Moan','espagnol',2005,903,1,'730499167-4',157,4),(940,'Funny Man, A (Dirch)','franais',1941,55,2,'690946067-7',441,1),(941,'Neo Ned','allemand',2008,639,4,'592069870-5',383,1),(942,'Little Nemo: Adventures in Slumberland','amricain',1984,801,1,'361504518-1',204,4),(943,'Brenda Starr','amricain',2011,580,2,'525330007-4',418,2),(944,'Ghoul, The','russe',2005,27,2,'622114517-1',225,1),(945,'Life is a Bed of Roses (Vie est un roman, La)','amricain',1954,295,1,'547429631-2',173,1),(946,'Bte humaine, La','russe',2012,731,1,'680404785-0',183,1),(947,'Married Life','espagnol',1999,121,1,'511752346-6',106,4),(948,'Lunopolis','allemand',2007,981,1,'997299992-0',29,2),(949,'Kimberly','franais',1917,372,1,'088607119-4',454,2),(950,'United States of Secrets (Part One): The Program','allemand',1966,717,2,'703272963-0',303,4),(951,'Butterfly on a Wheel (Shattered)','ukrainien',2004,270,1,'490966336-3',85,1),(952,'Foreign Correspondent','espagnol',2010,431,3,'946053609-3',25,3),(953,'Angels in the Outfield','italien',1948,597,4,'890194338-7',153,1),(954,'Day a Pig Fell Into the Well, The (Daijiga umule pajinnal)','allemand',2008,973,1,'593213969-2',271,2),(955,'Suburban Gothic','italien',1965,564,1,'069747736-3',122,2),(956,'Young Guns II','allemand',2011,372,4,'586725451-8',230,2),(957,'Akeelah and the Bee','ukrainien',1986,435,1,'865344134-4',127,1),(958,'Four Stories of St. Julian ','franais',1962,567,2,'617529785-7',274,4),(959,'Spring Breakers','amricain',2006,545,2,'399711466-8',352,4),(960,'Pendulum','autre',2005,678,3,'414666146-3',219,1),(961,'James and the Giant Peach','espagnol',1997,262,4,'737572071-1',362,3),(962,'Jack the Ripper','amricain',2012,233,4,'098394628-0',25,4),(963,'Raven, The','franais',2010,766,3,'675258171-1',322,2),(964,'Square, The (Al Midan)','franais',2003,674,1,'781067770-5',90,4),(965,'Kitchen Party','franais',1994,426,3,'704123108-9',416,3),(966,'Retroactive','amricain',2014,42,2,'081552035-2',444,2),(967,'Army of Shadows (L\'arme des ombres)','amricain',1993,179,4,'578418567-5',290,3),(968,'Hot Rods to Hell','italien',1920,14,4,'844672537-1',352,4),(969,'Love Loves Coincidences','espagnol',1902,224,1,'059880025-5',69,4),(970,'Battle of Britain, The (Why We Fight, 4)','ukrainien',2011,89,2,'540476581-X',220,4),(971,'Trust the Man','amricain',1989,109,3,'949989040-8',396,2),(972,'Two Hands','espagnol',2008,48,2,'705595055-4',162,2),(973,'Prozac Nation','espagnol',2008,612,1,'634846000-2',303,2),(974,'Downhill','ukrainien',1974,874,1,'969158456-5',420,2),(975,'In the Mood For Love (Fa yeung nin wa)','russe',1998,488,3,'634976087-5',56,3),(976,'Shrek the Third','russe',1996,697,1,'489607043-7',497,2),(977,'Purge (Puhdistus)','russe',1999,102,3,'110907062-4',166,4),(978,'Allegheny Uprising','allemand',1967,113,2,'512942616-9',302,3),(979,'Blue','allemand',2007,754,3,'952757397-1',6,3),(980,'Kids','ukrainien',1996,930,1,'078073295-2',494,3),(981,'Cry, The (Grido, Il)','ukrainien',1991,675,3,'457260130-5',430,1),(982,'Devil in a Blue Dress','amricain',2012,339,4,'142246976-X',475,1),(983,'Black or White','russe',1991,327,4,'283523143-9',84,1),(984,'Pornography (Pornografia)','franais',2021,330,2,'660083383-1',401,3),(985,'Albatross','allemand',1993,409,4,'829555694-0',332,3),(986,'Equilibrium','ukrainien',1915,274,2,'968275170-5',427,1),(987,'Csar','espagnol',1993,810,2,'036539383-5',306,1),(988,'Funny Bones','amricain',2009,806,2,'079855977-2',400,1),(989,'Our Music (Notre musique)','allemand',2013,689,1,'944198623-2',176,4),(990,'Knight\'s Tale, A','espagnol',1992,561,1,'228710604-9',496,2),(991,'Fierce Light: When Spirit Meets Action','allemand',2006,946,1,'749893386-1',44,1),(992,'Bionicle: The Legend Reborn','russe',1985,593,3,'599047567-5',345,2),(993,'Emmanuel\'s Gift','amricain',2010,40,4,'415035706-4',446,4),(994,'White Bird in a Blizzard','russe',2009,752,3,'252460524-8',380,4),(995,'Even Angels Eat Beans','allemand',2011,915,1,'231392491-2',57,2),(996,'Haunting of Molly Hartley, The','russe',1981,567,2,'869276209-1',135,3),(997,'Bringing Out the Dead','franais',2006,211,3,'172454573-6',372,3),(998,'Holy Matrimony','russe',2009,672,4,'665655695-7',422,4),(999,'Lesbian Vampire Killers','italien',2004,549,3,'615775103-7',362,4),(1000,'Johnny Mad Dog','russe',2015,486,2,'518136560-4',52,4);
/*!40000 ALTER TABLE `livre` ENABLE KEYS */;
UNLOCK TABLES;

--
-- Table structure for table `theme`
--

DROP TABLE IF EXISTS `theme`;
/*!40101 SET @saved_cs_client     = @@character_set_client */;
/*!40101 SET character_set_client = utf8 */;
CREATE TABLE `theme` (
  `id` int(11) NOT NULL AUTO_INCREMENT,
  `theme` varchar(50) NOT NULL,
  PRIMARY KEY (`id`)
) ENGINE=InnoDB AUTO_INCREMENT=6 DEFAULT CHARSET=utf8mb4 COLLATE=utf8mb4_general_ci;
/*!40101 SET character_set_client = @saved_cs_client */;

--
-- Dumping data for table `theme`
--

LOCK TABLES `theme` WRITE;
/*!40000 ALTER TABLE `theme` DISABLE KEYS */;
INSERT INTO `theme` VALUES (1,'Aventure'),(2,'Fantastique'),(3,'Policier'),(4,'Science-fiction'),(5,'Roman');
/*!40000 ALTER TABLE `theme` ENABLE KEYS */;
UNLOCK TABLES;

--
-- Dumping routines for database 'biblio4_prof'
--
/*!50003 SET @saved_sql_mode       = @@sql_mode */ ;
/*!50003 SET sql_mode              = 'STRICT_TRANS_TABLES,ERROR_FOR_DIVISION_BY_ZERO,NO_AUTO_CREATE_USER,NO_ENGINE_SUBSTITUTION' */ ;
/*!50003 DROP FUNCTION IF EXISTS `date_aleatoire` */;
/*!50003 SET @saved_cs_client      = @@character_set_client */ ;
/*!50003 SET @saved_cs_results     = @@character_set_results */ ;
/*!50003 SET @saved_col_connection = @@collation_connection */ ;
/*!50003 SET character_set_client  = utf8mb3 */ ;
/*!50003 SET character_set_results = utf8mb3 */ ;
/*!50003 SET collation_connection  = utf8mb3_general_ci */ ;
DELIMITER ;;
CREATE DEFINER=`root`@`localhost` FUNCTION `date_aleatoire`(date_min DATE, date_max DATE) RETURNS date
BEGIN
RETURN (
        SELECT
            DATE(
                DATE_ADD(
                    date_min,
                    INTERVAL FLOOR(
                        RAND() * DATEDIFF(date_max, date_min)
                    ) DAY
                )
            )
    );

END ;;
DELIMITER ;
/*!50003 SET sql_mode              = @saved_sql_mode */ ;
/*!50003 SET character_set_client  = @saved_cs_client */ ;
/*!50003 SET character_set_results = @saved_cs_results */ ;
/*!50003 SET collation_connection  = @saved_col_connection */ ;
/*!50003 SET @saved_sql_mode       = @@sql_mode */ ;
/*!50003 SET sql_mode              = 'STRICT_TRANS_TABLES,ERROR_FOR_DIVISION_BY_ZERO,NO_AUTO_CREATE_USER,NO_ENGINE_SUBSTITUTION' */ ;
/*!50003 DROP FUNCTION IF EXISTS `date_aleatoire_nullable` */;
/*!50003 SET @saved_cs_client      = @@character_set_client */ ;
/*!50003 SET @saved_cs_results     = @@character_set_results */ ;
/*!50003 SET @saved_col_connection = @@collation_connection */ ;
/*!50003 SET character_set_client  = utf8mb3 */ ;
/*!50003 SET character_set_results = utf8mb3 */ ;
/*!50003 SET collation_connection  = utf8mb3_general_ci */ ;
DELIMITER ;;
CREATE DEFINER=`root`@`localhost` FUNCTION `date_aleatoire_nullable`(date_min DATE, date_max DATE) RETURNS date
BEGIN DECLARE alea FLOAT;

SET alea = rand();

IF alea < 0.5 THEN RETURN NULL;

ELSE RETURN date_aleatoire(date_min, date_max);

END IF;

END ;;
DELIMITER ;
/*!50003 SET sql_mode              = @saved_sql_mode */ ;
/*!50003 SET character_set_client  = @saved_cs_client */ ;
/*!50003 SET character_set_results = @saved_cs_results */ ;
/*!50003 SET collation_connection  = @saved_col_connection */ ;
/*!50003 SET @saved_sql_mode       = @@sql_mode */ ;
/*!50003 SET sql_mode              = 'STRICT_TRANS_TABLES,ERROR_FOR_DIVISION_BY_ZERO,NO_AUTO_CREATE_USER,NO_ENGINE_SUBSTITUTION' */ ;
/*!50003 DROP FUNCTION IF EXISTS `GET_RANDOM_NATIONALITE` */;
/*!50003 SET @saved_cs_client      = @@character_set_client */ ;
/*!50003 SET @saved_cs_results     = @@character_set_results */ ;
/*!50003 SET @saved_col_connection = @@collation_connection */ ;
/*!50003 SET character_set_client  = utf8mb3 */ ;
/*!50003 SET character_set_results = utf8mb3 */ ;
/*!50003 SET collation_connection  = utf8mb3_general_ci */ ;
DELIMITER ;;
CREATE DEFINER=`root`@`localhost` FUNCTION `GET_RANDOM_NATIONALITE`() RETURNS varchar(50) CHARSET utf8mb4 COLLATE utf8mb4_general_ci
BEGIN 
	DECLARE nationalite VARCHAR(50);
	DECLARE alea FLOAT;
	SET alea = rand();
	SET
	    nationalite = case
	        when alea < 0.1 then 'belge'
	        when alea < 0.2 then 'franais'
	        when alea < 0.3 then 'amricain'
	        when alea < 0.4 then 'allemand'
	        when alea < 0.5 then 'russe'
	        when alea < 0.6 then 'ukrainien'
	        when alea < 0.7 then 'italien'
	        when alea < 0.8 then 'espagnol'
	        else 'autre'
END; 

RETURN nationalite;

END ;;
DELIMITER ;
/*!50003 SET sql_mode              = @saved_sql_mode */ ;
/*!50003 SET character_set_client  = @saved_cs_client */ ;
/*!50003 SET character_set_results = @saved_cs_results */ ;
/*!50003 SET collation_connection  = @saved_col_connection */ ;
/*!50003 SET @saved_sql_mode       = @@sql_mode */ ;
/*!50003 SET sql_mode              = 'STRICT_TRANS_TABLES,ERROR_FOR_DIVISION_BY_ZERO,NO_AUTO_CREATE_USER,NO_ENGINE_SUBSTITUTION' */ ;
/*!50003 DROP FUNCTION IF EXISTS `nombre_aleatoire` */;
/*!50003 SET @saved_cs_client      = @@character_set_client */ ;
/*!50003 SET @saved_cs_results     = @@character_set_results */ ;
/*!50003 SET @saved_col_connection = @@collation_connection */ ;
/*!50003 SET character_set_client  = utf8mb3 */ ;
/*!50003 SET character_set_results = utf8mb3 */ ;
/*!50003 SET collation_connection  = utf8mb3_general_ci */ ;
DELIMITER ;;
CREATE DEFINER=`root`@`localhost` FUNCTION `nombre_aleatoire`(nombre_min INT, nombre_max INT) RETURNS int(11)
BEGIN
    RETURN (SELECT FLOOR(RAND() * (nombre_max - nombre_min + 1)) + nombre_min);
END ;;
DELIMITER ;
/*!50003 SET sql_mode              = @saved_sql_mode */ ;
/*!50003 SET character_set_client  = @saved_cs_client */ ;
/*!50003 SET character_set_results = @saved_cs_results */ ;
/*!50003 SET collation_connection  = @saved_col_connection */ ;
/*!50003 SET @saved_sql_mode       = @@sql_mode */ ;
/*!50003 SET sql_mode              = 'STRICT_TRANS_TABLES,ERROR_FOR_DIVISION_BY_ZERO,NO_AUTO_CREATE_USER,NO_ENGINE_SUBSTITUTION' */ ;
/*!50003 DROP FUNCTION IF EXISTS `populate_emprunt` */;
/*!50003 SET @saved_cs_client      = @@character_set_client */ ;
/*!50003 SET @saved_cs_results     = @@character_set_results */ ;
/*!50003 SET @saved_col_connection = @@collation_connection */ ;
/*!50003 SET character_set_client  = utf8mb3 */ ;
/*!50003 SET character_set_results = utf8mb3 */ ;
/*!50003 SET collation_connection  = utf8mb3_general_ci */ ;
DELIMITER ;;
CREATE DEFINER=`root`@`localhost` FUNCTION `populate_emprunt`(nombre_emprunts INT) RETURNS varchar(255) CHARSET utf8mb4 COLLATE utf8mb4_general_ci
BEGIN DECLARE i INT DEFAULT 0;

DECLARE date_emprunt DATE;

DECLARE date_retour DATE;

DECLARE nombre_lecteurs INT;

DECLARE nombre_exemplaires INT;

DECLARE lecteur_id INT;

DECLARE exemplaire_id INT;

SELECT COUNT(*) INTO nombre_lecteurs FROM lecteur;

SELECT COUNT(*) INTO nombre_exemplaires FROM exemplaire;

IF nombre_exemplaires > 0 THEN
WHILE i < nombre_emprunts
DO
SET date_emprunt = (
        SELECT
            date_aleatoire('2022-01-01', CURRENT_DATE())
    );

SET date_retour = (
        SELECT
            date_aleatoire_nullable(date_emprunt, CURRENT_DATE())
    );

SET lecteur_id = (
        SELECT
            nombre_aleatoire(1, nombre_lecteurs)
    );

SET @exemplaire_id = (
        SELECT
            nombre_aleatoire(1, nombre_exemplaires)
    );

WHILE
    @exemplaire_id IN (
        SELECT exemplaire_id
        FROM emprunt
        WHERE
            date_retour IS NULL
            AND exemplaire_id = @exemplaire_id
    )
DO
SET
    @exemplaire_id = (
        SELECT
            nombre_aleatoire(1, nombre_exemplaires)
    );

END WHILE;

INSERT INTO
    emprunt (
        date_emprunt,
        date_retour,
        lecteur_id,
        exemplaire_id
    )
VALUES (
        date_emprunt,
        date_retour,
        lecteur_id,
        @exemplaire_id
    );

SET i = i + 1;

END WHILE;

ELSE SET nombre_emprunts = 0;

END IF;

RETURN
    CONCAT(
        nombre_emprunts,
        ' emprunts alatoires ont t ajouts  la table emprunt'
    );

END ;;
DELIMITER ;
/*!50003 SET sql_mode              = @saved_sql_mode */ ;
/*!50003 SET character_set_client  = @saved_cs_client */ ;
/*!50003 SET character_set_results = @saved_cs_results */ ;
/*!50003 SET collation_connection  = @saved_col_connection */ ;
/*!50003 SET @saved_sql_mode       = @@sql_mode */ ;
/*!50003 SET sql_mode              = 'STRICT_TRANS_TABLES,ERROR_FOR_DIVISION_BY_ZERO,NO_AUTO_CREATE_USER,NO_ENGINE_SUBSTITUTION' */ ;
/*!50003 DROP FUNCTION IF EXISTS `populate_exemplaire` */;
/*!50003 SET @saved_cs_client      = @@character_set_client */ ;
/*!50003 SET @saved_cs_results     = @@character_set_results */ ;
/*!50003 SET @saved_col_connection = @@collation_connection */ ;
/*!50003 SET character_set_client  = utf8mb3 */ ;
/*!50003 SET character_set_results = utf8mb3 */ ;
/*!50003 SET collation_connection  = utf8mb3_general_ci */ ;
DELIMITER ;;
CREATE DEFINER=`root`@`localhost` FUNCTION `populate_exemplaire`(nombre_exemplaires INT) RETURNS varchar(255) CHARSET utf8mb4 COLLATE utf8mb4_general_ci
BEGIN 
    DECLARE i INT DEFAULT 1;
    DECLARE reference VARCHAR(50) ;
    DECLARE rayon VARCHAR(50) ;

    DECLARE date_acquisition DATE ;

    DECLARE etat VARCHAR(50);

    DECLARE est_perdu BOOLEAN;



    DECLARE nombre_livres INT;

    SELECT COUNT(*) INTO nombre_livres FROM livre;

    SET est_perdu = 0;



    IF nombre_livres > 0 THEN
        WHILE i <= nombre_exemplaires
        DO
            SET reference = CONCAT('REF-', nombre_aleatoire(1, 10000000));
            SET rayon = CONCAT('RAYON-', nombre_aleatoire(1, 100));
            SET date_acquisition = (SELECT date_aleatoire('2022-01-01', CURRENT_DATE()));
            SET etat = 
                CASE
                    when rand() < 0.1 then 'mauvais'
                    when rand() < 0.2 then 'bon'
                    when rand() < 0.3 then 'neuf'
                    else 'moyen'
                    
                END;
            SET @livre_id = (SELECT nombre_aleatoire(1,nombre_livres));

            
            SET @livre_id = (SELECT nombre_aleatoire(1, nombre_livres));

            INSERT INTO
                exemplaire (
                    reference,
                    rayon,
                    date_acquisition,
                    etat,
                    est_perdu,
                    livre_id
                )
            VALUES (
                    reference,
                    rayon,
                    date_acquisition,
                    etat,
                    est_perdu,
                    @livre_id
                );

            SET i = i + 1;
        END WHILE;
    ELSE 
        SET nombre_exemplaires = 0;
    END IF;
RETURN CONCAT(nombre_exemplaires,' exemplaires alatoires ont t ajouts  la table exemplaire');

END ;;
DELIMITER ;
/*!50003 SET sql_mode              = @saved_sql_mode */ ;
/*!50003 SET character_set_client  = @saved_cs_client */ ;
/*!50003 SET character_set_results = @saved_cs_results */ ;
/*!50003 SET collation_connection  = @saved_col_connection */ ;
/*!40103 SET TIME_ZONE=@OLD_TIME_ZONE */;

/*!40101 SET SQL_MODE=@OLD_SQL_MODE */;
/*!40014 SET FOREIGN_KEY_CHECKS=@OLD_FOREIGN_KEY_CHECKS */;
/*!40014 SET UNIQUE_CHECKS=@OLD_UNIQUE_CHECKS */;
/*!40101 SET CHARACTER_SET_CLIENT=@OLD_CHARACTER_SET_CLIENT */;
/*!40101 SET CHARACTER_SET_RESULTS=@OLD_CHARACTER_SET_RESULTS */;
/*!40101 SET COLLATION_CONNECTION=@OLD_COLLATION_CONNECTION */;
/*!40111 SET SQL_NOTES=@OLD_SQL_NOTES */;

-- Dump completed on 2022-12-20 23:23:15
