-- MariaDB dump 10.19  Distrib 10.6.11-MariaDB, for debian-linux-gnu (x86_64)
--
-- Host: localhost    Database: biblio4_prof
-- ------------------------------------------------------
-- Server version	10.6.11-MariaDB-0ubuntu0.22.04.1

/*!40101 SET @OLD_CHARACTER_SET_CLIENT=@@CHARACTER_SET_CLIENT */;
/*!40101 SET @OLD_CHARACTER_SET_RESULTS=@@CHARACTER_SET_RESULTS */;
/*!40101 SET @OLD_COLLATION_CONNECTION=@@COLLATION_CONNECTION */;
/*!40101 SET NAMES utf8mb4 */;
/*!40103 SET @OLD_TIME_ZONE=@@TIME_ZONE */;
/*!40103 SET TIME_ZONE='+00:00' */;
/*!40014 SET @OLD_UNIQUE_CHECKS=@@UNIQUE_CHECKS, UNIQUE_CHECKS=0 */;
/*!40014 SET @OLD_FOREIGN_KEY_CHECKS=@@FOREIGN_KEY_CHECKS, FOREIGN_KEY_CHECKS=0 */;
/*!40101 SET @OLD_SQL_MODE=@@SQL_MODE, SQL_MODE='NO_AUTO_VALUE_ON_ZERO' */;
/*!40111 SET @OLD_SQL_NOTES=@@SQL_NOTES, SQL_NOTES=0 */;

--
-- Current Database: `biblio4_prof`
--

CREATE DATABASE /*!32312 IF NOT EXISTS*/ `biblio4_prof` /*!40100 DEFAULT CHARACTER SET utf8mb4 COLLATE utf8mb4_general_ci */;

USE `biblio4_prof`;

--
-- Table structure for table `auteur`
--

DROP TABLE IF EXISTS `auteur`;
/*!40101 SET @saved_cs_client     = @@character_set_client */;
/*!40101 SET character_set_client = utf8 */;
CREATE TABLE `auteur` (
  `id` int(11) NOT NULL AUTO_INCREMENT,
  `nom` varchar(50) NOT NULL,
  `prenom` varchar(50) NOT NULL,
  `date_naissance` date DEFAULT NULL,
  `nationalite` varchar(50) DEFAULT NULL,
  PRIMARY KEY (`id`)
) ENGINE=InnoDB AUTO_INCREMENT=501 DEFAULT CHARSET=utf8mb4 COLLATE=utf8mb4_general_ci;
/*!40101 SET character_set_client = @saved_cs_client */;

--
-- Dumping data for table `auteur`
--

LOCK TABLES `auteur` WRITE;
/*!40000 ALTER TABLE `auteur` DISABLE KEYS */;
INSERT INTO `auteur` VALUES (1,'Leven','Holli','1959-07-24','espagnol'),(2,'Mauchline','Gabe','1975-04-03','allemand'),(3,'Silwood','Vaughan','1983-08-02','belge'),(4,'Kitchener','Merline','1978-02-28','allemand'),(5,'Cattermull','Levi','1990-01-21','russe'),(6,'Grimme','Lucho','2001-10-16','américain'),(7,'Pennino','Curt','1960-10-16','espagnol'),(8,'Deluce','Deck','1976-08-01','belge'),(9,'Rothermel','Lynna','1986-07-18','espagnol'),(10,'MacHostie','Danyelle','1988-12-18','italien'),(11,'Linstead','Mimi','1971-03-11','français'),(12,'Benterman','Hyacinthe','2003-01-22','français'),(13,'Pirkis','Drake','1959-09-22','allemand'),(14,'Vigar','Mandel','1967-06-11','français'),(15,'Bottom','Man','2008-01-12','ukrainien'),(16,'Basili','Leann','1995-11-02','russe'),(17,'Etock','Brinna','2005-02-02','ukrainien'),(18,'Marqyes','Shelbi','1959-12-09','américain'),(19,'Wegener','Brinn','1962-06-01','espagnol'),(20,'Mozzini','Donnie','1982-04-06','français'),(21,'Chatters','Amye','2010-01-26','français'),(22,'Bernardoux','Francesca','1961-07-24','italien'),(23,'Starte','Tabatha','1955-08-05','ukrainien'),(24,'Bulloch','Vania','2007-04-11','espagnol'),(25,'Herety','Shannah','1963-08-10','français'),(26,'Marchington','Forrester','1974-03-15','ukrainien'),(27,'Prestedge','Derrick','1966-03-11','allemand'),(28,'Downse','Aarika','1958-05-05','espagnol'),(29,'Devanny','Thomasina','2007-02-21','allemand'),(30,'Cutbirth','Jere','1954-09-03','français'),(31,'Sporner','Cassi','1993-12-12','italien'),(32,'Blastock','Mylo','1963-09-18','italien'),(33,'Trenoweth','Manuel','1950-09-20','russe'),(34,'Dudson','Flin','1976-06-19','français'),(35,'Peploe','Filmer','1952-02-29','ukrainien'),(36,'Giovanardi','Leslie','2009-06-01','allemand'),(37,'Saywell','Rafa','1984-08-02','français'),(38,'Meir','Jamesy','2008-09-09','espagnol'),(39,'Jewett','Corabelle','2011-09-12','français'),(40,'Bagguley','Giuseppe','1954-05-29','allemand'),(41,'Welldrake','Bren','1978-12-11','italien'),(42,'Toor','Celestyna','1953-06-29','espagnol'),(43,'Goss','Merrilee','2008-08-20','espagnol'),(44,'Di Carli','Ainslee','1976-09-11','espagnol'),(45,'Aslin','Cchaddie','1971-08-01','espagnol'),(46,'Walklot','Anett','1977-10-23','italien'),(47,'Gawith','Prentice','1960-04-22','français'),(48,'Beamond','Elwood','1982-02-08','espagnol'),(49,'Tregust','Maynard','1951-08-11','italien'),(50,'Janauschek','Donovan','1989-09-22','espagnol'),(51,'Jeans','Hebert','1951-10-18','espagnol'),(52,'Lasseter','Elianore','1967-10-19','allemand'),(53,'Giral','Julianne','1969-08-09','ukrainien'),(54,'Priscott','Angelika','1994-08-18','italien'),(55,'Keatch','Aurel','1986-04-30','ukrainien'),(56,'Rummins','Mayor','1997-10-04','espagnol'),(57,'Minget','Claudie','1951-10-21','français'),(58,'O\'Shavlan','Melony','2007-09-30','espagnol'),(59,'Van Rembrandt','Enriqueta','1977-04-27','français'),(60,'Souter','Audy','1977-05-12','français'),(61,'Branthwaite','Taddeo','2004-11-04','belge'),(62,'Maden','Starla','1950-02-18','espagnol'),(63,'Johnikin','Erin','1978-02-19','russe'),(64,'Wreiford','Page','1962-04-13','italien'),(65,'Look','Grata','1990-12-30','italien'),(66,'Chittem','Helen-elizabeth','1990-02-17','allemand'),(67,'Ferrino','Tobey','1963-09-03','espagnol'),(68,'Caulfield','Tommi','1961-12-17','russe'),(69,'Lansdown','Aguste','1968-10-17','ukrainien'),(70,'Candish','Modesty','2008-01-31','russe'),(71,'Humfrey','Norton','1992-01-11','ukrainien'),(72,'Ferrao','Karolina','1985-11-21','allemand'),(73,'Gamell','Rosalie','2003-05-16','américain'),(74,'Donati','Tilda','1981-03-07','français'),(75,'Sharma','Imojean','2009-10-17','espagnol'),(76,'Tirrey','Sylas','1963-06-03','américain'),(77,'Stratford','Toddy','1965-09-22','russe'),(78,'Esslement','Vladimir','1988-05-14','ukrainien'),(79,'Yoell','Cloris','1966-08-27','américain'),(80,'Blakey','Mei','1982-03-02','espagnol'),(81,'Osorio','Howey','1996-11-13','espagnol'),(82,'Wannop','Ilysa','1959-11-05','italien'),(83,'Albion','Eugenia','1986-08-15','américain'),(84,'Bischoff','Felecia','1975-07-25','français'),(85,'de Quesne','Harlin','1967-12-14','allemand'),(86,'Pickthorn','Anabal','1963-01-25','belge'),(87,'Gosson','Gunner','1961-06-25','belge'),(88,'Beglin','Julie','1968-03-17','allemand'),(89,'Huckle','Chevalier','2006-08-08','ukrainien'),(90,'Handmore','Blakeley','1986-05-20','espagnol'),(91,'Jelf','Arlen','1962-02-06','russe'),(92,'Skelding','Elias','1965-05-12','ukrainien'),(93,'Sarginson','Sabra','1990-07-01','russe'),(94,'Arber','Felicio','1978-05-30','italien'),(95,'Gunson','Babita','1970-07-23','espagnol'),(96,'Millimoe','Steffen','1967-07-21','français'),(97,'Heaviside','Maybelle','1976-02-02','ukrainien'),(98,'Hannigan','Northrup','1963-10-14','belge'),(99,'Leal','Teddy','2004-08-26','espagnol'),(100,'Stannah','Aleksandr','1989-11-30','russe'),(101,'Carlick','Darci','1985-08-14','belge'),(102,'Tithecote','Leone','2008-05-04','espagnol'),(103,'Gegg','Adoree','2006-11-04','américain'),(104,'Brittin','Mylo','1995-03-14','espagnol'),(105,'Limbourne','Kerry','2005-06-17','belge'),(106,'Duffie','Any','1963-09-15','français'),(107,'Shanahan','Bartie','1980-02-24','américain'),(108,'Deacock','Frederik','1995-08-16','espagnol'),(109,'Nibley','Rik','1959-09-01','espagnol'),(110,'Sudell','Claudian','1989-06-18','russe'),(111,'Fisbey','Gale','1990-04-25','espagnol'),(112,'Mangeney','Ulrich','1969-03-08','espagnol'),(113,'Megson','Smith','1988-12-23','allemand'),(114,'Linning','Veronika','1959-05-04','allemand'),(115,'Nowakowski','Allene','2007-10-02','ukrainien'),(116,'Ovendale','Zelig','1954-09-29','espagnol'),(117,'Bulbeck','Sharl','1992-06-20','ukrainien'),(118,'Connechie','Ashley','1956-02-08','belge'),(119,'Humbell','Abdul','1981-02-14','espagnol'),(120,'Morsey','Jerry','1959-04-18','allemand'),(121,'McVrone','Kenneth','1967-02-07','espagnol'),(122,'Tindle','Camille','2007-08-20','espagnol'),(123,'Martinek','Onofredo','1994-11-10','américain'),(124,'Hodgin','Marlo','2001-05-23','allemand'),(125,'Baynton','Kasey','2008-05-18','français'),(126,'Fosdick','Alister','1959-09-20','espagnol'),(127,'Maslen','Therine','1951-06-16','français'),(128,'Schankel','Minni','1992-02-16','allemand'),(129,'Tatton','Layla','1964-04-06','italien'),(130,'Crighton','Stirling','1958-12-06','belge'),(131,'Staneland','Westbrook','1951-11-13','allemand'),(132,'Flagg','Currie','1996-07-17','russe'),(133,'Ferneyhough','Sigmund','1985-02-10','russe'),(134,'Ellum','Cleveland','1985-12-06','italien'),(135,'Clipsham','Gordy','1960-04-24','français'),(136,'Brackstone','Edee','1957-10-12','ukrainien'),(137,'Mathie','Audrey','1957-12-15','ukrainien'),(138,'Chetwin','Mitchel','1966-06-07','espagnol'),(139,'Ipsley','Elisabet','2008-04-20','espagnol'),(140,'Theobold','Blake','2000-03-16','allemand'),(141,'Cramb','Johnath','1962-02-15','ukrainien'),(142,'Balsellie','Eldin','1988-01-02','ukrainien'),(143,'Roddick','Arron','1975-08-22','français'),(144,'Pittoli','Leelah','1964-03-12','espagnol'),(145,'Heersma','Ennis','2008-01-18','belge'),(146,'Lace','Emmy','2005-08-28','italien'),(147,'Aronson','Neall','1990-02-20','américain'),(148,'Woodall','Kerry','1983-09-24','belge'),(149,'Burgisi','Oralia','1998-03-22','italien'),(150,'Mea','Tully','1961-12-03','espagnol'),(151,'Searston','Gweneth','1992-12-13','italien'),(152,'Jeacock','Pasquale','2000-12-27','espagnol'),(153,'Gulliford','Gail','2012-01-31','espagnol'),(154,'Roderighi','Hagen','1979-06-15','allemand'),(155,'Dziwisz','Daryle','1975-01-08','allemand'),(156,'Vinck','Olimpia','1986-09-25','belge'),(157,'Cotilard','Saidee','1994-08-09','belge'),(158,'Swarbrigg','Allys','1998-10-28','espagnol'),(159,'Van der Mark','Chelsae','1996-04-19','espagnol'),(160,'d\' Elboux','Natalya','1971-01-11','espagnol'),(161,'Peploe','Gilberto','1980-03-31','allemand'),(162,'Karpov','Ashely','1974-02-24','français'),(163,'Prescot','Ruy','1980-01-03','allemand'),(164,'Guerre','Reagen','1963-08-01','russe'),(165,'Crofthwaite','Vivian','1991-11-21','russe'),(166,'Darlison','Mill','1990-09-13','ukrainien'),(167,'Monier','Bancroft','1963-11-01','russe'),(168,'Blundan','Constantino','1961-01-23','italien'),(169,'Gillio','Malva','1963-10-27','espagnol'),(170,'Foulis','Raychel','1985-11-28','espagnol'),(171,'Beaton','Ellen','1960-02-01','français'),(172,'Durnill','Michelle','1956-09-13','ukrainien'),(173,'Saleway','Marina','1953-04-01','belge'),(174,'Durnin','Katrina','2010-02-19','russe'),(175,'Pinsent','Ofelia','1984-12-10','russe'),(176,'Hadigate','Kellia','2008-04-17','espagnol'),(177,'O\'Cannovane','Roxana','2008-08-21','allemand'),(178,'Greeveson','Hollis','2004-04-24','italien'),(179,'Barnardo','Gusella','1981-08-24','belge'),(180,'Lush','Myrlene','2009-04-16','russe'),(181,'Staresmeare','Grayce','1959-07-07','belge'),(182,'Beernt','Aguste','2011-09-13','espagnol'),(183,'Kunze','Sheelah','1973-12-14','espagnol'),(184,'Mainstone','Sib','2012-09-01','espagnol'),(185,'Liverseege','Karrah','1999-06-26','américain'),(186,'Trencher','Giffy','2009-05-27','français'),(187,'McGroarty','Orville','1970-07-28','belge'),(188,'De La Haye','Kendricks','2002-08-23','italien'),(189,'Saffen','Harrietta','1959-07-03','russe'),(190,'Fernanando','Selle','1967-07-30','belge'),(191,'Androck','Abey','2009-05-18','espagnol'),(192,'Maylor','Donnell','2002-02-27','ukrainien'),(193,'Westoll','Bink','1968-08-26','français'),(194,'Hugin','Dotty','1950-10-16','espagnol'),(195,'Cattermull','Melvin','1961-12-31','français'),(196,'Prew','Kariotta','2007-08-14','français'),(197,'Ghidoli','Theobald','2010-02-02','français'),(198,'Grabham','Corrina','2013-08-07','américain'),(199,'Pittman','Benjamin','1959-09-24','espagnol'),(200,'O\'Kinneally','Sigfried','1999-11-07','espagnol'),(201,'Benza','Addison','1978-01-21','français'),(202,'Betho','Corty','2004-09-26','allemand'),(203,'Stang-Gjertsen','Trumann','2011-07-09','allemand'),(204,'Pomroy','Laetitia','1965-05-16','espagnol'),(205,'Steade','Solly','1970-04-23','ukrainien'),(206,'Durkin','Anny','2005-06-03','italien'),(207,'Mertsching','Rabi','1974-03-06','ukrainien'),(208,'Freckelton','Lanita','1968-08-18','espagnol'),(209,'Blanpein','Becky','1970-08-14','belge'),(210,'Airy','Sabine','1997-03-13','russe'),(211,'Dunton','Brinn','1996-02-17','belge'),(212,'Anfonsi','Kippy','1975-01-20','belge'),(213,'Habbergham','Isahella','2000-11-15','espagnol'),(214,'Sellner','Robinett','2001-03-20','italien'),(215,'Biffen','Sheilakathryn','1989-06-16','américain'),(216,'Johnsson','Whitney','1993-08-20','ukrainien'),(217,'Lumsden','Zulema','1985-10-20','espagnol'),(218,'Henriksson','Arabele','1998-02-09','américain'),(219,'Albery','Virgil','1955-02-18','espagnol'),(220,'Trump','Ruperto','1959-05-05','américain'),(221,'Fazackerley','Ailbert','1981-04-19','belge'),(222,'Bohman','Gene','1950-06-23','américain'),(223,'Shemilt','Larissa','1986-06-23','allemand'),(224,'Rangell','June','2002-12-14','français'),(225,'Lowerson','Franny','1977-05-02','russe'),(226,'Simester','Devonna','1991-10-26','italien'),(227,'Alflatt','Duke','2013-01-28','belge'),(228,'Bedlington','Godart','2011-12-06','allemand'),(229,'Nancekivell','Rae','2006-06-04','italien'),(230,'Tatford','Davy','1982-05-01','belge'),(231,'Austing','Gretchen','2006-05-17','ukrainien'),(232,'Magister','Homer','2006-11-20','ukrainien'),(233,'Howerd','Alene','2001-04-22','belge'),(234,'McDiarmid','Tobi','1971-11-17','ukrainien'),(235,'Normadell','Candis','1969-06-19','espagnol'),(236,'Sapwell','Clotilda','1981-09-11','espagnol'),(237,'Antal','Harman','1986-01-30','italien'),(238,'Butner','Moises','1971-04-27','allemand'),(239,'Juares','Querida','2012-05-08','espagnol'),(240,'Cormack','Neille','2005-10-17','belge'),(241,'Cone','Nicolette','1977-12-01','espagnol'),(242,'Salter','Dannie','1986-03-16','belge'),(243,'Diffley','Desi','1983-04-07','espagnol'),(244,'Pollins','Emylee','2007-09-19','belge'),(245,'Claughton','Dru','2010-10-13','italien'),(246,'Cokayne','Hyacinthie','1952-10-06','belge'),(247,'Carcas','Janel','1973-06-20','allemand'),(248,'McKee','Hyacintha','1995-01-21','russe'),(249,'Waeland','Alexa','1976-11-14','russe'),(250,'Ubsdell','Gearard','2013-03-10','espagnol'),(251,'Gladeche','Nealy','1993-04-29','allemand'),(252,'Tiffin','Laurianne','1977-01-22','espagnol'),(253,'Critzen','Vincents','1955-04-30','ukrainien'),(254,'Prescot','Jobina','1959-06-14','espagnol'),(255,'McClune','Buiron','1981-04-09','américain'),(256,'Hastwell','Linda','1950-01-03','français'),(257,'Clair','Howard','1984-03-22','belge'),(258,'Szwarc','Crawford','1993-02-01','espagnol'),(259,'Upson','Corbett','1998-10-08','français'),(260,'Hudleston','Phedra','2000-08-02','belge'),(261,'Guthrum','Ruddy','1992-08-13','espagnol'),(262,'Philipson','Gerek','2011-05-02','italien'),(263,'Bastone','Gayle','2000-10-21','russe'),(264,'Fuente','Linzy','1956-01-14','américain'),(265,'Scotter','Carlotta','1955-10-05','espagnol'),(266,'Stiff','Sophey','1960-09-09','russe'),(267,'Mulvin','Colly','1986-03-04','espagnol'),(268,'Pietesch','Bartolemo','1970-10-16','espagnol'),(269,'Chalcot','Tiler','2009-06-06','espagnol'),(270,'Cicchetto','Carlie','1992-10-10','espagnol'),(271,'Jeffers','Tyson','1985-08-04','italien'),(272,'Robbert','Herby','1999-08-18','ukrainien'),(273,'Ruggs','Ilario','1963-05-13','espagnol'),(274,'Laban','Harrie','1995-12-05','américain'),(275,'Bale','Matty','2011-07-18','français'),(276,'Sebrook','Emmi','1991-12-10','espagnol'),(277,'Burtwell','Anatollo','1975-01-26','allemand'),(278,'Plevin','Collie','2013-07-11','italien'),(279,'Hawking','Hugh','2000-06-02','espagnol'),(280,'Marner','Lorain','2011-07-11','espagnol'),(281,'Burriss','Leann','1978-05-13','allemand'),(282,'Hagstone','Nefen','1971-03-31','russe'),(283,'Norwich','Evaleen','1971-02-19','belge'),(284,'Wilmington','Oralia','1991-12-10','espagnol'),(285,'Ellacott','Aaron','1968-04-18','espagnol'),(286,'Pettingill','Addie','1979-08-28','espagnol'),(287,'Longea','Lindy','1979-05-21','espagnol'),(288,'Heister','Karilynn','2007-12-17','espagnol'),(289,'Blaszczynski','Eleonora','1959-08-24','américain'),(290,'Dicke','Rory','1952-05-05','belge'),(291,'Billson','Nerta','1996-10-13','allemand'),(292,'Scallon','Nickolaus','1984-11-18','italien'),(293,'Arboine','Calhoun','1984-01-22','français'),(294,'Dwelling','Bobette','1951-08-25','espagnol'),(295,'Teodoro','Alain','1984-01-21','américain'),(296,'Wilsey','Roscoe','1987-05-05','espagnol'),(297,'Farmiloe','Gram','1970-07-16','belge'),(298,'Edmans','Gleda','2004-09-01','russe'),(299,'Iashvili','Jorge','1969-09-24','français'),(300,'Fetherstone','Addison','2012-08-23','français'),(301,'Primrose','Kellen','2012-01-09','ukrainien'),(302,'Dundon','Wendell','2008-03-08','français'),(303,'Strode','Nadine','1990-11-06','allemand'),(304,'Ainslie','Laurette','1979-09-08','français'),(305,'Coxhead','Eveline','1975-11-22','ukrainien'),(306,'Denman','Margot','1990-05-26','russe'),(307,'Passion','Evaleen','2010-04-25','russe'),(308,'Clemoes','Cissy','2002-05-17','belge'),(309,'Eisig','Vinson','1966-12-08','belge'),(310,'Wick','Wendye','2005-07-19','espagnol'),(311,'Romeuf','Cirilo','1984-12-07','allemand'),(312,'Meineken','Bartlett','1958-01-11','belge'),(313,'Hertwell','Joy','2013-05-07','allemand'),(314,'Cisneros','Drew','1986-08-23','russe'),(315,'Giacobazzi','Emylee','2007-03-03','français'),(316,'Nys','Kaiser','1997-12-01','ukrainien'),(317,'Blaine','Emelda','1954-01-28','russe'),(318,'Rooms','Tiff','1954-08-18','russe'),(319,'Melsom','Sal','1960-11-30','espagnol'),(320,'Winspar','Bert','1990-09-09','belge'),(321,'Pannett','Lonnie','1992-09-10','russe'),(322,'Purry','Shermie','1977-05-29','américain'),(323,'De Cristoforo','Kellen','1958-12-17','espagnol'),(324,'Pavlov','Fee','1976-07-26','belge'),(325,'Colloff','Wallace','1991-12-19','allemand'),(326,'O\' Gara','Lavinia','1952-02-12','italien'),(327,'Malin','Barron','1962-09-06','américain'),(328,'Baudasso','Barbie','2007-01-21','belge'),(329,'Lindwasser','Vivyan','2005-03-29','italien'),(330,'Casford','Belva','1991-01-13','espagnol'),(331,'Eglinton','Kirsten','1989-06-11','espagnol'),(332,'Sentance','Blake','1960-02-12','belge'),(333,'Sanchis','Reginald','2010-04-02','espagnol'),(334,'Sabatier','Christen','1964-11-26','russe'),(335,'Alenikov','Broddy','1971-10-08','ukrainien'),(336,'Djuricic','Dorise','1950-02-16','américain'),(337,'Solland','Ethe','2013-05-02','ukrainien'),(338,'Lawlan','Barbe','2010-04-15','français'),(339,'Pakenham','Renie','1997-06-06','français'),(340,'Roycroft','Berty','2006-04-18','allemand'),(341,'Whybray','Sadie','1961-03-05','russe'),(342,'Iacobetto','Eloise','1964-12-28','espagnol'),(343,'Sholem','Vladamir','1991-06-08','espagnol'),(344,'Capron','Filmore','1984-03-12','allemand'),(345,'Drissell','Consuelo','1996-09-04','espagnol'),(346,'Oxton','Lu','1952-10-18','espagnol'),(347,'Allanson','Mike','1951-12-13','américain'),(348,'Redler','Janenna','1951-05-09','allemand'),(349,'Slemming','Aubrey','1950-12-01','espagnol'),(350,'Spratt','Coralyn','1950-07-12','ukrainien'),(351,'Kennan','Silvana','2013-11-20','espagnol'),(352,'Castles','Marian','2011-11-07','espagnol'),(353,'Jiruch','Polly','2003-08-05','français'),(354,'Webland','Wilhelm','1968-05-29','russe'),(355,'Pile','Ermentrude','2009-04-08','espagnol'),(356,'Burdge','Joshia','1999-02-12','espagnol'),(357,'Borrott','Ollie','1953-10-08','espagnol'),(358,'Dine-Hart','Liz','2013-07-03','américain'),(359,'Stacey','Burnard','2000-03-15','espagnol'),(360,'Sawford','Carmita','2010-07-06','français'),(361,'Amphlett','Augustine','1973-12-11','espagnol'),(362,'Rumens','Valentijn','1952-03-08','français'),(363,'Freund','Nannette','1953-02-01','espagnol'),(364,'Betton','Virgie','1958-11-18','italien'),(365,'Soonhouse','Erhart','1985-02-22','espagnol'),(366,'Cuthbertson','Gardener','1971-01-31','italien'),(367,'Manvelle','Paola','2013-12-23','allemand'),(368,'Wilstead','Torey','1950-08-21','espagnol'),(369,'Castagna','Kasey','1953-04-03','russe'),(370,'Kensley','Cara','1964-05-12','ukrainien'),(371,'McNevin','Lowell','2012-01-15','allemand'),(372,'Hutcheson','Guenevere','1961-02-11','américain'),(373,'Hodjetts','Rice','2011-06-15','allemand'),(374,'Massimo','Flem','1967-12-05','espagnol'),(375,'Faux','Menard','1983-04-09','italien'),(376,'Figgen','Ferd','1998-07-27','belge'),(377,'Brinsford','Loralie','1965-01-11','français'),(378,'Hassan','Marget','2007-06-14','espagnol'),(379,'Brilon','Heidi','2000-02-26','italien'),(380,'Lepere','Kaylyn','1964-06-01','ukrainien'),(381,'MacClure','Lorne','1999-08-16','français'),(382,'Birkmyr','Rebecca','1962-11-12','espagnol'),(383,'Elliott','Desi','1993-06-15','espagnol'),(384,'Spaven','Norbert','2000-09-02','ukrainien'),(385,'Callear','Ike','2008-12-30','allemand'),(386,'Gerrie','Fairlie','1964-12-20','français'),(387,'Norker','Stanford','1975-11-08','italien'),(388,'Beahan','Terence','1970-05-10','italien'),(389,'Scrimgeour','Nance','1974-03-20','américain'),(390,'Mathison','Gasparo','2010-01-05','allemand'),(391,'Tebbs','Boote','1985-06-02','espagnol'),(392,'Croydon','Wallis','2011-01-19','espagnol'),(393,'Klaiser','Paxton','1956-12-31','espagnol'),(394,'Skitch','Mayer','1993-11-07','belge'),(395,'Hollerin','Ericha','1956-04-01','espagnol'),(396,'Wonfar','Gwenore','1977-09-11','espagnol'),(397,'Shenfish','Prissie','2005-09-22','italien'),(398,'Sherratt','Bertina','1953-07-19','espagnol'),(399,'McCloughlin','Ediva','1992-07-21','espagnol'),(400,'Camber','Hendrik','1960-02-18','ukrainien'),(401,'McCarty','Dell','2000-12-28','belge'),(402,'Parry','Loy','1982-07-26','ukrainien'),(403,'Janous','Emmet','1959-11-07','espagnol'),(404,'Feavyour','Conni','1965-07-21','américain'),(405,'Ailmer','Terrye','1998-03-19','belge'),(406,'Wormell','Giana','1952-05-29','américain'),(407,'Tewkesbury.','Hyacintha','2009-05-26','français'),(408,'Scotchmore','Lemuel','1983-10-12','espagnol'),(409,'Shilton','Ansel','2004-09-07','ukrainien'),(410,'Sexten','Glenn','1994-02-05','espagnol'),(411,'Hanaby','Angy','2006-06-06','allemand'),(412,'Gazey','Dora','1971-11-07','français'),(413,'Bellenger','Cicily','1953-12-18','espagnol'),(414,'Callcott','Celinda','1968-04-08','français'),(415,'Batchelour','Shayna','1965-06-15','français'),(416,'Bilyard','Vonnie','1972-06-17','belge'),(417,'Sansam','Benedetta','1951-12-10','espagnol'),(418,'Stafford','Cristionna','1956-04-28','allemand'),(419,'Buckleigh','Konstance','1975-10-19','espagnol'),(420,'Howell','Adela','1996-01-05','espagnol'),(421,'Jiggens','Tremain','1974-08-31','italien'),(422,'Flello','Ugo','1999-04-14','américain'),(423,'Sheers','Bellanca','1994-06-06','italien'),(424,'Bagley','Aimee','1960-04-18','allemand'),(425,'Krout','Rycca','1996-03-12','italien'),(426,'Wasmer','Zaneta','1958-02-01','français'),(427,'Klimschak','Selig','1979-11-05','espagnol'),(428,'Desseine','Matilda','2010-12-16','ukrainien'),(429,'Glentz','Miller','1973-04-03','ukrainien'),(430,'Snowsill','Brenn','2011-05-26','espagnol'),(431,'Jouanot','Myriam','1995-03-27','russe'),(432,'Bettington','Carroll','1991-12-22','espagnol'),(433,'Shoveller','Missy','1960-03-01','espagnol'),(434,'Rushmer','Padget','2002-11-24','français'),(435,'Rawle','Aldon','1991-12-30','espagnol'),(436,'Ledgerton','Hart','2001-04-14','belge'),(437,'Kingsnorth','Louisette','1952-06-09','italien'),(438,'Westerman','Emelda','2000-05-04','espagnol'),(439,'Pieper','Alexandros','2002-05-21','espagnol'),(440,'Jiricka','Rica','1996-11-27','belge'),(441,'Bremmer','Nickie','1963-05-18','espagnol'),(442,'Pullan','Dorian','2004-02-29','espagnol'),(443,'Pavyer','Kelsey','1988-09-03','italien'),(444,'Melling','Sibley','1980-11-21','espagnol'),(445,'Allon','Johann','1988-06-05','français'),(446,'Calcut','Latrena','1985-06-18','allemand'),(447,'Summerly','Rubetta','2012-01-12','français'),(448,'Leirmonth','Yves','1961-10-08','espagnol'),(449,'Sanger','Coletta','1950-09-30','américain'),(450,'Kershaw','Aeriell','1982-06-05','russe'),(451,'Zebedee','Baird','1981-11-21','ukrainien'),(452,'Akram','Adriano','2012-03-05','russe'),(453,'Chesworth','Win','1973-03-16','italien'),(454,'Rippingale','Pavlov','2007-07-03','espagnol'),(455,'Piburn','Penelope','1975-11-24','russe'),(456,'Jeschner','Sharlene','1970-12-20','espagnol'),(457,'Frankom','Burke','1977-02-26','français'),(458,'Pink','Carla','1958-11-15','italien'),(459,'Boshers','Abbot','1976-11-21','espagnol'),(460,'Deyes','Tilda','1993-11-03','espagnol'),(461,'Adie','Travers','1960-07-12','russe'),(462,'Ormes','Garry','1999-02-16','belge'),(463,'Kehir','Brittaney','1972-01-18','espagnol'),(464,'Wingar','Berkie','1976-11-08','belge'),(465,'Dourin','Vivianna','1954-02-16','espagnol'),(466,'Lipmann','Kelley','1954-01-29','italien'),(467,'Petrasso','Isabel','1958-01-02','français'),(468,'Reed','Myrah','1977-10-16','ukrainien'),(469,'Eddies','Kristel','2000-12-11','américain'),(470,'Cathersides','Conrade','1993-05-05','espagnol'),(471,'Arbuckel','Charmian','2013-11-17','italien'),(472,'Aronowitz','Jamima','2011-05-14','allemand'),(473,'Hawler','Antonie','2001-03-11','espagnol'),(474,'Sumption','Ferdinande','1957-11-11','italien'),(475,'Minihan','Druci','1963-09-25','allemand'),(476,'Cordner','Earle','1995-01-28','belge'),(477,'Anyon','Joceline','2006-03-06','belge'),(478,'Polson','Zola','1967-08-31','belge'),(479,'Laban','Marilee','1997-10-15','américain'),(480,'Muldownie','Anestassia','2007-12-11','espagnol'),(481,'Schoenrock','Chandra','1968-05-07','ukrainien'),(482,'Ridder','Felicity','1995-12-01','français'),(483,'Yesinin','Mackenzie','1996-07-13','français'),(484,'Andre','Jaime','1980-11-29','russe'),(485,'Limpricht','Kat','1964-12-16','italien'),(486,'Clendennen','Calley','1996-01-25','espagnol'),(487,'Rivelon','Leland','2007-06-13','espagnol'),(488,'Grisenthwaite','Alexine','1971-01-15','espagnol'),(489,'Maultby','Eldon','2010-11-07','russe'),(490,'Le land','Nicky','1999-02-20','américain'),(491,'Mairs','Darryl','2013-02-18','italien'),(492,'Looney','Rock','1990-04-06','espagnol'),(493,'Middlemass','Pooh','1961-11-26','ukrainien'),(494,'Wilshin','Claudius','1952-09-24','espagnol'),(495,'Whyborn','Danette','1991-12-10','espagnol'),(496,'Ducket','Ervin','1959-07-08','belge'),(497,'Bellanger','Mari','1999-10-01','ukrainien'),(498,'Tooze','Karleen','1978-03-15','espagnol'),(499,'Dine-Hart','Deeyn','2005-10-06','russe'),(500,'Bartolomivis','Cordula','1952-03-17','espagnol');
/*!40000 ALTER TABLE `auteur` ENABLE KEYS */;
UNLOCK TABLES;

--
-- Table structure for table `emprunt`
--

DROP TABLE IF EXISTS `emprunt`;
/*!40101 SET @saved_cs_client     = @@character_set_client */;
/*!40101 SET character_set_client = utf8 */;
CREATE TABLE `emprunt` (
  `id` int(11) NOT NULL AUTO_INCREMENT,
  `date_emprunt` date NOT NULL,
  `date_retour` date DEFAULT NULL,
  `lecteur_id` int(11) NOT NULL,
  `exemplaire_id` int(11) NOT NULL,
  PRIMARY KEY (`id`),
  KEY `lecteur_id` (`lecteur_id`),
  KEY `exemplaire_id` (`exemplaire_id`),
  CONSTRAINT `emprunt_ibfk_1` FOREIGN KEY (`lecteur_id`) REFERENCES `lecteur` (`id`),
  CONSTRAINT `emprunt_ibfk_2` FOREIGN KEY (`exemplaire_id`) REFERENCES `exemplaire` (`id`)
) ENGINE=InnoDB AUTO_INCREMENT=101 DEFAULT CHARSET=utf8mb4 COLLATE=utf8mb4_general_ci;
/*!40101 SET character_set_client = @saved_cs_client */;

--
-- Dumping data for table `emprunt`
--

LOCK TABLES `emprunt` WRITE;
/*!40000 ALTER TABLE `emprunt` DISABLE KEYS */;
INSERT INTO `emprunt` VALUES (1,'2022-05-05',NULL,6,879),(2,'2022-05-09',NULL,14,570),(3,'2022-05-14',NULL,12,127),(4,'2022-06-08','2022-12-09',3,829),(5,'2022-09-25',NULL,3,25),(6,'2022-07-28','2022-10-22',6,892),(7,'2022-06-13','2022-11-12',2,4),(8,'2022-10-04','2022-10-11',14,879),(9,'2022-11-11','2022-11-24',6,596),(10,'2022-12-20',NULL,1,484),(11,'2022-05-09',NULL,12,478),(12,'2022-04-01','2022-07-28',12,235),(13,'2022-01-08',NULL,16,635),(14,'2022-04-01',NULL,3,528),(15,'2022-03-25','2022-06-04',9,883),(16,'2022-10-15',NULL,10,759),(17,'2022-01-03','2022-09-26',9,338),(18,'2022-02-13','2022-09-03',8,270),(19,'2022-01-06',NULL,5,576),(20,'2022-01-21','2022-08-26',9,836),(21,'2022-06-28',NULL,10,773),(22,'2022-03-02','2022-04-24',5,927),(23,'2022-09-22','2022-11-11',15,898),(24,'2022-09-20',NULL,14,159),(25,'2022-04-09','2022-10-07',14,985),(26,'2022-06-11',NULL,4,273),(27,'2022-08-07',NULL,8,637),(28,'2022-09-12','2022-10-10',6,958),(29,'2022-09-04','2022-12-15',16,852),(30,'2022-06-02','2022-10-25',13,798),(31,'2022-08-06','2022-10-21',12,45),(32,'2022-12-18','2022-12-18',6,233),(33,'2022-02-13','2022-04-21',6,32),(34,'2022-02-21','2022-09-27',12,391),(35,'2022-10-18','2022-10-29',3,95),(36,'2022-02-01',NULL,9,172),(37,'2022-04-06','2022-07-01',4,957),(38,'2022-03-14',NULL,3,401),(39,'2022-06-19',NULL,9,1000),(40,'2022-06-10',NULL,1,194),(41,'2022-12-07',NULL,5,579),(42,'2022-02-18','2022-05-28',13,969),(43,'2022-06-18',NULL,16,289),(44,'2022-08-06',NULL,4,384),(45,'2022-04-20',NULL,1,40),(46,'2022-01-24',NULL,14,645),(47,'2022-08-21',NULL,13,917),(48,'2022-03-11',NULL,10,221),(49,'2022-05-04',NULL,6,495),(50,'2022-06-04','2022-07-08',13,388),(51,'2022-07-29','2022-08-27',11,561),(52,'2022-11-14','2022-11-25',4,17),(53,'2022-06-25',NULL,11,980),(54,'2022-11-30','2022-11-30',13,942),(55,'2022-04-18','2022-08-31',11,717),(56,'2022-07-18','2022-10-21',2,542),(57,'2022-06-21','2022-09-30',6,155),(58,'2022-08-31','2022-11-20',13,733),(59,'2022-04-20',NULL,13,914),(60,'2022-03-14',NULL,13,145),(61,'2022-04-26',NULL,16,366),(62,'2022-11-01',NULL,8,589),(63,'2022-08-09',NULL,15,424),(64,'2022-06-01','2022-06-09',10,990),(65,'2022-01-27',NULL,13,784),(66,'2022-07-04',NULL,12,712),(67,'2022-06-18',NULL,14,407),(68,'2022-07-09',NULL,11,914),(69,'2022-08-04',NULL,12,549),(70,'2022-08-25','2022-10-18',4,723),(71,'2022-12-03','2022-12-04',12,188),(72,'2022-10-31','2022-11-04',4,769),(73,'2022-03-26','2022-10-04',15,439),(74,'2022-06-07','2022-07-14',4,624),(75,'2022-05-23',NULL,8,975),(76,'2022-06-06',NULL,2,594),(77,'2022-09-07','2022-11-07',12,712),(78,'2022-06-21',NULL,16,952),(79,'2022-11-07','2022-11-09',11,71),(80,'2022-05-28','2022-06-22',16,571),(81,'2022-11-11','2022-12-20',13,847),(82,'2022-11-29',NULL,16,436),(83,'2022-03-22','2022-07-28',14,889),(84,'2022-11-02','2022-12-05',7,110),(85,'2022-04-03','2022-05-06',12,70),(86,'2022-04-08',NULL,16,504),(87,'2022-07-03',NULL,14,71),(88,'2022-09-25','2022-11-16',5,574),(89,'2022-01-16',NULL,6,265),(90,'2022-04-06','2022-12-15',4,173),(91,'2022-03-12',NULL,13,441),(92,'2022-11-10',NULL,15,152),(93,'2022-01-24','2022-04-03',7,382),(94,'2022-09-05',NULL,11,332),(95,'2022-08-07',NULL,11,848),(96,'2022-05-07',NULL,3,918),(97,'2022-03-15',NULL,13,62),(98,'2022-12-08','2022-12-12',11,339),(99,'2022-09-12','2022-11-24',15,453),(100,'2022-06-16',NULL,10,930);
/*!40000 ALTER TABLE `emprunt` ENABLE KEYS */;
UNLOCK TABLES;

--
-- Table structure for table `exemplaire`
--

DROP TABLE IF EXISTS `exemplaire`;
/*!40101 SET @saved_cs_client     = @@character_set_client */;
/*!40101 SET character_set_client = utf8 */;
CREATE TABLE `exemplaire` (
  `id` int(11) NOT NULL AUTO_INCREMENT,
  `reference` varchar(50) NOT NULL,
  `rayon` varchar(50) NOT NULL,
  `date_acquisition` date NOT NULL,
  `etat` varchar(50) NOT NULL,
  `est_perdu` tinyint(1) NOT NULL DEFAULT 0,
  `livre_id` int(11) NOT NULL,
  PRIMARY KEY (`id`),
  UNIQUE KEY `reference` (`reference`),
  KEY `livre_id` (`livre_id`),
  CONSTRAINT `exemplaire_ibfk_1` FOREIGN KEY (`livre_id`) REFERENCES `livre` (`id`)
) ENGINE=InnoDB AUTO_INCREMENT=1001 DEFAULT CHARSET=utf8mb4 COLLATE=utf8mb4_general_ci;
/*!40101 SET character_set_client = @saved_cs_client */;

--
-- Dumping data for table `exemplaire`
--

LOCK TABLES `exemplaire` WRITE;
/*!40000 ALTER TABLE `exemplaire` DISABLE KEYS */;
INSERT INTO `exemplaire` VALUES (1,'REF-9989801','RAYON-38','2022-11-05','neuf',0,991),(2,'REF-3590417','RAYON-83','2022-01-14','moyen',0,474),(3,'REF-4190408','RAYON-68','2022-02-12','moyen',0,535),(4,'REF-1691505','RAYON-25','2022-09-04','moyen',0,190),(5,'REF-6613117','RAYON-74','2022-09-07','neuf',0,278),(6,'REF-7338033','RAYON-84','2022-12-15','bon',0,858),(7,'REF-6100301','RAYON-48','2022-07-18','bon',0,31),(8,'REF-440438','RAYON-13','2022-06-29','moyen',0,481),(9,'REF-6027081','RAYON-58','2022-01-19','neuf',0,387),(10,'REF-3916866','RAYON-80','2022-10-16','moyen',0,58),(11,'REF-7081588','RAYON-37','2022-09-13','neuf',0,78),(12,'REF-5995685','RAYON-77','2022-01-13','moyen',0,718),(13,'REF-2698536','RAYON-20','2022-03-03','moyen',0,517),(14,'REF-5223855','RAYON-7','2022-09-22','moyen',0,631),(15,'REF-9986499','RAYON-11','2022-07-01','moyen',0,10),(16,'REF-33353','RAYON-99','2022-11-26','neuf',0,26),(17,'REF-7086746','RAYON-47','2022-03-18','moyen',0,168),(18,'REF-1717039','RAYON-36','2022-04-02','neuf',0,337),(19,'REF-3594835','RAYON-79','2022-10-30','bon',0,537),(20,'REF-7383775','RAYON-9','2022-03-11','bon',0,227),(21,'REF-2081055','RAYON-37','2022-03-04','moyen',0,490),(22,'REF-9804662','RAYON-44','2022-03-24','moyen',0,18),(23,'REF-6451194','RAYON-18','2022-11-26','neuf',0,748),(24,'REF-3000539','RAYON-26','2022-05-16','moyen',0,509),(25,'REF-8034809','RAYON-50','2022-01-16','moyen',0,699),(26,'REF-9034868','RAYON-43','2022-05-20','moyen',0,833),(27,'REF-3136332','RAYON-8','2022-05-26','moyen',0,736),(28,'REF-434950','RAYON-2','2022-11-26','moyen',0,500),(29,'REF-3518491','RAYON-27','2022-03-30','moyen',0,627),(30,'REF-3234135','RAYON-74','2022-09-11','moyen',0,45),(31,'REF-3933023','RAYON-84','2022-12-17','moyen',0,905),(32,'REF-9854182','RAYON-22','2022-02-10','moyen',0,984),(33,'REF-3662822','RAYON-89','2022-04-20','neuf',0,921),(34,'REF-625252','RAYON-56','2022-07-19','bon',0,118),(35,'REF-6143312','RAYON-72','2022-09-23','moyen',0,572),(36,'REF-1080361','RAYON-83','2022-10-13','neuf',0,976),(37,'REF-2028198','RAYON-9','2022-10-21','neuf',0,501),(38,'REF-8601703','RAYON-80','2022-05-29','neuf',0,82),(39,'REF-1279472','RAYON-40','2022-07-27','moyen',0,178),(40,'REF-5580899','RAYON-26','2022-08-05','neuf',0,972),(41,'REF-8392770','RAYON-29','2022-11-11','moyen',0,409),(42,'REF-5016933','RAYON-29','2022-11-18','moyen',0,674),(43,'REF-9391356','RAYON-68','2022-07-15','bon',0,167),(44,'REF-6233819','RAYON-62','2022-03-19','neuf',0,552),(45,'REF-1568674','RAYON-14','2022-03-05','bon',0,740),(46,'REF-178897','RAYON-88','2022-04-19','moyen',0,409),(47,'REF-2864807','RAYON-21','2022-03-02','moyen',0,520),(48,'REF-3843289','RAYON-37','2022-08-22','bon',0,567),(49,'REF-5503829','RAYON-6','2022-08-04','moyen',0,676),(50,'REF-1504128','RAYON-73','2022-03-02','moyen',0,38),(51,'REF-4875113','RAYON-33','2022-02-28','neuf',0,426),(52,'REF-3817961','RAYON-64','2022-01-09','bon',0,871),(53,'REF-2246929','RAYON-52','2022-11-08','moyen',0,252),(54,'REF-4833276','RAYON-67','2022-11-02','bon',0,533),(55,'REF-6178448','RAYON-50','2022-08-04','bon',0,643),(56,'REF-2146866','RAYON-15','2022-02-01','mauvais',0,727),(57,'REF-3942531','RAYON-80','2022-09-30','bon',0,424),(58,'REF-3357417','RAYON-41','2022-01-12','neuf',0,196),(59,'REF-8177078','RAYON-51','2022-01-19','moyen',0,889),(60,'REF-2283099','RAYON-48','2022-09-05','mauvais',0,30),(61,'REF-4047119','RAYON-94','2022-06-12','bon',0,864),(62,'REF-2097933','RAYON-46','2022-08-22','moyen',0,302),(63,'REF-1133986','RAYON-67','2022-12-13','neuf',0,536),(64,'REF-4029518','RAYON-41','2022-10-22','neuf',0,354),(65,'REF-5912255','RAYON-90','2022-09-10','moyen',0,204),(66,'REF-5363683','RAYON-8','2022-09-22','neuf',0,539),(67,'REF-2690459','RAYON-73','2022-10-24','moyen',0,56),(68,'REF-2806714','RAYON-24','2022-05-03','mauvais',0,205),(69,'REF-8681010','RAYON-73','2022-01-10','moyen',0,692),(70,'REF-3808324','RAYON-83','2022-01-01','moyen',0,924),(71,'REF-2449806','RAYON-46','2022-07-12','bon',0,448),(72,'REF-5474644','RAYON-40','2022-04-28','moyen',0,744),(73,'REF-7129853','RAYON-34','2022-07-10','moyen',0,770),(74,'REF-5861132','RAYON-63','2022-05-05','moyen',0,779),(75,'REF-7864075','RAYON-60','2022-08-08','moyen',0,950),(76,'REF-1647291','RAYON-98','2022-05-15','moyen',0,281),(77,'REF-9020517','RAYON-67','2022-08-16','bon',0,590),(78,'REF-6651565','RAYON-56','2022-10-07','bon',0,982),(79,'REF-3098417','RAYON-61','2022-02-04','bon',0,282),(80,'REF-5295544','RAYON-81','2022-05-31','moyen',0,860),(81,'REF-5945432','RAYON-40','2022-03-05','bon',0,755),(82,'REF-1909185','RAYON-70','2022-11-07','moyen',0,765),(83,'REF-826162','RAYON-13','2022-05-06','moyen',0,676),(84,'REF-7072572','RAYON-51','2022-05-30','moyen',0,313),(85,'REF-4752811','RAYON-44','2022-09-29','moyen',0,376),(86,'REF-372801','RAYON-7','2022-03-09','neuf',0,904),(87,'REF-6013625','RAYON-30','2022-08-28','moyen',0,11),(88,'REF-6746526','RAYON-35','2022-08-31','moyen',0,577),(89,'REF-3714153','RAYON-13','2022-07-06','moyen',0,894),(90,'REF-710711','RAYON-68','2022-02-26','moyen',0,769),(91,'REF-689430','RAYON-5','2022-12-19','moyen',0,346),(92,'REF-6025638','RAYON-98','2022-01-26','moyen',0,820),(93,'REF-816749','RAYON-96','2022-06-29','moyen',0,302),(94,'REF-3212071','RAYON-71','2022-07-10','moyen',0,565),(95,'REF-7883461','RAYON-25','2022-11-07','moyen',0,898),(96,'REF-9770386','RAYON-20','2022-01-14','moyen',0,433),(97,'REF-9957014','RAYON-69','2022-05-27','mauvais',0,523),(98,'REF-8391386','RAYON-63','2022-08-08','moyen',0,384),(99,'REF-9969113','RAYON-84','2022-03-05','moyen',0,903),(100,'REF-5228495','RAYON-91','2022-12-06','mauvais',0,290),(101,'REF-9376842','RAYON-82','2022-04-12','neuf',0,705),(102,'REF-3612826','RAYON-70','2022-05-17','bon',0,85),(103,'REF-8230557','RAYON-87','2022-10-26','neuf',0,411),(104,'REF-4193774','RAYON-87','2022-01-25','moyen',0,687),(105,'REF-3209414','RAYON-55','2022-09-26','neuf',0,869),(106,'REF-9003306','RAYON-90','2022-10-04','neuf',0,589),(107,'REF-4400618','RAYON-44','2022-11-01','neuf',0,202),(108,'REF-4725262','RAYON-76','2022-05-10','moyen',0,246),(109,'REF-4331083','RAYON-43','2022-10-27','bon',0,896),(110,'REF-2066876','RAYON-35','2022-02-11','neuf',0,398),(111,'REF-6405171','RAYON-1','2022-02-13','neuf',0,598),(112,'REF-3472644','RAYON-95','2022-08-28','moyen',0,841),(113,'REF-6144015','RAYON-56','2022-11-18','moyen',0,720),(114,'REF-7842764','RAYON-77','2022-06-13','mauvais',0,571),(115,'REF-6706497','RAYON-65','2022-03-09','mauvais',0,786),(116,'REF-2054121','RAYON-67','2022-09-17','bon',0,642),(117,'REF-1065267','RAYON-61','2022-09-12','neuf',0,475),(118,'REF-9656862','RAYON-41','2022-02-13','neuf',0,73),(119,'REF-6501843','RAYON-4','2022-03-20','mauvais',0,880),(120,'REF-2513769','RAYON-62','2022-04-30','bon',0,254),(121,'REF-2009073','RAYON-25','2022-08-09','bon',0,16),(122,'REF-110906','RAYON-1','2022-01-02','moyen',0,444),(123,'REF-2999330','RAYON-17','2022-12-01','moyen',0,210),(124,'REF-4667967','RAYON-71','2022-02-12','bon',0,713),(125,'REF-5636058','RAYON-69','2022-09-11','moyen',0,373),(126,'REF-1181454','RAYON-48','2022-01-06','neuf',0,326),(127,'REF-7323235','RAYON-69','2022-03-23','moyen',0,14),(128,'REF-3399907','RAYON-67','2022-04-10','neuf',0,857),(129,'REF-7150180','RAYON-1','2022-11-08','neuf',0,618),(130,'REF-6353219','RAYON-33','2022-09-11','moyen',0,515),(131,'REF-8250179','RAYON-59','2022-06-03','moyen',0,845),(132,'REF-5346679','RAYON-14','2022-02-03','mauvais',0,840),(133,'REF-1899993','RAYON-44','2022-07-27','neuf',0,55),(134,'REF-3838649','RAYON-76','2022-08-12','neuf',0,174),(135,'REF-5515073','RAYON-24','2022-07-06','bon',0,933),(136,'REF-4386540','RAYON-40','2022-08-24','neuf',0,302),(137,'REF-8808432','RAYON-51','2022-11-01','moyen',0,365),(138,'REF-6163960','RAYON-99','2022-02-01','bon',0,764),(139,'REF-1178041','RAYON-30','2022-02-18','neuf',0,584),(140,'REF-9265649','RAYON-89','2022-08-12','moyen',0,464),(141,'REF-4120263','RAYON-67','2022-02-08','neuf',0,769),(142,'REF-5442640','RAYON-42','2022-06-05','moyen',0,756),(143,'REF-6362109','RAYON-92','2022-08-22','moyen',0,806),(144,'REF-5939366','RAYON-56','2022-12-17','moyen',0,597),(145,'REF-6508630','RAYON-47','2022-05-12','moyen',0,598),(146,'REF-1214126','RAYON-82','2022-09-06','mauvais',0,89),(147,'REF-6549926','RAYON-2','2022-01-31','moyen',0,12),(148,'REF-8352398','RAYON-15','2022-03-16','moyen',0,166),(149,'REF-4042352','RAYON-53','2022-05-26','bon',0,89),(150,'REF-5269604','RAYON-37','2022-04-04','moyen',0,592),(151,'REF-7220513','RAYON-84','2022-01-07','moyen',0,750),(152,'REF-2489122','RAYON-100','2022-03-24','bon',0,542),(153,'REF-4394433','RAYON-58','2022-07-10','moyen',0,629),(154,'REF-2673029','RAYON-46','2022-06-12','moyen',0,857),(155,'REF-4210362','RAYON-54','2022-05-26','bon',0,397),(156,'REF-9378642','RAYON-50','2022-08-29','moyen',0,575),(157,'REF-1258511','RAYON-91','2022-02-21','mauvais',0,207),(158,'REF-739075','RAYON-76','2022-07-08','neuf',0,935),(159,'REF-8601583','RAYON-50','2022-11-15','mauvais',0,685),(160,'REF-3992588','RAYON-95','2022-06-30','bon',0,642),(161,'REF-81073','RAYON-12','2022-07-19','moyen',0,191),(162,'REF-2786975','RAYON-83','2022-04-06','moyen',0,812),(163,'REF-1331158','RAYON-24','2022-09-24','mauvais',0,202),(164,'REF-7664250','RAYON-23','2022-10-24','bon',0,692),(165,'REF-8220848','RAYON-4','2022-09-09','bon',0,229),(166,'REF-8524643','RAYON-58','2022-04-26','moyen',0,638),(167,'REF-9235822','RAYON-71','2022-09-25','bon',0,177),(168,'REF-825768','RAYON-89','2022-03-03','neuf',0,885),(169,'REF-9195244','RAYON-95','2022-12-09','bon',0,64),(170,'REF-9124302','RAYON-38','2022-02-12','bon',0,328),(171,'REF-9065636','RAYON-56','2022-01-13','moyen',0,235),(172,'REF-5317687','RAYON-96','2022-03-08','mauvais',0,726),(173,'REF-2644634','RAYON-15','2022-11-29','moyen',0,291),(174,'REF-5769511','RAYON-2','2022-04-29','bon',0,137),(175,'REF-9036146','RAYON-11','2022-10-20','moyen',0,405),(176,'REF-6566432','RAYON-8','2022-05-15','moyen',0,139),(177,'REF-4257775','RAYON-72','2022-04-13','moyen',0,445),(178,'REF-784559','RAYON-6','2022-01-23','neuf',0,752),(179,'REF-177977','RAYON-84','2022-02-14','moyen',0,858),(180,'REF-2527830','RAYON-70','2022-09-06','bon',0,923),(181,'REF-5430302','RAYON-95','2022-02-06','bon',0,533),(182,'REF-6038595','RAYON-43','2022-04-16','moyen',0,776),(183,'REF-5864328','RAYON-61','2022-04-04','neuf',0,245),(184,'REF-3078306','RAYON-81','2022-02-08','neuf',0,350),(185,'REF-5037953','RAYON-47','2022-10-24','moyen',0,295),(186,'REF-7213381','RAYON-73','2022-06-09','mauvais',0,83),(187,'REF-2129447','RAYON-82','2022-06-07','moyen',0,168),(188,'REF-3646737','RAYON-32','2022-06-28','moyen',0,816),(189,'REF-2815785','RAYON-97','2022-12-09','moyen',0,259),(190,'REF-1896093','RAYON-18','2022-04-16','moyen',0,878),(191,'REF-1903605','RAYON-32','2022-01-09','moyen',0,320),(192,'REF-8529791','RAYON-31','2022-12-12','moyen',0,470),(193,'REF-7727','RAYON-60','2022-12-14','moyen',0,605),(194,'REF-3784048','RAYON-8','2022-04-01','mauvais',0,94),(195,'REF-1351223','RAYON-40','2022-07-22','moyen',0,158),(196,'REF-8978957','RAYON-2','2022-05-21','moyen',0,657),(197,'REF-5356287','RAYON-72','2022-12-01','bon',0,595),(198,'REF-6197521','RAYON-32','2022-09-09','moyen',0,910),(199,'REF-7427284','RAYON-99','2022-09-02','moyen',0,399),(200,'REF-7301679','RAYON-46','2022-01-31','mauvais',0,69),(201,'REF-1921701','RAYON-76','2022-03-11','moyen',0,565),(202,'REF-1643849','RAYON-13','2022-02-24','neuf',0,325),(203,'REF-2628121','RAYON-34','2022-11-18','moyen',0,990),(204,'REF-4693755','RAYON-38','2022-06-21','neuf',0,502),(205,'REF-2026391','RAYON-51','2022-11-25','moyen',0,448),(206,'REF-8886950','RAYON-11','2022-10-23','moyen',0,468),(207,'REF-5953242','RAYON-58','2022-01-29','bon',0,292),(208,'REF-1989567','RAYON-12','2022-12-20','bon',0,749),(209,'REF-5371533','RAYON-45','2022-07-30','moyen',0,854),(210,'REF-7260777','RAYON-8','2022-03-03','moyen',0,124),(211,'REF-4313864','RAYON-79','2022-08-13','bon',0,96),(212,'REF-5560107','RAYON-50','2022-10-10','bon',0,845),(213,'REF-4291369','RAYON-62','2022-10-01','mauvais',0,45),(214,'REF-7442811','RAYON-59','2022-09-07','neuf',0,611),(215,'REF-9517302','RAYON-93','2022-10-05','neuf',0,627),(216,'REF-6920045','RAYON-58','2022-10-18','moyen',0,508),(217,'REF-2269946','RAYON-62','2022-05-18','mauvais',0,352),(218,'REF-7701314','RAYON-80','2022-08-24','moyen',0,506),(219,'REF-2010427','RAYON-49','2022-10-27','moyen',0,152),(220,'REF-685203','RAYON-89','2022-03-25','moyen',0,926),(221,'REF-1987013','RAYON-22','2022-06-20','moyen',0,649),(222,'REF-2580929','RAYON-35','2022-12-02','moyen',0,694),(223,'REF-8803405','RAYON-32','2022-12-06','moyen',0,412),(224,'REF-2126672','RAYON-83','2022-06-27','mauvais',0,41),(225,'REF-3332279','RAYON-55','2022-09-12','moyen',0,227),(226,'REF-2415415','RAYON-53','2022-11-22','mauvais',0,520),(227,'REF-6570924','RAYON-73','2022-08-26','moyen',0,126),(228,'REF-1517734','RAYON-39','2022-06-13','moyen',0,46),(229,'REF-2148235','RAYON-94','2022-01-15','neuf',0,705),(230,'REF-1790310','RAYON-79','2022-05-14','neuf',0,913),(231,'REF-3535124','RAYON-4','2022-02-04','neuf',0,657),(232,'REF-4825628','RAYON-45','2022-10-01','neuf',0,587),(233,'REF-4561018','RAYON-53','2022-03-27','moyen',0,223),(234,'REF-9321088','RAYON-100','2022-03-03','moyen',0,232),(235,'REF-1810154','RAYON-22','2022-07-01','bon',0,981),(236,'REF-2653485','RAYON-39','2022-02-18','moyen',0,460),(237,'REF-9508304','RAYON-38','2022-01-11','mauvais',0,64),(238,'REF-2370426','RAYON-100','2022-04-03','neuf',0,250),(239,'REF-8971972','RAYON-74','2022-12-19','moyen',0,436),(240,'REF-7714753','RAYON-56','2022-06-06','moyen',0,639),(241,'REF-8031203','RAYON-11','2022-02-02','neuf',0,785),(242,'REF-5413406','RAYON-36','2022-02-17','moyen',0,327),(243,'REF-2045925','RAYON-5','2022-08-03','moyen',0,177),(244,'REF-2165166','RAYON-56','2022-02-10','moyen',0,984),(245,'REF-5480332','RAYON-79','2022-04-18','moyen',0,830),(246,'REF-2048334','RAYON-54','2022-01-22','moyen',0,467),(247,'REF-6193521','RAYON-70','2022-08-09','mauvais',0,159),(248,'REF-584790','RAYON-82','2022-11-17','mauvais',0,123),(249,'REF-5999233','RAYON-64','2022-05-08','moyen',0,693),(250,'REF-161796','RAYON-1','2022-12-11','neuf',0,268),(251,'REF-7965236','RAYON-18','2022-06-30','mauvais',0,472),(252,'REF-8674794','RAYON-93','2022-01-03','moyen',0,169),(253,'REF-7679602','RAYON-34','2022-05-09','bon',0,889),(254,'REF-6941468','RAYON-81','2022-11-30','moyen',0,148),(255,'REF-2066690','RAYON-59','2022-04-26','neuf',0,857),(256,'REF-6222808','RAYON-55','2022-10-24','moyen',0,203),(257,'REF-9492894','RAYON-14','2022-10-26','neuf',0,511),(258,'REF-3740488','RAYON-34','2022-07-23','neuf',0,822),(259,'REF-5832105','RAYON-46','2022-07-01','moyen',0,143),(260,'REF-5134485','RAYON-14','2022-02-23','neuf',0,176),(261,'REF-754362','RAYON-85','2022-01-08','moyen',0,81),(262,'REF-356300','RAYON-94','2022-07-21','mauvais',0,419),(263,'REF-5637809','RAYON-57','2022-02-12','neuf',0,63),(264,'REF-9763887','RAYON-70','2022-07-10','moyen',0,680),(265,'REF-140556','RAYON-4','2022-02-08','moyen',0,774),(266,'REF-2560134','RAYON-96','2022-01-11','moyen',0,27),(267,'REF-201183','RAYON-3','2022-01-17','neuf',0,764),(268,'REF-9319382','RAYON-37','2022-01-19','moyen',0,792),(269,'REF-6247179','RAYON-75','2022-11-04','neuf',0,480),(270,'REF-7882891','RAYON-51','2022-02-23','neuf',0,802),(271,'REF-9447575','RAYON-32','2022-09-25','moyen',0,748),(272,'REF-7561053','RAYON-54','2022-05-29','bon',0,908),(273,'REF-7413225','RAYON-99','2022-09-02','moyen',0,209),(274,'REF-8224769','RAYON-49','2022-12-07','moyen',0,585),(275,'REF-5290101','RAYON-90','2022-11-06','neuf',0,800),(276,'REF-5310854','RAYON-26','2022-09-03','moyen',0,658),(277,'REF-7920864','RAYON-99','2022-07-21','moyen',0,843),(278,'REF-4070309','RAYON-51','2022-04-23','mauvais',0,783),(279,'REF-7129449','RAYON-22','2022-12-04','neuf',0,691),(280,'REF-5816996','RAYON-84','2022-06-07','neuf',0,638),(281,'REF-5017061','RAYON-60','2022-06-19','neuf',0,847),(282,'REF-4065451','RAYON-50','2022-03-27','moyen',0,717),(283,'REF-629967','RAYON-17','2022-08-17','neuf',0,19),(284,'REF-9548866','RAYON-72','2022-09-17','neuf',0,252),(285,'REF-4344481','RAYON-42','2022-10-06','bon',0,596),(286,'REF-5546379','RAYON-99','2022-04-08','moyen',0,249),(287,'REF-1927710','RAYON-22','2022-06-30','neuf',0,258),(288,'REF-1106971','RAYON-79','2022-07-22','moyen',0,345),(289,'REF-6934662','RAYON-44','2022-02-03','moyen',0,536),(290,'REF-9802359','RAYON-30','2022-07-09','moyen',0,772),(291,'REF-1466944','RAYON-42','2022-08-22','mauvais',0,877),(292,'REF-7955266','RAYON-35','2022-05-05','moyen',0,163),(293,'REF-3986912','RAYON-51','2022-04-28','neuf',0,301),(294,'REF-5765941','RAYON-99','2022-03-03','bon',0,823),(295,'REF-5923594','RAYON-50','2022-09-03','moyen',0,362),(296,'REF-5975197','RAYON-91','2022-09-14','neuf',0,332),(297,'REF-3220222','RAYON-62','2022-02-11','moyen',0,142),(298,'REF-955197','RAYON-6','2022-12-11','moyen',0,109),(299,'REF-5280421','RAYON-32','2022-12-16','moyen',0,854),(300,'REF-3771946','RAYON-33','2022-06-25','bon',0,497),(301,'REF-2922341','RAYON-98','2022-12-14','bon',0,49),(302,'REF-5283496','RAYON-50','2022-11-14','moyen',0,469),(303,'REF-2629132','RAYON-91','2022-09-26','mauvais',0,936),(304,'REF-6092767','RAYON-25','2022-05-13','moyen',0,793),(305,'REF-5440319','RAYON-35','2022-01-30','neuf',0,683),(306,'REF-2125460','RAYON-2','2022-06-02','neuf',0,533),(307,'REF-9928120','RAYON-37','2022-10-31','neuf',0,474),(308,'REF-9869667','RAYON-52','2022-08-06','moyen',0,432),(309,'REF-9201680','RAYON-31','2022-10-02','moyen',0,443),(310,'REF-2844550','RAYON-10','2022-08-10','neuf',0,763),(311,'REF-5409286','RAYON-42','2022-06-12','mauvais',0,15),(312,'REF-5897472','RAYON-91','2022-09-28','moyen',0,689),(313,'REF-8469712','RAYON-17','2022-04-18','mauvais',0,612),(314,'REF-6796202','RAYON-57','2022-10-02','moyen',0,803),(315,'REF-7300037','RAYON-25','2022-01-07','moyen',0,165),(316,'REF-9593659','RAYON-31','2022-08-16','moyen',0,545),(317,'REF-4686551','RAYON-71','2022-02-19','moyen',0,547),(318,'REF-4813802','RAYON-77','2022-05-17','bon',0,584),(319,'REF-5626975','RAYON-7','2022-08-09','neuf',0,676),(320,'REF-829763','RAYON-39','2022-09-01','moyen',0,151),(321,'REF-7727371','RAYON-42','2022-09-20','bon',0,915),(322,'REF-7798699','RAYON-16','2022-06-03','neuf',0,372),(323,'REF-6659237','RAYON-22','2022-01-30','moyen',0,273),(324,'REF-6521617','RAYON-45','2022-03-31','moyen',0,848),(325,'REF-3895771','RAYON-41','2022-11-02','mauvais',0,122),(326,'REF-9650972','RAYON-47','2022-05-27','bon',0,506),(327,'REF-1175383','RAYON-8','2022-01-03','bon',0,283),(328,'REF-7144945','RAYON-73','2022-06-21','neuf',0,217),(329,'REF-7296773','RAYON-100','2022-10-11','mauvais',0,294),(330,'REF-4635563','RAYON-44','2022-10-11','bon',0,794),(331,'REF-3952723','RAYON-60','2022-10-09','moyen',0,113),(332,'REF-1419313','RAYON-38','2022-06-02','mauvais',0,329),(333,'REF-9829205','RAYON-93','2022-09-03','moyen',0,837),(334,'REF-7429381','RAYON-21','2022-10-12','moyen',0,260),(335,'REF-6275477','RAYON-37','2022-11-22','moyen',0,531),(336,'REF-2762868','RAYON-79','2022-02-10','moyen',0,623),(337,'REF-7681744','RAYON-98','2022-07-21','moyen',0,521),(338,'REF-7807907','RAYON-35','2022-05-13','bon',0,76),(339,'REF-7972499','RAYON-76','2022-05-23','neuf',0,321),(340,'REF-2263371','RAYON-18','2022-03-05','moyen',0,809),(341,'REF-9030783','RAYON-9','2022-09-20','moyen',0,164),(342,'REF-9558927','RAYON-29','2022-07-23','mauvais',0,631),(343,'REF-1510467','RAYON-87','2022-11-05','bon',0,697),(344,'REF-5293086','RAYON-56','2022-03-12','bon',0,561),(345,'REF-4317189','RAYON-48','2022-02-03','mauvais',0,412),(346,'REF-3444600','RAYON-49','2022-05-22','moyen',0,237),(347,'REF-5219730','RAYON-91','2022-11-29','bon',0,173),(348,'REF-7114407','RAYON-4','2022-01-22','neuf',0,335),(349,'REF-5914130','RAYON-96','2022-01-01','neuf',0,836),(350,'REF-5707731','RAYON-35','2022-01-12','moyen',0,293),(351,'REF-1530395','RAYON-89','2022-12-15','moyen',0,58),(352,'REF-3016843','RAYON-34','2022-10-04','bon',0,884),(353,'REF-9084812','RAYON-90','2022-09-16','moyen',0,296),(354,'REF-7433303','RAYON-84','2022-11-25','neuf',0,864),(355,'REF-1045050','RAYON-94','2022-05-03','moyen',0,396),(356,'REF-9911860','RAYON-78','2022-11-08','mauvais',0,758),(357,'REF-3709703','RAYON-59','2022-10-12','moyen',0,363),(358,'REF-51912','RAYON-94','2022-08-26','moyen',0,851),(359,'REF-9637944','RAYON-27','2022-06-05','neuf',0,929),(360,'REF-2541125','RAYON-49','2022-08-24','neuf',0,123),(361,'REF-4577676','RAYON-93','2022-03-26','moyen',0,513),(362,'REF-5038791','RAYON-99','2022-05-20','mauvais',0,794),(363,'REF-336039','RAYON-79','2022-10-22','neuf',0,368),(364,'REF-701992','RAYON-25','2022-01-12','moyen',0,820),(365,'REF-162425','RAYON-63','2022-01-23','bon',0,539),(366,'REF-8626237','RAYON-70','2022-11-17','moyen',0,418),(367,'REF-6998549','RAYON-25','2022-02-18','moyen',0,245),(368,'REF-1713398','RAYON-13','2022-02-08','neuf',0,393),(369,'REF-4495022','RAYON-7','2022-12-19','neuf',0,21),(370,'REF-5027214','RAYON-46','2022-09-22','neuf',0,946),(371,'REF-405362','RAYON-37','2022-09-09','bon',0,852),(372,'REF-5351850','RAYON-13','2022-12-20','bon',0,292),(373,'REF-5719745','RAYON-99','2022-03-15','mauvais',0,795),(374,'REF-5398790','RAYON-32','2022-12-05','neuf',0,512),(375,'REF-2500566','RAYON-72','2022-10-20','neuf',0,722),(376,'REF-2466482','RAYON-7','2022-07-31','bon',0,809),(377,'REF-3529519','RAYON-34','2022-08-12','moyen',0,932),(378,'REF-3404992','RAYON-91','2022-07-06','moyen',0,169),(379,'REF-5052404','RAYON-3','2022-07-28','moyen',0,696),(380,'REF-1572189','RAYON-70','2022-01-08','mauvais',0,999),(381,'REF-9671491','RAYON-84','2022-04-15','moyen',0,362),(382,'REF-607894','RAYON-23','2022-11-21','moyen',0,759),(383,'REF-4932479','RAYON-20','2022-06-18','moyen',0,801),(384,'REF-3722659','RAYON-47','2022-03-07','bon',0,79),(385,'REF-877917','RAYON-21','2022-09-23','moyen',0,6),(386,'REF-9791703','RAYON-88','2022-06-13','moyen',0,373),(387,'REF-7734873','RAYON-76','2022-06-02','moyen',0,333),(388,'REF-3605817','RAYON-81','2022-12-03','neuf',0,394),(389,'REF-8063331','RAYON-86','2022-10-22','moyen',0,635),(390,'REF-8733096','RAYON-47','2022-09-04','mauvais',0,688),(391,'REF-2490964','RAYON-19','2022-03-01','moyen',0,272),(392,'REF-9868080','RAYON-13','2022-08-16','neuf',0,964),(393,'REF-7904541','RAYON-7','2022-11-26','moyen',0,307),(394,'REF-6335094','RAYON-25','2022-05-02','neuf',0,25),(395,'REF-9475554','RAYON-67','2022-06-17','neuf',0,513),(396,'REF-9889970','RAYON-41','2022-01-23','moyen',0,802),(397,'REF-3827174','RAYON-51','2022-05-23','bon',0,796),(398,'REF-5781554','RAYON-51','2022-10-05','neuf',0,530),(399,'REF-8329630','RAYON-58','2022-05-18','moyen',0,269),(400,'REF-407691','RAYON-40','2022-11-06','moyen',0,523),(401,'REF-7640046','RAYON-26','2022-12-09','mauvais',0,228),(402,'REF-6605126','RAYON-62','2022-02-10','neuf',0,31),(403,'REF-1911471','RAYON-87','2022-09-24','moyen',0,696),(404,'REF-6739105','RAYON-29','2022-05-22','neuf',0,283),(405,'REF-6043296','RAYON-18','2022-01-23','moyen',0,304),(406,'REF-3421819','RAYON-81','2022-12-13','neuf',0,429),(407,'REF-9164507','RAYON-30','2022-09-18','moyen',0,272),(408,'REF-9894505','RAYON-14','2022-09-04','mauvais',0,470),(409,'REF-3083269','RAYON-14','2022-09-19','moyen',0,393),(410,'REF-9643883','RAYON-65','2022-04-26','moyen',0,286),(411,'REF-1526581','RAYON-91','2022-01-29','bon',0,907),(412,'REF-5416531','RAYON-99','2022-04-22','bon',0,756),(413,'REF-9734148','RAYON-61','2022-01-31','moyen',0,497),(414,'REF-7232048','RAYON-13','2022-06-16','neuf',0,637),(415,'REF-5910474','RAYON-5','2022-06-08','moyen',0,666),(416,'REF-4313774','RAYON-17','2022-07-02','mauvais',0,179),(417,'REF-2290614','RAYON-62','2022-05-11','mauvais',0,582),(418,'REF-1492587','RAYON-1','2022-07-20','moyen',0,935),(419,'REF-434347','RAYON-42','2022-11-29','moyen',0,335),(420,'REF-7188806','RAYON-60','2022-10-09','moyen',0,65),(421,'REF-1459370','RAYON-54','2022-03-30','neuf',0,993),(422,'REF-1194355','RAYON-63','2022-09-20','bon',0,890),(423,'REF-6584788','RAYON-63','2022-02-22','moyen',0,558),(424,'REF-9022603','RAYON-84','2022-06-22','bon',0,579),(425,'REF-8626112','RAYON-58','2022-04-18','bon',0,495),(426,'REF-3536662','RAYON-29','2022-05-09','moyen',0,325),(427,'REF-4044781','RAYON-5','2022-01-12','mauvais',0,843),(428,'REF-2796062','RAYON-88','2022-07-02','moyen',0,184),(429,'REF-3674141','RAYON-29','2022-04-29','bon',0,74),(430,'REF-8214795','RAYON-89','2022-12-08','neuf',0,962),(431,'REF-1076060','RAYON-66','2022-12-02','bon',0,640),(432,'REF-2998755','RAYON-59','2022-01-05','moyen',0,767),(433,'REF-8874425','RAYON-14','2022-01-07','moyen',0,26),(434,'REF-4747613','RAYON-30','2022-01-20','moyen',0,408),(435,'REF-7725447','RAYON-65','2022-11-09','moyen',0,403),(436,'REF-497822','RAYON-5','2022-01-19','moyen',0,415),(437,'REF-931493','RAYON-23','2022-10-20','moyen',0,706),(438,'REF-2050007','RAYON-91','2022-11-25','neuf',0,669),(439,'REF-7661818','RAYON-83','2022-10-21','neuf',0,992),(440,'REF-3876840','RAYON-97','2022-08-19','neuf',0,654),(441,'REF-9051939','RAYON-57','2022-02-09','moyen',0,156),(442,'REF-9249312','RAYON-16','2022-01-04','moyen',0,483),(443,'REF-4096110','RAYON-60','2022-09-30','mauvais',0,529),(444,'REF-8371008','RAYON-61','2022-06-23','neuf',0,170),(445,'REF-9408303','RAYON-20','2022-02-25','neuf',0,228),(446,'REF-1036777','RAYON-84','2022-11-03','neuf',0,123),(447,'REF-9946879','RAYON-61','2022-01-18','moyen',0,205),(448,'REF-6635378','RAYON-71','2022-07-05','bon',0,475),(449,'REF-8672921','RAYON-92','2022-12-09','mauvais',0,585),(450,'REF-2012271','RAYON-26','2022-08-21','moyen',0,421),(451,'REF-9088992','RAYON-29','2022-08-31','moyen',0,224),(452,'REF-5896131','RAYON-28','2022-08-09','moyen',0,317),(453,'REF-5894640','RAYON-100','2022-03-19','mauvais',0,873),(454,'REF-8630366','RAYON-70','2022-11-16','moyen',0,603),(455,'REF-6807251','RAYON-60','2022-11-28','moyen',0,957),(456,'REF-9696774','RAYON-98','2022-12-14','moyen',0,548),(457,'REF-2469733','RAYON-60','2022-03-17','moyen',0,705),(458,'REF-962421','RAYON-37','2022-07-13','moyen',0,351),(459,'REF-8048163','RAYON-98','2022-06-09','moyen',0,105),(460,'REF-33406','RAYON-71','2022-06-27','neuf',0,840),(461,'REF-742129','RAYON-86','2022-01-16','bon',0,879),(462,'REF-7533383','RAYON-14','2022-05-23','moyen',0,599),(463,'REF-2670831','RAYON-54','2022-11-13','moyen',0,272),(464,'REF-1359860','RAYON-87','2022-11-22','neuf',0,125),(465,'REF-2537903','RAYON-90','2022-09-11','moyen',0,271),(466,'REF-8511752','RAYON-45','2022-08-28','mauvais',0,740),(467,'REF-1815575','RAYON-70','2022-11-17','moyen',0,868),(468,'REF-3653804','RAYON-23','2022-01-11','moyen',0,646),(469,'REF-2422003','RAYON-28','2022-08-17','bon',0,1000),(470,'REF-2252424','RAYON-13','2022-12-08','neuf',0,550),(471,'REF-9911115','RAYON-31','2022-07-16','moyen',0,934),(472,'REF-8988855','RAYON-70','2022-09-29','neuf',0,521),(473,'REF-6748015','RAYON-82','2022-01-15','moyen',0,994),(474,'REF-8112548','RAYON-8','2022-11-30','moyen',0,676),(475,'REF-5194647','RAYON-58','2022-04-14','neuf',0,923),(476,'REF-7094726','RAYON-78','2022-09-28','bon',0,729),(477,'REF-9573184','RAYON-61','2022-02-18','moyen',0,962),(478,'REF-751017','RAYON-49','2022-03-20','moyen',0,465),(479,'REF-5011094','RAYON-12','2022-01-22','neuf',0,961),(480,'REF-925256','RAYON-59','2022-08-11','bon',0,138),(481,'REF-8375677','RAYON-78','2022-05-07','moyen',0,431),(482,'REF-3219026','RAYON-32','2022-08-07','moyen',0,730),(483,'REF-890894','RAYON-26','2022-01-05','moyen',0,250),(484,'REF-8406911','RAYON-46','2022-09-24','moyen',0,922),(485,'REF-7546888','RAYON-1','2022-10-01','neuf',0,677),(486,'REF-3507881','RAYON-73','2022-07-19','moyen',0,682),(487,'REF-5234867','RAYON-58','2022-04-14','moyen',0,730),(488,'REF-3621645','RAYON-63','2022-01-09','neuf',0,77),(489,'REF-271285','RAYON-91','2022-06-07','moyen',0,882),(490,'REF-881354','RAYON-80','2022-09-09','moyen',0,563),(491,'REF-7674307','RAYON-15','2022-06-06','neuf',0,499),(492,'REF-8774899','RAYON-90','2022-10-22','neuf',0,666),(493,'REF-5437862','RAYON-73','2022-12-15','moyen',0,766),(494,'REF-5921191','RAYON-67','2022-07-12','bon',0,187),(495,'REF-4143637','RAYON-52','2022-04-21','mauvais',0,29),(496,'REF-4639301','RAYON-24','2022-10-05','neuf',0,994),(497,'REF-8805671','RAYON-43','2022-06-15','mauvais',0,512),(498,'REF-7277063','RAYON-11','2022-04-29','moyen',0,770),(499,'REF-5758391','RAYON-58','2022-02-13','bon',0,870),(500,'REF-1458246','RAYON-12','2022-02-26','neuf',0,382),(501,'REF-5661248','RAYON-69','2022-09-18','moyen',0,453),(502,'REF-5463405','RAYON-38','2022-03-24','mauvais',0,424),(503,'REF-5869399','RAYON-67','2022-07-19','moyen',0,921),(504,'REF-2865713','RAYON-68','2022-06-27','moyen',0,209),(505,'REF-4878765','RAYON-82','2022-08-01','bon',0,792),(506,'REF-8659541','RAYON-96','2022-03-03','mauvais',0,470),(507,'REF-8594537','RAYON-89','2022-11-04','moyen',0,590),(508,'REF-5085149','RAYON-78','2022-05-04','bon',0,760),(509,'REF-8583480','RAYON-2','2022-06-21','moyen',0,71),(510,'REF-6854205','RAYON-22','2022-01-07','bon',0,534),(511,'REF-7946308','RAYON-38','2022-06-21','bon',0,933),(512,'REF-3794738','RAYON-11','2022-05-09','moyen',0,674),(513,'REF-5171860','RAYON-57','2022-04-07','moyen',0,778),(514,'REF-9076550','RAYON-21','2022-04-21','moyen',0,641),(515,'REF-4017967','RAYON-9','2022-03-25','moyen',0,798),(516,'REF-7628764','RAYON-43','2022-10-16','moyen',0,637),(517,'REF-8745701','RAYON-47','2022-09-04','mauvais',0,440),(518,'REF-1807557','RAYON-59','2022-05-17','moyen',0,833),(519,'REF-6212264','RAYON-61','2022-03-04','mauvais',0,624),(520,'REF-8381083','RAYON-33','2022-02-02','bon',0,761),(521,'REF-4081386','RAYON-76','2022-07-20','bon',0,973),(522,'REF-2805661','RAYON-49','2022-07-28','moyen',0,258),(523,'REF-4582298','RAYON-52','2022-03-20','bon',0,11),(524,'REF-4550164','RAYON-25','2022-10-30','bon',0,845),(525,'REF-746648','RAYON-85','2022-12-13','moyen',0,600),(526,'REF-7988810','RAYON-20','2022-07-24','moyen',0,775),(527,'REF-2556583','RAYON-96','2022-01-04','moyen',0,825),(528,'REF-679491','RAYON-87','2022-02-15','mauvais',0,915),(529,'REF-1585838','RAYON-5','2022-09-28','bon',0,839),(530,'REF-9248139','RAYON-12','2022-10-02','moyen',0,220),(531,'REF-3920423','RAYON-31','2022-04-30','neuf',0,85),(532,'REF-1682136','RAYON-59','2022-05-31','moyen',0,437),(533,'REF-7219584','RAYON-30','2022-04-28','moyen',0,253),(534,'REF-724468','RAYON-61','2022-10-14','moyen',0,420),(535,'REF-7898004','RAYON-69','2022-01-29','neuf',0,709),(536,'REF-9554811','RAYON-66','2022-05-22','mauvais',0,782),(537,'REF-9744100','RAYON-53','2022-09-13','mauvais',0,567),(538,'REF-599283','RAYON-61','2022-10-20','bon',0,961),(539,'REF-1025302','RAYON-64','2022-10-29','neuf',0,523),(540,'REF-9418184','RAYON-15','2022-11-07','neuf',0,528),(541,'REF-7100141','RAYON-97','2022-09-07','bon',0,748),(542,'REF-2797498','RAYON-16','2022-12-01','moyen',0,766),(543,'REF-8001269','RAYON-71','2022-02-11','bon',0,653),(544,'REF-47050','RAYON-7','2022-04-21','moyen',0,593),(545,'REF-2517560','RAYON-49','2022-08-19','bon',0,436),(546,'REF-6989645','RAYON-19','2022-10-25','moyen',0,636),(547,'REF-2093650','RAYON-14','2022-01-25','neuf',0,292),(548,'REF-7525609','RAYON-89','2022-03-06','moyen',0,79),(549,'REF-4798834','RAYON-17','2022-05-15','neuf',0,804),(550,'REF-5115603','RAYON-15','2022-03-15','moyen',0,887),(551,'REF-1711330','RAYON-20','2022-06-17','moyen',0,920),(552,'REF-5498370','RAYON-100','2022-04-19','moyen',0,703),(553,'REF-8895715','RAYON-35','2022-01-15','neuf',0,566),(554,'REF-6012684','RAYON-31','2022-09-20','neuf',0,103),(555,'REF-7423166','RAYON-41','2022-10-10','neuf',0,957),(556,'REF-6258529','RAYON-26','2022-05-28','moyen',0,84),(557,'REF-2327387','RAYON-92','2022-11-05','moyen',0,733),(558,'REF-5451883','RAYON-53','2022-01-01','bon',0,297),(559,'REF-4861900','RAYON-55','2022-03-29','moyen',0,90),(560,'REF-8097624','RAYON-79','2022-06-17','mauvais',0,544),(561,'REF-5371321','RAYON-6','2022-08-24','moyen',0,973),(562,'REF-8941058','RAYON-56','2022-01-28','moyen',0,547),(563,'REF-6802927','RAYON-77','2022-09-30','moyen',0,707),(564,'REF-3128759','RAYON-45','2022-04-10','mauvais',0,489),(565,'REF-8080554','RAYON-58','2022-06-09','moyen',0,308),(566,'REF-358917','RAYON-26','2022-03-06','bon',0,455),(567,'REF-1042332','RAYON-16','2022-06-19','bon',0,211),(568,'REF-5919286','RAYON-33','2022-11-02','bon',0,773),(569,'REF-6526752','RAYON-95','2022-10-01','mauvais',0,838),(570,'REF-8520391','RAYON-75','2022-03-06','moyen',0,447),(571,'REF-5120791','RAYON-23','2022-07-21','moyen',0,424),(572,'REF-4087970','RAYON-78','2022-08-17','neuf',0,134),(573,'REF-5807357','RAYON-51','2022-10-03','moyen',0,361),(574,'REF-7738594','RAYON-79','2022-08-10','neuf',0,735),(575,'REF-2045534','RAYON-82','2022-06-18','neuf',0,322),(576,'REF-773396','RAYON-43','2022-11-06','neuf',0,605),(577,'REF-3232006','RAYON-81','2022-01-17','moyen',0,56),(578,'REF-4416136','RAYON-5','2022-11-08','moyen',0,394),(579,'REF-3337462','RAYON-49','2022-06-03','neuf',0,383),(580,'REF-4139509','RAYON-93','2022-05-10','mauvais',0,926),(581,'REF-9553484','RAYON-1','2022-02-19','bon',0,871),(582,'REF-7230494','RAYON-1','2022-10-28','moyen',0,518),(583,'REF-7620097','RAYON-26','2022-12-20','bon',0,960),(584,'REF-2362119','RAYON-31','2022-10-14','moyen',0,250),(585,'REF-8406968','RAYON-46','2022-09-22','neuf',0,881),(586,'REF-1553170','RAYON-14','2022-03-14','moyen',0,142),(587,'REF-9094634','RAYON-13','2022-11-11','mauvais',0,214),(588,'REF-133343','RAYON-43','2022-02-03','moyen',0,950),(589,'REF-8856184','RAYON-58','2022-03-27','moyen',0,630),(590,'REF-1576424','RAYON-91','2022-01-11','bon',0,457),(591,'REF-1505166','RAYON-39','2022-06-14','moyen',0,92),(592,'REF-3197085','RAYON-33','2022-08-24','moyen',0,626),(593,'REF-483094','RAYON-37','2022-08-28','neuf',0,758),(594,'REF-1180600','RAYON-32','2022-03-26','moyen',0,907),(595,'REF-5494783','RAYON-3','2022-06-25','neuf',0,581),(596,'REF-9629057','RAYON-8','2022-06-19','moyen',0,946),(597,'REF-7730756','RAYON-3','2022-10-21','mauvais',0,814),(598,'REF-6779902','RAYON-95','2022-09-09','moyen',0,302),(599,'REF-6440371','RAYON-32','2022-08-19','neuf',0,457),(600,'REF-6888056','RAYON-8','2022-04-19','neuf',0,751),(601,'REF-1740873','RAYON-62','2022-07-22','mauvais',0,465),(602,'REF-4411550','RAYON-82','2022-09-18','bon',0,660),(603,'REF-2762314','RAYON-41','2022-03-05','moyen',0,692),(604,'REF-2050726','RAYON-96','2022-02-20','moyen',0,954),(605,'REF-29342','RAYON-16','2022-09-28','moyen',0,892),(606,'REF-2520547','RAYON-59','2022-03-01','mauvais',0,268),(607,'REF-6324525','RAYON-36','2022-11-15','moyen',0,554),(608,'REF-3791452','RAYON-24','2022-01-15','moyen',0,214),(609,'REF-1032969','RAYON-88','2022-01-27','neuf',0,4),(610,'REF-4688545','RAYON-34','2022-04-01','moyen',0,394),(611,'REF-5795281','RAYON-72','2022-10-25','mauvais',0,582),(612,'REF-6629804','RAYON-57','2022-10-31','moyen',0,91),(613,'REF-613379','RAYON-4','2022-12-16','moyen',0,392),(614,'REF-5905310','RAYON-78','2022-02-13','bon',0,910),(615,'REF-7479','RAYON-28','2022-05-13','mauvais',0,495),(616,'REF-827026','RAYON-94','2022-05-24','neuf',0,357),(617,'REF-9254242','RAYON-56','2022-01-07','moyen',0,603),(618,'REF-6978215','RAYON-69','2022-04-21','moyen',0,194),(619,'REF-2396532','RAYON-62','2022-05-13','mauvais',0,673),(620,'REF-5370606','RAYON-67','2022-09-14','moyen',0,802),(621,'REF-5723970','RAYON-46','2022-07-19','moyen',0,911),(622,'REF-5547049','RAYON-5','2022-07-14','moyen',0,402),(623,'REF-1112081','RAYON-36','2022-06-01','mauvais',0,333),(624,'REF-3214143','RAYON-61','2022-01-29','moyen',0,577),(625,'REF-87382','RAYON-32','2022-07-13','neuf',0,516),(626,'REF-8286551','RAYON-60','2022-06-24','moyen',0,55),(627,'REF-8726882','RAYON-20','2022-05-14','moyen',0,210),(628,'REF-7113456','RAYON-93','2022-06-27','bon',0,425),(629,'REF-846667','RAYON-16','2022-06-26','mauvais',0,339),(630,'REF-6253970','RAYON-12','2022-08-28','mauvais',0,940),(631,'REF-470463','RAYON-42','2022-11-28','moyen',0,553),(632,'REF-8371717','RAYON-53','2022-02-17','mauvais',0,785),(633,'REF-9035060','RAYON-17','2022-02-11','mauvais',0,115),(634,'REF-3507202','RAYON-42','2022-01-01','neuf',0,650),(635,'REF-2054452','RAYON-8','2022-10-01','neuf',0,838),(636,'REF-602846','RAYON-79','2022-09-27','neuf',0,92),(637,'REF-7255991','RAYON-36','2022-07-27','moyen',0,299),(638,'REF-9343552','RAYON-78','2022-01-28','mauvais',0,239),(639,'REF-9318830','RAYON-95','2022-11-25','moyen',0,303),(640,'REF-7608025','RAYON-90','2022-03-11','moyen',0,239),(641,'REF-3139468','RAYON-86','2022-04-26','mauvais',0,686),(642,'REF-2878140','RAYON-39','2022-01-16','mauvais',0,79),(643,'REF-6003955','RAYON-77','2022-01-14','moyen',0,958),(644,'REF-9071532','RAYON-67','2022-07-31','bon',0,952),(645,'REF-738606','RAYON-52','2022-05-03','moyen',0,819),(646,'REF-3446904','RAYON-27','2022-04-18','neuf',0,15),(647,'REF-341458','RAYON-13','2022-07-08','neuf',0,558),(648,'REF-1664930','RAYON-17','2022-04-18','mauvais',0,338),(649,'REF-8086674','RAYON-4','2022-09-18','moyen',0,55),(650,'REF-9832931','RAYON-76','2022-10-16','moyen',0,406),(651,'REF-4894416','RAYON-23','2022-08-28','neuf',0,894),(652,'REF-6396053','RAYON-52','2022-08-23','moyen',0,42),(653,'REF-747597','RAYON-26','2022-01-10','neuf',0,391),(654,'REF-8380022','RAYON-2','2022-07-24','moyen',0,359),(655,'REF-8594690','RAYON-23','2022-07-10','mauvais',0,398),(656,'REF-5119779','RAYON-37','2022-04-15','bon',0,459),(657,'REF-6065784','RAYON-66','2022-06-14','moyen',0,928),(658,'REF-6547488','RAYON-50','2022-06-25','moyen',0,709),(659,'REF-7034683','RAYON-40','2022-10-28','mauvais',0,744),(660,'REF-3507830','RAYON-53','2022-07-20','neuf',0,585),(661,'REF-1993998','RAYON-25','2022-08-10','bon',0,793),(662,'REF-3549303','RAYON-40','2022-11-20','bon',0,91),(663,'REF-2834786','RAYON-15','2022-11-08','bon',0,425),(664,'REF-1490935','RAYON-48','2022-11-21','bon',0,593),(665,'REF-305110','RAYON-38','2022-10-06','moyen',0,36),(666,'REF-8208175','RAYON-100','2022-07-07','moyen',0,778),(667,'REF-1983097','RAYON-66','2022-09-07','moyen',0,112),(668,'REF-4259830','RAYON-80','2022-09-08','moyen',0,333),(669,'REF-3528350','RAYON-77','2022-10-03','neuf',0,455),(670,'REF-6465801','RAYON-88','2022-05-27','bon',0,684),(671,'REF-1714990','RAYON-81','2022-07-02','moyen',0,708),(672,'REF-2736762','RAYON-25','2022-05-23','bon',0,725),(673,'REF-4716797','RAYON-19','2022-06-29','neuf',0,684),(674,'REF-5561508','RAYON-74','2022-12-15','moyen',0,216),(675,'REF-7992439','RAYON-36','2022-05-05','moyen',0,574),(676,'REF-8616477','RAYON-59','2022-05-07','mauvais',0,53),(677,'REF-1976762','RAYON-84','2022-07-19','moyen',0,727),(678,'REF-6946899','RAYON-30','2022-05-19','mauvais',0,759),(679,'REF-2024235','RAYON-74','2022-01-28','moyen',0,245),(680,'REF-7695858','RAYON-12','2022-04-05','bon',0,290),(681,'REF-2192182','RAYON-23','2022-06-19','bon',0,253),(682,'REF-6687170','RAYON-59','2022-11-23','moyen',0,888),(683,'REF-7374395','RAYON-3','2022-11-21','moyen',0,376),(684,'REF-945930','RAYON-35','2022-06-07','moyen',0,821),(685,'REF-1075277','RAYON-8','2022-01-21','mauvais',0,376),(686,'REF-5500566','RAYON-63','2022-06-18','bon',0,272),(687,'REF-6478764','RAYON-43','2022-03-05','neuf',0,291),(688,'REF-2955071','RAYON-61','2022-02-19','bon',0,766),(689,'REF-7645614','RAYON-53','2022-05-02','moyen',0,74),(690,'REF-4718843','RAYON-14','2022-04-07','moyen',0,968),(691,'REF-9851361','RAYON-3','2022-02-28','neuf',0,73),(692,'REF-6457783','RAYON-2','2022-02-12','moyen',0,958),(693,'REF-777362','RAYON-52','2022-05-03','moyen',0,980),(694,'REF-340400','RAYON-24','2022-01-22','moyen',0,751),(695,'REF-2259113','RAYON-88','2022-09-11','neuf',0,523),(696,'REF-3022025','RAYON-95','2022-10-17','neuf',0,362),(697,'REF-6580172','RAYON-21','2022-01-18','bon',0,889),(698,'REF-8760410','RAYON-72','2022-12-03','bon',0,129),(699,'REF-2164468','RAYON-70','2022-10-22','mauvais',0,42),(700,'REF-6605638','RAYON-18','2022-11-16','neuf',0,245),(701,'REF-7799147','RAYON-17','2022-06-22','moyen',0,298),(702,'REF-8761028','RAYON-49','2022-10-14','moyen',0,775),(703,'REF-6695601','RAYON-3','2022-02-12','moyen',0,533),(704,'REF-4910451','RAYON-86','2022-10-14','moyen',0,728),(705,'REF-4331812','RAYON-99','2022-08-06','moyen',0,86),(706,'REF-4079411','RAYON-79','2022-09-03','neuf',0,294),(707,'REF-6758073','RAYON-50','2022-06-16','moyen',0,179),(708,'REF-646797','RAYON-79','2022-09-23','neuf',0,40),(709,'REF-501444','RAYON-14','2022-06-29','bon',0,549),(710,'REF-5188519','RAYON-95','2022-03-09','mauvais',0,341),(711,'REF-9211985','RAYON-59','2022-02-24','mauvais',0,118),(712,'REF-6825788','RAYON-7','2022-03-31','mauvais',0,9),(713,'REF-914187','RAYON-44','2022-11-08','neuf',0,934),(714,'REF-382295','RAYON-40','2022-10-25','mauvais',0,17),(715,'REF-2236232','RAYON-7','2022-08-24','moyen',0,712),(716,'REF-8279406','RAYON-1','2022-07-11','moyen',0,508),(717,'REF-642492','RAYON-80','2022-10-10','neuf',0,918),(718,'REF-3241516','RAYON-87','2022-05-12','bon',0,955),(719,'REF-1839820','RAYON-6','2022-09-15','bon',0,360),(720,'REF-7071603','RAYON-46','2022-02-28','moyen',0,644),(721,'REF-2084854','RAYON-12','2022-11-25','moyen',0,775),(722,'REF-6410497','RAYON-89','2022-06-20','moyen',0,690),(723,'REF-1311725','RAYON-59','2022-07-12','bon',0,298),(724,'REF-6048544','RAYON-14','2022-10-28','moyen',0,675),(725,'REF-3217366','RAYON-59','2022-12-08','mauvais',0,994),(726,'REF-6508799','RAYON-28','2022-05-29','bon',0,938),(727,'REF-7650033','RAYON-2','2022-09-28','moyen',0,941),(728,'REF-2140137','RAYON-25','2022-08-02','moyen',0,184),(729,'REF-6358455','RAYON-63','2022-03-23','moyen',0,54),(730,'REF-4314851','RAYON-100','2022-09-04','neuf',0,283),(731,'REF-1040918','RAYON-68','2022-01-20','bon',0,711),(732,'REF-1173806','RAYON-46','2022-11-23','moyen',0,428),(733,'REF-4785079','RAYON-12','2022-02-11','moyen',0,434),(734,'REF-3211242','RAYON-31','2022-07-19','neuf',0,304),(735,'REF-4247754','RAYON-22','2022-10-10','moyen',0,148),(736,'REF-6939119','RAYON-3','2022-01-18','neuf',0,704),(737,'REF-6729755','RAYON-26','2022-03-30','neuf',0,966),(738,'REF-1176076','RAYON-70','2022-02-04','moyen',0,854),(739,'REF-9670031','RAYON-28','2022-06-19','neuf',0,570),(740,'REF-6659172','RAYON-63','2022-02-07','bon',0,113),(741,'REF-4883053','RAYON-11','2022-01-22','moyen',0,815),(742,'REF-8881315','RAYON-100','2022-04-27','moyen',0,114),(743,'REF-1363306','RAYON-35','2022-04-16','moyen',0,556),(744,'REF-458486','RAYON-57','2022-08-29','moyen',0,265),(745,'REF-1419465','RAYON-92','2022-02-25','mauvais',0,341),(746,'REF-6437065','RAYON-20','2022-01-18','bon',0,483),(747,'REF-443101','RAYON-78','2022-09-20','neuf',0,100),(748,'REF-111554','RAYON-76','2022-09-23','bon',0,795),(749,'REF-2554100','RAYON-90','2022-09-06','bon',0,326),(750,'REF-5713581','RAYON-89','2022-09-01','neuf',0,351),(751,'REF-5106794','RAYON-51','2022-12-15','bon',0,345),(752,'REF-7075078','RAYON-51','2022-05-20','bon',0,881),(753,'REF-6455274','RAYON-59','2022-12-16','neuf',0,806),(754,'REF-4242910','RAYON-71','2022-03-31','moyen',0,876),(755,'REF-3729019','RAYON-24','2022-01-26','bon',0,36),(756,'REF-4923763','RAYON-36','2022-04-14','bon',0,826),(757,'REF-7986132','RAYON-52','2022-03-08','moyen',0,307),(758,'REF-6468876','RAYON-32','2022-08-13','moyen',0,661),(759,'REF-1798368','RAYON-92','2022-01-18','neuf',0,904),(760,'REF-2511890','RAYON-55','2022-12-10','bon',0,477),(761,'REF-7920921','RAYON-54','2022-04-10','moyen',0,726),(762,'REF-505527','RAYON-8','2022-03-25','bon',0,833),(763,'REF-9729904','RAYON-37','2022-11-20','moyen',0,945),(764,'REF-9960308','RAYON-15','2022-09-22','neuf',0,422),(765,'REF-8729782','RAYON-10','2022-11-07','mauvais',0,855),(766,'REF-7927414','RAYON-41','2022-08-11','neuf',0,257),(767,'REF-2770487','RAYON-62','2022-03-28','bon',0,675),(768,'REF-4937857','RAYON-45','2022-09-24','moyen',0,913),(769,'REF-1414028','RAYON-97','2022-05-29','moyen',0,291),(770,'REF-2663131','RAYON-47','2022-06-28','moyen',0,152),(771,'REF-5834903','RAYON-47','2022-07-17','moyen',0,247),(772,'REF-2469724','RAYON-50','2022-09-16','moyen',0,240),(773,'REF-7591463','RAYON-8','2022-02-06','bon',0,505),(774,'REF-1907203','RAYON-44','2022-08-09','bon',0,817),(775,'REF-3634602','RAYON-37','2022-09-22','moyen',0,175),(776,'REF-6480645','RAYON-72','2022-08-14','mauvais',0,347),(777,'REF-8494081','RAYON-21','2022-06-23','moyen',0,216),(778,'REF-3609558','RAYON-16','2022-09-11','mauvais',0,425),(779,'REF-915857','RAYON-19','2022-08-18','neuf',0,450),(780,'REF-470936','RAYON-89','2022-04-16','moyen',0,734),(781,'REF-9863212','RAYON-74','2022-09-04','moyen',0,283),(782,'REF-9410512','RAYON-86','2022-06-15','moyen',0,938),(783,'REF-242835','RAYON-31','2022-06-17','moyen',0,21),(784,'REF-7522658','RAYON-71','2022-03-28','moyen',0,915),(785,'REF-1204413','RAYON-86','2022-11-27','mauvais',0,911),(786,'REF-6515020','RAYON-53','2022-08-27','neuf',0,295),(787,'REF-5853424','RAYON-5','2022-06-10','moyen',0,328),(788,'REF-6135050','RAYON-9','2022-07-27','neuf',0,938),(789,'REF-4289455','RAYON-34','2022-05-13','moyen',0,728),(790,'REF-3090320','RAYON-37','2022-11-10','bon',0,481),(791,'REF-735532','RAYON-93','2022-05-25','bon',0,646),(792,'REF-5155978','RAYON-65','2022-08-23','moyen',0,536),(793,'REF-8145896','RAYON-47','2022-11-11','mauvais',0,724),(794,'REF-8956487','RAYON-31','2022-10-29','bon',0,951),(795,'REF-7338247','RAYON-82','2022-11-10','neuf',0,300),(796,'REF-3295930','RAYON-75','2022-09-26','moyen',0,674),(797,'REF-2658778','RAYON-31','2022-09-23','moyen',0,648),(798,'REF-7238765','RAYON-68','2022-03-15','mauvais',0,217),(799,'REF-7225180','RAYON-97','2022-08-20','moyen',0,694),(800,'REF-2897287','RAYON-37','2022-12-08','moyen',0,423),(801,'REF-9152656','RAYON-31','2022-10-09','mauvais',0,167),(802,'REF-2454329','RAYON-73','2022-11-14','neuf',0,16),(803,'REF-2132960','RAYON-2','2022-06-11','moyen',0,448),(804,'REF-2231754','RAYON-78','2022-03-14','neuf',0,320),(805,'REF-7721220','RAYON-91','2022-03-10','moyen',0,556),(806,'REF-384321','RAYON-53','2022-07-04','mauvais',0,618),(807,'REF-4836751','RAYON-57','2022-05-13','moyen',0,896),(808,'REF-3225544','RAYON-93','2022-08-23','moyen',0,128),(809,'REF-5512539','RAYON-38','2022-03-20','neuf',0,359),(810,'REF-8852595','RAYON-36','2022-02-05','neuf',0,855),(811,'REF-7034077','RAYON-96','2022-08-19','bon',0,540),(812,'REF-9383098','RAYON-8','2022-07-13','neuf',0,197),(813,'REF-5891795','RAYON-36','2022-01-07','mauvais',0,115),(814,'REF-4728449','RAYON-3','2022-08-31','moyen',0,754),(815,'REF-2850135','RAYON-17','2022-12-07','moyen',0,134),(816,'REF-446517','RAYON-83','2022-12-11','bon',0,776),(817,'REF-2692135','RAYON-2','2022-04-11','moyen',0,220),(818,'REF-892572','RAYON-79','2022-08-26','moyen',0,411),(819,'REF-2489685','RAYON-2','2022-04-22','neuf',0,258),(820,'REF-9412005','RAYON-94','2022-10-24','neuf',0,810),(821,'REF-3370587','RAYON-26','2022-04-07','bon',0,646),(822,'REF-1473854','RAYON-80','2022-07-16','moyen',0,210),(823,'REF-580815','RAYON-67','2022-02-15','moyen',0,758),(824,'REF-8256408','RAYON-86','2022-10-09','neuf',0,476),(825,'REF-9884251','RAYON-52','2022-08-06','moyen',0,234),(826,'REF-694489','RAYON-65','2022-01-09','moyen',0,392),(827,'REF-2880214','RAYON-27','2022-06-11','bon',0,629),(828,'REF-2005345','RAYON-12','2022-12-15','moyen',0,692),(829,'REF-5368939','RAYON-61','2022-06-03','neuf',0,873),(830,'REF-3468574','RAYON-12','2022-07-13','neuf',0,142),(831,'REF-6770958','RAYON-97','2022-10-03','mauvais',0,466),(832,'REF-2366607','RAYON-79','2022-03-21','bon',0,246),(833,'REF-2675755','RAYON-61','2022-03-12','moyen',0,573),(834,'REF-3165694','RAYON-87','2022-05-16','neuf',0,696),(835,'REF-2224445','RAYON-3','2022-06-13','neuf',0,50),(836,'REF-3264500','RAYON-49','2022-06-05','moyen',0,664),(837,'REF-1674591','RAYON-85','2022-09-15','mauvais',0,163),(838,'REF-9483893','RAYON-26','2022-05-30','moyen',0,892),(839,'REF-2556166','RAYON-61','2022-03-30','moyen',0,313),(840,'REF-2409571','RAYON-27','2022-08-07','neuf',0,577),(841,'REF-2264565','RAYON-41','2022-04-28','moyen',0,624),(842,'REF-7731931','RAYON-100','2022-08-20','moyen',0,296),(843,'REF-3585410','RAYON-91','2022-06-10','neuf',0,872),(844,'REF-9787835','RAYON-29','2022-06-14','bon',0,165),(845,'REF-8889394','RAYON-96','2022-02-04','neuf',0,891),(846,'REF-5943202','RAYON-31','2022-09-14','moyen',0,446),(847,'REF-5608470','RAYON-47','2022-08-20','neuf',0,778),(848,'REF-8890496','RAYON-12','2022-11-16','bon',0,84),(849,'REF-4609089','RAYON-6','2022-11-13','neuf',0,766),(850,'REF-7449282','RAYON-43','2022-11-16','moyen',0,445),(851,'REF-3519830','RAYON-43','2022-01-28','neuf',0,472),(852,'REF-9560903','RAYON-37','2022-12-06','moyen',0,407),(853,'REF-8193840','RAYON-88','2022-11-23','bon',0,710),(854,'REF-364307','RAYON-6','2022-02-25','moyen',0,747),(855,'REF-3904162','RAYON-72','2022-05-21','bon',0,274),(856,'REF-3243898','RAYON-81','2022-01-10','moyen',0,623),(857,'REF-4955957','RAYON-61','2022-07-17','bon',0,9),(858,'REF-3502795','RAYON-73','2022-07-23','moyen',0,514),(859,'REF-1601155','RAYON-26','2022-10-16','bon',0,295),(860,'REF-6367544','RAYON-31','2022-07-29','mauvais',0,310),(861,'REF-670214','RAYON-41','2022-10-21','bon',0,125),(862,'REF-9013782','RAYON-14','2022-12-10','neuf',0,557),(863,'REF-162480','RAYON-42','2022-01-04','bon',0,82),(864,'REF-8461500','RAYON-99','2022-05-20','mauvais',0,407),(865,'REF-3622193','RAYON-60','2022-11-04','moyen',0,485),(866,'REF-210443','RAYON-66','2022-03-11','mauvais',0,590),(867,'REF-3524856','RAYON-100','2022-11-17','bon',0,532),(868,'REF-758919','RAYON-79','2022-09-02','moyen',0,341),(869,'REF-7608312','RAYON-79','2022-08-10','bon',0,62),(870,'REF-8058984','RAYON-85','2022-10-12','bon',0,451),(871,'REF-1168081','RAYON-24','2022-10-15','moyen',0,945),(872,'REF-8135171','RAYON-24','2022-09-14','moyen',0,906),(873,'REF-3075984','RAYON-83','2022-03-09','moyen',0,182),(874,'REF-3252608','RAYON-9','2022-06-03','moyen',0,4),(875,'REF-7659825','RAYON-82','2022-10-09','moyen',0,993),(876,'REF-9482659','RAYON-77','2022-12-11','neuf',0,377),(877,'REF-3075178','RAYON-41','2022-02-12','moyen',0,643),(878,'REF-7698178','RAYON-93','2022-04-18','neuf',0,265),(879,'REF-9610790','RAYON-2','2022-03-02','moyen',0,233),(880,'REF-5162686','RAYON-89','2022-11-05','moyen',0,534),(881,'REF-2098011','RAYON-45','2022-08-03','neuf',0,761),(882,'REF-6577838','RAYON-1','2022-01-21','bon',0,634),(883,'REF-883577','RAYON-55','2022-06-07','moyen',0,34),(884,'REF-3518801','RAYON-66','2022-03-26','neuf',0,21),(885,'REF-6161719','RAYON-2','2022-03-29','bon',0,570),(886,'REF-2421650','RAYON-51','2022-10-04','neuf',0,747),(887,'REF-1618235','RAYON-58','2022-05-11','neuf',0,372),(888,'REF-3101208','RAYON-44','2022-04-01','bon',0,788),(889,'REF-7602905','RAYON-45','2022-11-23','moyen',0,497),(890,'REF-201539','RAYON-62','2022-01-01','moyen',0,240),(891,'REF-5564519','RAYON-7','2022-08-16','mauvais',0,963),(892,'REF-1849085','RAYON-4','2022-08-12','mauvais',0,560),(893,'REF-7758353','RAYON-21','2022-08-29','neuf',0,388),(894,'REF-9790193','RAYON-74','2022-09-16','bon',0,219),(895,'REF-4865551','RAYON-78','2022-06-02','moyen',0,273),(896,'REF-8862197','RAYON-62','2022-05-27','moyen',0,891),(897,'REF-47121','RAYON-36','2022-09-23','neuf',0,312),(898,'REF-1180875','RAYON-66','2022-11-23','neuf',0,391),(899,'REF-8281683','RAYON-98','2022-05-11','moyen',0,484),(900,'REF-2367446','RAYON-74','2022-12-04','neuf',0,649),(901,'REF-7941251','RAYON-3','2022-09-21','neuf',0,483),(902,'REF-972303','RAYON-4','2022-11-15','bon',0,621),(903,'REF-5812009','RAYON-5','2022-06-16','moyen',0,49),(904,'REF-4970083','RAYON-35','2022-03-16','mauvais',0,581),(905,'REF-2939035','RAYON-73','2022-09-25','moyen',0,598),(906,'REF-6112841','RAYON-27','2022-06-21','moyen',0,55),(907,'REF-6305760','RAYON-99','2022-01-20','neuf',0,983),(908,'REF-8463591','RAYON-29','2022-11-10','neuf',0,526),(909,'REF-9746515','RAYON-30','2022-07-18','moyen',0,855),(910,'REF-9206532','RAYON-4','2022-06-04','mauvais',0,924),(911,'REF-5428899','RAYON-95','2022-02-01','neuf',0,898),(912,'REF-4186645','RAYON-41','2022-09-23','moyen',0,712),(913,'REF-7389970','RAYON-57','2022-07-27','moyen',0,474),(914,'REF-6810452','RAYON-99','2022-11-06','neuf',0,922),(915,'REF-4016172','RAYON-25','2022-01-08','moyen',0,726),(916,'REF-4655672','RAYON-16','2022-05-07','moyen',0,532),(917,'REF-782795','RAYON-80','2022-09-25','neuf',0,992),(918,'REF-2331000','RAYON-20','2022-04-01','moyen',0,977),(919,'REF-6276045','RAYON-21','2022-02-26','moyen',0,514),(920,'REF-9952465','RAYON-44','2022-03-12','neuf',0,843),(921,'REF-8130339','RAYON-54','2022-03-30','neuf',0,361),(922,'REF-968068','RAYON-41','2022-09-14','moyen',0,598),(923,'REF-2249282','RAYON-34','2022-12-16','moyen',0,779),(924,'REF-9911901','RAYON-62','2022-02-14','neuf',0,159),(925,'REF-1930366','RAYON-50','2022-11-05','moyen',0,102),(926,'REF-883339','RAYON-14','2022-05-28','bon',0,454),(927,'REF-5864218','RAYON-58','2022-02-05','moyen',0,60),(928,'REF-287163','RAYON-97','2022-09-18','neuf',0,247),(929,'REF-2781206','RAYON-66','2022-05-28','moyen',0,95),(930,'REF-1496179','RAYON-47','2022-11-06','moyen',0,733),(931,'REF-4113823','RAYON-86','2022-01-24','moyen',0,337),(932,'REF-4224485','RAYON-11','2022-03-27','neuf',0,235),(933,'REF-1222745','RAYON-91','2022-03-02','bon',0,388),(934,'REF-8277846','RAYON-98','2022-05-21','mauvais',0,358),(935,'REF-4631968','RAYON-25','2022-10-22','moyen',0,980),(936,'REF-9247864','RAYON-69','2022-08-17','neuf',0,554),(937,'REF-3445893','RAYON-7','2022-04-09','moyen',0,671),(938,'REF-2355253','RAYON-17','2022-02-13','moyen',0,102),(939,'REF-3067041','RAYON-23','2022-03-19','moyen',0,642),(940,'REF-4655773','RAYON-41','2022-08-06','moyen',0,417),(941,'REF-9977091','RAYON-74','2022-09-07','neuf',0,314),(942,'REF-1929213','RAYON-3','2022-07-09','moyen',0,857),(943,'REF-7756208','RAYON-31','2022-03-18','bon',0,28),(944,'REF-9360947','RAYON-60','2022-03-05','mauvais',0,510),(945,'REF-6618120','RAYON-79','2022-11-23','neuf',0,145),(946,'REF-3863869','RAYON-50','2022-04-26','neuf',0,92),(947,'REF-2866668','RAYON-16','2022-11-26','bon',0,443),(948,'REF-3734639','RAYON-55','2022-07-26','moyen',0,492),(949,'REF-1235707','RAYON-15','2022-05-05','moyen',0,106),(950,'REF-6462896','RAYON-92','2022-08-11','bon',0,738),(951,'REF-4188739','RAYON-89','2022-02-23','bon',0,243),(952,'REF-9147426','RAYON-85','2022-06-23','bon',0,443),(953,'REF-9688498','RAYON-52','2022-08-30','moyen',0,903),(954,'REF-745833','RAYON-67','2022-02-09','moyen',0,743),(955,'REF-9475854','RAYON-51','2022-09-07','neuf',0,277),(956,'REF-6184707','RAYON-27','2022-06-14','moyen',0,620),(957,'REF-1614316','RAYON-95','2022-03-31','moyen',0,269),(958,'REF-3233807','RAYON-82','2022-01-31','moyen',0,955),(959,'REF-8699964','RAYON-49','2022-10-19','neuf',0,103),(960,'REF-5606324','RAYON-50','2022-10-12','moyen',0,395),(961,'REF-9754443','RAYON-70','2022-07-12','moyen',0,350),(962,'REF-7106692','RAYON-51','2022-05-21','bon',0,39),(963,'REF-3224826','RAYON-50','2022-07-02','mauvais',0,316),(964,'REF-8202318','RAYON-16','2022-04-19','mauvais',0,101),(965,'REF-1012105','RAYON-21','2022-09-13','moyen',0,862),(966,'REF-3077468','RAYON-96','2022-10-28','moyen',0,41),(967,'REF-2034211','RAYON-90','2022-11-02','moyen',0,484),(968,'REF-2073198','RAYON-59','2022-04-18','neuf',0,164),(969,'REF-7376323','RAYON-20','2022-10-03','bon',0,806),(970,'REF-4781835','RAYON-98','2022-06-04','neuf',0,600),(971,'REF-8632905','RAYON-52','2022-12-20','moyen',0,343),(972,'REF-468318','RAYON-21','2022-11-12','neuf',0,539),(973,'REF-719008','RAYON-75','2022-06-29','bon',0,537),(974,'REF-3494038','RAYON-14','2022-08-16','bon',0,395),(975,'REF-2240084','RAYON-94','2022-01-05','neuf',0,403),(976,'REF-4379474','RAYON-99','2022-07-29','mauvais',0,505),(977,'REF-5898925','RAYON-44','2022-05-23','moyen',0,6),(978,'REF-4486179','RAYON-23','2022-10-03','neuf',0,923),(979,'REF-4890213','RAYON-68','2022-11-20','neuf',0,449),(980,'REF-2581549','RAYON-95','2022-12-06','moyen',0,181),(981,'REF-3763908','RAYON-35','2022-07-22','moyen',0,242),(982,'REF-2733920','RAYON-65','2022-05-17','mauvais',0,312),(983,'REF-9627318','RAYON-88','2022-06-29','neuf',0,272),(984,'REF-7791825','RAYON-9','2022-01-24','mauvais',0,27),(985,'REF-3513348','RAYON-68','2022-04-27','bon',0,547),(986,'REF-622756','RAYON-68','2022-03-03','neuf',0,67),(987,'REF-2281227','RAYON-95','2022-01-08','moyen',0,564),(988,'REF-8548927','RAYON-59','2022-05-04','moyen',0,209),(989,'REF-678111','RAYON-72','2022-05-11','moyen',0,144),(990,'REF-9689575','RAYON-42','2022-03-02','moyen',0,271),(991,'REF-9995219','RAYON-19','2022-11-28','moyen',0,732),(992,'REF-4986387','RAYON-30','2022-12-19','mauvais',0,8),(993,'REF-6734241','RAYON-35','2022-09-05','moyen',0,972),(994,'REF-7351153','RAYON-76','2022-07-30','neuf',0,128),(995,'REF-1513111','RAYON-38','2022-05-29','neuf',0,991),(996,'REF-9952859','RAYON-1','2022-01-12','moyen',0,11),(997,'REF-3952593','RAYON-95','2022-07-12','neuf',0,146),(998,'REF-7574215','RAYON-36','2022-06-20','moyen',0,475),(999,'REF-8786463','RAYON-97','2022-03-16','bon',0,161),(1000,'REF-5108570','RAYON-8','2022-10-22','bon',0,158);
/*!40000 ALTER TABLE `exemplaire` ENABLE KEYS */;
UNLOCK TABLES;

--
-- Table structure for table `lecteur`
--

DROP TABLE IF EXISTS `lecteur`;
/*!40101 SET @saved_cs_client     = @@character_set_client */;
/*!40101 SET character_set_client = utf8 */;
CREATE TABLE `lecteur` (
  `id` int(11) NOT NULL AUTO_INCREMENT,
  `nom` varchar(50) NOT NULL,
  `prenom` varchar(50) NOT NULL,
  `date_naissance` date NOT NULL,
  `adresse` varchar(50) NOT NULL,
  `num_rue` int(11) NOT NULL,
  `code_postal` int(11) NOT NULL,
  `localite` varchar(50) NOT NULL,
  `telephone` varchar(50) NOT NULL,
  PRIMARY KEY (`id`)
) ENGINE=InnoDB AUTO_INCREMENT=17 DEFAULT CHARSET=utf8mb4 COLLATE=utf8mb4_general_ci;
/*!40101 SET character_set_client = @saved_cs_client */;

--
-- Dumping data for table `lecteur`
--

LOCK TABLES `lecteur` WRITE;
/*!40000 ALTER TABLE `lecteur` DISABLE KEYS */;
INSERT INTO `lecteur` VALUES (1,'Leblanc','Jean','1980-01-01','Rue de la Paix',1,1000,'Bruxelles','02/111.11.11'),(2,'Dupont','Jeanne','1980-01-01','Rue de la Corolle',36,1000,'Bruxelles','02/111.11.11'),(3,'Durand','Philip','1980-01-01','Rue de la Libération',1,1000,'Bruxelles','02/111.11.11'),(4,'Martin','Paul','1980-01-01','Rue de la Statue',1,1000,'Bruxelles','02/111.11.11'),(5,'Dubois','Christophe','1980-01-01','Rue du Pont',1,1000,'Bruxelles','02/111.11.11'),(6,'Thomas','Patrick','1980-01-01','Rue des abeilles',1,1000,'Bruxelles','02/111.11.11'),(7,'Petit','Gabriel','1980-01-01','Rue des écoliers',1,1000,'Bruxelles','02/111.11.11'),(8,'Robert','Véronique','1980-01-01','Rue de dent perdue',1,1000,'Bruxelles','02/111.11.11'),(9,'Richard','Alice','1980-01-01','Rue des rues',1,1000,'Bruxelles','02/111.11.11'),(10,'Leroy','Fabien','1980-01-01','Rue de l\'Ukgraine',1,1000,'Bruxelles','02/111.11.11'),(11,'Moreau','Alvaro','1980-01-01','Rue de la Paille',1,1000,'Bruxelles','02/111.11.11'),(12,'Simon','Lucien','1980-01-01','Rue de l\'hôpital',1,1000,'Bruxelles','02/111.11.11'),(13,'Laurent','Martine','1980-01-01','Rue de la Paix',1,1000,'Bruxelles','02/111.11.11'),(14,'Michel','Sylvie','1980-01-01','Rue de la Paix',1,1000,'Bruxelles','02/111.11.11'),(15,'Lefebvre','Olivier','1980-01-01','Rue de la Paix',1,1000,'Bruxelles','02/111.11.11'),(16,'Lefevre','Stéphane','1980-01-01','Rue de la Paix',1,1000,'Bruxelles','02/111.11.11');
/*!40000 ALTER TABLE `lecteur` ENABLE KEYS */;
UNLOCK TABLES;

--
-- Table structure for table `livre`
--

DROP TABLE IF EXISTS `livre`;
/*!40101 SET @saved_cs_client     = @@character_set_client */;
/*!40101 SET character_set_client = utf8 */;
CREATE TABLE `livre` (
  `id` int(11) NOT NULL AUTO_INCREMENT,
  `titre` varchar(1000) NOT NULL,
  `langue` varchar(50) NOT NULL,
  `annee_publication` int(4) NOT NULL,
  `nombre_pages` int(11) NOT NULL,
  `code_isbn` varchar(50) NOT NULL,
  `auteur_id` int(11) NOT NULL,
  `theme_id` int(11) DEFAULT NULL,
  PRIMARY KEY (`id`),
  KEY `auteur_id` (`auteur_id`),
  KEY `theme_id` (`theme_id`),
  CONSTRAINT `livre_ibfk_1` FOREIGN KEY (`auteur_id`) REFERENCES `auteur` (`id`),
  CONSTRAINT `livre_ibfk_2` FOREIGN KEY (`theme_id`) REFERENCES `theme` (`id`)
) ENGINE=InnoDB AUTO_INCREMENT=1001 DEFAULT CHARSET=utf8mb4 COLLATE=utf8mb4_general_ci;
/*!40101 SET character_set_client = @saved_cs_client */;

--
-- Dumping data for table `livre`
--

LOCK TABLES `livre` WRITE;
/*!40000 ALTER TABLE `livre` DISABLE KEYS */;
INSERT INTO `livre` VALUES (1,'Conspirators of Pleasure (Spiklenci slasti)','autre',1996,189,'891755755-4',435,4),(2,'Ghost Ship, The','allemand',2017,730,'810124811-0',290,1),(3,'Remarkable Power','allemand',2007,993,'782773505-3',423,2),(4,'Deewaar','espagnol',1994,979,'489593432-2',359,1),(5,'Empire Records','espagnol',1934,413,'312391752-5',92,4),(6,'Gotcha!','américain',1964,999,'682774389-6',318,1),(7,'Asterix in America (a.k.a Asterix Conquers America) (Astérix et les Indiens)','français',1998,103,'119729504-6',132,4),(8,'En på miljonen','allemand',2004,880,'867188119-9',371,4),(9,'Upside of Anger, The','allemand',1995,140,'527134396-0',63,2),(10,'Charlie Chan\'s Murder Cruise','espagnol',2004,337,'763104532-1',374,3),(11,'Untamed Youth','allemand',2009,34,'287404048-7',226,3),(12,'Moment After, The','espagnol',2007,434,'817687548-1',197,4),(13,'Bad Biology','russe',2012,254,'943928343-2',123,4),(14,'Machine, The','russe',2012,534,'832870440-4',165,3),(15,'Bloodbrothers','espagnol',2006,771,'140872405-7',76,1),(16,'Seance (Kôrei)','français',1953,397,'348870461-0',49,3),(17,'Tamara','français',1993,180,'688296405-X',175,1),(18,'Ginger Snaps','américain',1989,185,'746884788-6',213,3),(19,'She\'s Out of Control','russe',2003,741,'145774810-X',360,1),(20,'Hiroshima','américain',1995,147,'485256736-0',283,2),(21,'Love Can Seriously Damage Your Health','espagnol',2004,172,'560062399-2',278,3),(22,'Distant Drums','ukrainien',1991,221,'727845361-5',449,3),(23,'Fanny and Alexander (Fanny och Alexander)','américain',1994,501,'610446834-9',405,4),(24,'It\'s in the Water','américain',2010,979,'372989704-7',183,4),(25,'Speedway Junky','russe',1995,987,'552860676-4',300,4),(26,'State Fair','espagnol',2012,64,'037512574-4',94,2),(27,'Direct from Brooklyn','ukrainien',1972,707,'374968406-5',378,4),(28,'Camille','ukrainien',1992,99,'192576206-8',317,2),(29,'Trail Beyond, The','allemand',1993,877,'189450514-X',246,3),(30,'I Don\'t Want to Be a Man (Ich möchte kein Mann sein)','allemand',1973,71,'723565832-0',454,4),(31,'Alan Partridge: Alpha Papa','américain',1999,285,'951173374-5',142,4),(32,'Inspector Clouseau','italien',1931,802,'033958208-1',258,3),(33,'Saving Mr. Banks','russe',2003,737,'572786892-0',1,1),(34,'Haunted Strangler, The (Grip of the Strangler)','allemand',2005,374,'277359917-9',147,2),(35,'Fantasia','espagnol',1957,843,'401120014-X',142,2),(36,'Affluenza','ukrainien',1970,688,'024706940-X',225,2),(37,'Honey','français',2008,398,'735973067-8',250,4),(38,'Night Strangler, The','américain',1996,743,'470078241-2',302,1),(39,'The Little Rascals Save the Day','ukrainien',2009,527,'663751063-7',424,1),(40,'Lottery, The','américain',1959,572,'524277983-7',77,2),(41,'Fresh Horses','américain',2003,170,'925624270-2',256,4),(42,'American Yakuza','espagnol',1993,701,'704041967-X',233,4),(43,'El chocolate del loro','allemand',2012,419,'881855549-9',272,4),(44,'Mr. Saturday Night','américain',2003,446,'347058847-3',294,3),(45,'Employees\' Entrance','américain',2008,579,'729406626-4',175,4),(46,'Notorious Landlady, The','italien',2000,358,'749127880-9',211,1),(47,'Day Watch (Dnevnoy dozor)','américain',1984,217,'861227885-6',473,4),(48,'Freddy\'s Dead: The Final Nightmare (Nightmare on Elm Street Part 6: Freddy\'s Dead, A)','allemand',1994,866,'042311560-X',52,3),(49,'Disco Dancer','américain',1992,632,'815735785-3',202,3),(50,'Citizen X','américain',2005,708,'777730406-2',220,4),(51,'Late August, Early September (Fin août, début septembre)','russe',2001,310,'462441445-4',429,4),(52,'I\'ll Do Anything','autre',2012,389,'085802051-3',495,2),(53,'Strangers on a Train','américain',2002,633,'303894089-5',397,4),(54,'Wichita','allemand',2010,868,'545999587-6',166,1),(55,'S.O.S. Eisberg','allemand',2010,617,'823152156-9',316,4),(56,'The Paris Express','français',2004,53,'227410684-3',70,3),(57,'Fitzgerald Family Christmas, The','français',1900,220,'649718380-9',382,3),(58,'This Film Is Not Yet Rated','américain',2007,117,'576165255-2',305,3),(59,'Under Capricorn','espagnol',1994,810,'823403384-0',80,4),(60,'Into the West','allemand',2005,720,'972270750-7',458,2),(61,'Bug','russe',2013,241,'727189406-3',168,1),(62,'Dirty Girl','ukrainien',1977,199,'495307762-8',131,1),(63,'Mail Early for Xmas','russe',1989,628,'805877094-9',136,4),(64,'Ashura','allemand',1988,337,'186245988-6',296,3),(65,'Woman in the Dunes (Suna no onna)','allemand',1997,655,'823976445-2',439,1),(66,'George Carlin: It\'s Bad for Ya!','allemand',1989,997,'454779717-X',251,1),(67,'Bouncing Babies','allemand',2005,912,'548845814-X',125,3),(68,'Battleground','espagnol',1946,717,'592507845-4',118,1),(69,'Thoroughly Modern Millie','allemand',1900,403,'823054051-9',494,1),(70,'Elephant Man, The','américain',2001,101,'602819323-2',455,2),(71,'Metrobranding','américain',1998,535,'033744296-7',438,1),(72,'Art of Dying, The (El Arte de Morir)','allemand',2005,178,'834406601-8',32,1),(73,'Mad Dog Time','allemand',2012,391,'773362380-4',294,4),(74,'Soul Men','espagnol',2006,493,'892066099-9',427,2),(75,'Guadalcanal Diary','espagnol',1987,75,'687662878-7',233,3),(76,'Black Venus','espagnol',1971,245,'172154923-4',394,2),(77,'Portraits of Women (Naisenkuvia)','italien',1997,704,'882943187-7',199,1),(78,'William S. Burroughs: A Man Within','allemand',2011,85,'272754748-X',98,1),(79,'Fifty/Fifty','espagnol',2004,88,'079656897-9',429,1),(80,'Jaguar','américain',2004,825,'113892407-5',450,2),(81,'Eyes of an Angel','espagnol',2003,291,'662654573-6',142,2),(82,'Phantom of the Opera','russe',2005,766,'811245112-5',270,2),(83,'Flame and Women (Honô to onna) ','américain',2008,896,'584148140-1',88,4),(84,'Operation Homecoming: Writing the Wartime Experience','américain',2006,406,'696018104-6',489,4),(85,'New York Confidential','espagnol',2003,617,'917737299-9',411,4),(86,'Dangerous Lives of Altar Boys, The','russe',1989,108,'770811309-1',254,2),(87,'Children of the Century, The (Enfants du siècle, Les)','allemand',1945,127,'712802926-5',278,4),(88,'Get Educated: Paathshaala','espagnol',2001,127,'171454564-4',376,2),(89,'Willow Creek','espagnol',1991,657,'634434858-5',241,2),(90,'Stevie','russe',1992,44,'895017336-0',301,3),(91,'Corvette Summer','russe',1998,677,'628034235-2',244,4),(92,'With Fire and Sword (Ogniem i mieczem)','américain',2006,455,'209279126-5',426,1),(93,'Les hautes solitudes','ukrainien',1993,208,'848676220-0',97,2),(94,'Shriek If You Know What I Did Last Friday the Thirteenth','allemand',1928,254,'562584807-6',209,4),(95,'Fist of the North Star','allemand',1906,294,'172041261-8',306,1),(96,'Melissa P.','ukrainien',2003,828,'054429929-9',322,2),(97,'Soul Survivors (a.k.a. The Killer Cut)','américain',1968,175,'384729666-3',420,2),(98,'Vacancy','américain',1978,557,'388107308-6',51,1),(99,'Dark Truth, A (Truth, The)','allemand',1967,513,'722425522-X',45,2),(100,'Sword and the Dragon, The (Ilya Muromets)','américain',1986,205,'465672430-0',252,2),(101,'Hard, Fast and Beautiful','espagnol',2001,37,'365324419-6',295,1),(102,'The Fighting 69th','allemand',1987,558,'078065355-6',274,4),(103,'Big Game','allemand',1958,541,'327080931-X',371,1),(104,'Wish I Was Here','espagnol',2005,331,'536212174-X',343,1),(105,'Blood and Chocolate','russe',2010,357,'987184281-3',290,1),(106,'Dog Day Afternoon','américain',2003,608,'648523622-8',292,1),(107,'Reflections in a Golden Eye','espagnol',1996,752,'466821611-9',172,3),(108,'4th Floor, The','allemand',1994,29,'133692445-4',354,1),(109,'Just Add Water','américain',2002,867,'892714153-9',369,2),(110,'Railway Children, The','américain',1912,527,'050561798-6',149,1),(111,'My Way (Mai Wei)','français',2000,242,'035616315-6',463,2),(112,'Flight of the Phoenix, The','espagnol',2005,492,'343220361-6',31,1),(113,'Heidi','russe',1996,40,'006067371-0',328,2),(114,'Dead Calling, A','russe',2008,645,'709519842-X',90,3),(115,'Rocket Gibraltar','allemand',1989,495,'452389025-0',478,2),(116,'How to Seduce Difficult Women','américain',2004,302,'004794307-6',493,1),(117,'Someone Else\'s America','américain',2008,634,'243071995-9',488,3),(118,'Out for a Kill','américain',2006,374,'046175880-6',144,2),(119,'Bad Country','allemand',1992,477,'913731852-7',99,2),(120,'Chance Pe Dance','américain',2007,612,'251912155-6',356,1),(121,'Boys, The (Pojat)','russe',1998,400,'701048965-3',500,2),(122,'Rollerball','italien',2005,986,'898835531-8',484,4),(123,'Hum Aapke Hain Koun...!','espagnol',1991,353,'404139092-3',145,3),(124,'[REC] 4: Apocalypse','français',1996,709,'963359366-2',248,2),(125,'Flowers in the Attic','ukrainien',1997,246,'432845985-6',269,4),(126,'House III: The Horror Show','russe',2007,83,'871148236-2',67,3),(127,'Antitrust','russe',1992,779,'834205126-9',390,4),(128,'Blue Lagoon, The','américain',2011,104,'574297473-6',438,3),(129,'Elmer Gantry','russe',1998,808,'744591551-6',113,2),(130,'Barbed Wire','allemand',2003,383,'465073377-4',465,3),(131,'Hidden Fortress, The (Kakushi-toride no san-akunin)','russe',1979,633,'490679620-6',130,1),(132,'31 North 62 East','américain',1995,49,'654507716-3',394,4),(133,'42nd Street','russe',1996,967,'946112510-0',450,2),(134,'In Dreams','russe',2006,343,'000481157-7',141,2),(135,'King of Comedy (Hei kek ji wong)','allemand',2010,203,'115982838-5',257,1),(136,'First Man Into Space','américain',2001,377,'992905832-X',355,2),(137,'The Winslow Boy','russe',2004,119,'058469838-0',44,4),(138,'Kids Return (Kizzu ritân)','russe',2008,8,'190647882-1',443,3),(139,'French Connection, The','allemand',2011,568,'653437801-9',54,3),(140,'Extraordinary Adventures of Adèle Blanc-Sec, The','russe',2001,238,'734279740-5',477,4),(141,'[REC] 4: Apocalypse','espagnol',1949,899,'185884204-2',255,1),(142,'Lolita','allemand',1998,901,'715255390-4',184,3),(143,'20,000 Leagues Under the Sea','russe',1948,631,'186825722-3',231,2),(144,'Gantz','russe',1997,955,'523142310-6',392,3),(145,'Beyond a Reasonable Doubt','allemand',1995,994,'749096620-5',176,4),(146,'Bowery at Midnight','américain',1984,673,'720843706-8',233,4),(147,'Big Jim McLain','américain',2007,906,'937534005-8',71,3),(148,'War','allemand',1965,753,'219343798-X',487,4),(149,'Next Friday','espagnol',2004,81,'067682924-4',427,1),(150,'Yellow Sea, The (a.k.a. The Murderer) (Hwanghae)','ukrainien',1962,751,'172155728-8',216,4),(151,'Rockers','français',2001,795,'326613005-7',307,4),(152,'In the Navy','allemand',2005,210,'468465632-2',127,2),(153,'Spies (Spione)','américain',2012,46,'801843863-3',459,3),(154,'Hours','allemand',1985,9,'828806860-X',356,3),(155,'Jack Goes Boating','allemand',1993,915,'446149534-5',374,3),(156,'Genius Within: The Inner Life of Glenn Gould','espagnol',1986,721,'544027948-2',72,2),(157,'Arlington Road','français',1996,76,'205439729-6',168,3),(158,'Wives and Lovers','italien',1990,415,'533554833-9',325,2),(159,'Flicker','autre',2007,145,'449905341-2',445,1),(160,'Berserk','italien',1928,835,'072327248-4',362,4),(161,'Goodbye, Dragon Inn (Bu san)','russe',1974,645,'289656942-1',497,2),(162,'Whole Nine Yards, The','espagnol',2013,296,'953944704-6',270,2),(163,'Modris','français',1945,611,'469767982-2',284,3),(164,'Providence','allemand',2006,9,'381854929-X',82,4),(165,'Young Girls of Rochefort, The (Demoiselles de Rochefort, Les)','russe',2005,346,'121761957-7',276,3),(166,'Pyramid, The','russe',2011,114,'802451220-3',6,2),(167,'My Piece of the Pie (Ma part du gâteau)','allemand',2008,546,'406512173-6',419,3),(168,'HellBent','allemand',2007,423,'906616582-0',190,2),(169,'Fire Within, The (Feu follet, Le)','français',2006,219,'874432627-0',47,3),(170,'Last Stop 174 (Última Parada 174) ','russe',2006,639,'324806668-7',181,1),(171,'Infamous','russe',1997,196,'001499180-2',153,4),(172,'Life as We Know It','américain',1997,752,'423017822-0',27,3),(173,'Transistor Love Story (Monrak Transistor)','allemand',1990,167,'296501932-4',96,1),(174,'Spring Break Shark Attack','espagnol',2004,452,'166596829-X',210,3),(175,'101 Dalmatians (One Hundred and One Dalmatians)','russe',1995,852,'732586049-8',249,3),(176,'Leave','espagnol',2010,542,'057686167-7',435,1),(177,'Captain Abu Raed','allemand',1995,489,'304397771-8',325,3),(178,'711 Ocean Drive','allemand',2004,528,'929968809-5',268,4),(179,'Dear Heart','autre',1990,533,'934928575-4',5,4),(180,'High Heels and Low Lifes','allemand',2001,492,'670539039-5',276,3),(181,'Hole in the Head, A','espagnol',2002,831,'369534565-9',56,2),(182,'Creepshow','ukrainien',1994,171,'657442425-9',355,1),(183,'Rooster\'s Breakfast (Petelinji zajtrk)','français',1901,816,'308301576-3',251,4),(184,'Last Legion, The','italien',2007,173,'140372787-2',297,3),(185,'Heidi','allemand',1979,951,'024355953-4',92,1),(186,'Abols Upe','russe',2009,453,'427679686-5',166,3),(187,'Without Love','américain',2011,33,'941514596-X',138,1),(188,'Boys Life','français',1998,86,'044421038-5',360,2),(189,'Earthsea (Legend of Earthsea)','américain',1994,612,'391358161-8',148,3),(190,'Flamingo Kid, The','ukrainien',1987,985,'861820236-3',23,2),(191,'American Pie Presents The Naked Mile (American Pie 5: The Naked Mile)','espagnol',2002,809,'334357813-4',364,3),(192,'Amazing Journey: The Story of The Who','allemand',2016,60,'662980706-5',481,2),(193,'Gerry','américain',2011,744,'844494338-X',310,2),(194,'Defending Your Life','américain',2006,19,'651449468-4',166,3),(195,'World According to Garp, The','américain',1974,544,'251187765-1',29,2),(196,'Rated X','russe',2003,365,'582538529-0',249,2),(197,'The Fuller Brush Man','américain',2004,992,'108727897-X',297,3),(198,'Lake City','russe',1991,403,'408472053-4',310,2),(199,'Family Jewels, The (Eierdiebe)','américain',1998,702,'235902251-2',227,3),(200,'Atlas Shrugged: Who Is John Galt? (Atlas Shrugged: Part III)','allemand',1995,120,'240124466-2',127,2),(201,'Party, The','espagnol',2013,942,'061778495-7',275,1),(202,'Doctor Strange','russe',1990,720,'776087733-1',142,4),(203,'Flashpoint','italien',2011,946,'342970276-3',59,4),(204,'Men of Means','russe',2002,130,'867786362-1',217,3),(205,'Kanal','allemand',2020,100,'493599643-9',335,2),(206,'Bones','russe',1948,241,'583791936-8',298,1),(207,'Zero Charisma','américain',2008,67,'554047393-0',330,3),(208,'Blind Faith','russe',1902,515,'529692787-7',62,2),(209,'Phone Call from a Stranger','américain',2010,250,'070405384-5',230,4),(210,'Shara (Sharasojyu)','russe',2007,583,'871311971-0',2,1),(211,'Oath, The','italien',1991,793,'582133320-2',353,3),(212,'Solaris','français',1992,53,'882067411-4',456,3),(213,'That Guy... Who Was in That Thing','allemand',2011,200,'882150335-6',380,1),(214,'Once Upon a Time (Der var engang)','espagnol',2007,105,'409282052-6',495,4),(215,'Cooperstown','américain',1990,840,'737922780-7',309,4),(216,'Hysteria: The Def Leppard Story','russe',1996,184,'338889031-5',237,1),(217,'Idlewild','américain',2012,124,'190709636-1',306,3),(218,'Attack of the Puppet People','espagnol',1988,99,'849285012-4',370,2),(219,'Tokyo-Ga','espagnol',2011,561,'070284873-5',203,3),(220,'Touki Bouki','américain',1988,435,'778586151-X',56,2),(221,'Shanghai Knights','français',1995,417,'290263556-7',411,3),(222,'Fuck Up','allemand',1959,476,'063305483-6',289,3),(223,'On a Clear Day You Can See Forever','américain',1997,352,'675418102-8',124,2),(224,'Head-On (Gegen die Wand)','français',1987,653,'374574350-4',52,1),(225,'The Gallant Hours','américain',1915,788,'450897287-X',71,2),(226,'Killer Is Loose, The','américain',2001,933,'467026820-1',382,1),(227,'Petulia','espagnol',1957,122,'742113554-5',275,4),(228,'Just Imagine','américain',2008,83,'035941358-7',355,1),(229,'Atlas Shrugged: Who Is John Galt? (Atlas Shrugged: Part III)','allemand',2007,693,'030790314-1',8,1),(230,'Holiday','espagnol',2021,449,'505790156-7',13,2),(231,'Great Diamond Robbery, The','espagnol',1967,419,'799739797-3',356,1),(232,'In Praise of Love (Éloge de l\'amour)','espagnol',1997,513,'717072137-6',265,1),(233,'Whole Town\'s Talking, The (Passport to Fame)','américain',1998,853,'800999983-0',353,3),(234,'Apple Dumpling Gang, The','français',1994,289,'189579900-7',46,1),(235,'Paint It Yellow (Rang De Basanti)','américain',2009,865,'071878124-4',461,3),(236,'Babadook, The','ukrainien',1925,943,'673127105-5',348,3),(237,'Cheech and Chong\'s Animated Movie','ukrainien',1989,351,'940861853-X',337,1),(238,'Someday This Pain Will Be Useful to You','espagnol',2005,843,'319556637-0',402,2),(239,'Don\'t Tell Mom the Babysitter\'s Dead','français',1989,322,'653916649-4',268,2),(240,'Fruitcake','américain',2007,83,'538091414-4',154,1),(241,'Diabolique (Les diaboliques)','allemand',1988,385,'705917577-6',334,3),(242,'Tanguy','français',1900,142,'618186288-9',454,3),(243,'Mutual Appreciation','allemand',2006,636,'131974655-1',156,3),(244,'First Kid','espagnol',2003,717,'781542277-2',140,1),(245,'Letters to Juliet','français',2006,461,'564576589-3',188,2),(246,'Survive Style 5+','russe',1986,185,'248661002-2',40,1),(247,'Ordinary Miracles','italien',1990,726,'641577036-5',159,2),(248,'Russian Ark (Russkiy Kovcheg)','américain',1998,225,'765680269-X',390,1),(249,'Taxi Blues','américain',1996,790,'232990027-9',381,1),(250,'Hobbit: The Desolation of Smaug, The','russe',2006,807,'065829681-7',45,3),(251,'Cry in the Night, A','allemand',2007,636,'999397680-6',458,2),(252,'Paranormal Activity: The Marked Ones','américain',1990,236,'731244393-1',141,4),(253,'Mysteries of Lisbon (Mistérios de Lisboa)','ukrainien',2002,532,'619636690-4',149,4),(254,'Search and Destroy','français',1923,899,'184511535-X',183,4),(255,'Formula 51','français',2008,654,'752440863-3',461,4),(256,'Kid from Brooklyn, The','ukrainien',2010,104,'843788071-8',46,3),(257,'Pathfinder (Ofelas)','russe',2007,786,'485654213-3',253,4),(258,'House III: The Horror Show','allemand',1994,809,'834275768-4',303,3),(259,'Easy Come, Easy Go','espagnol',1954,296,'231383484-0',458,1),(260,'Pokémon Heroes','américain',1980,607,'001844429-6',214,2),(261,'Beyond Tomorrow (Beyond Christmas)','américain',2008,263,'791225559-1',165,1),(262,'Slums of Beverly Hills, The','américain',2016,295,'967412930-8',452,4),(263,'Pursuit of Happyness, The','ukrainien',2002,96,'657846080-2',126,2),(264,'Sometime in August (Mitte Ende August)','espagnol',1995,622,'652920385-0',448,3),(265,'Bleak House','espagnol',1997,174,'622866886-2',16,4),(266,'New York Cop (Nyû Yôku no koppu)','allemand',1995,438,'901329319-0',120,1),(267,'Willy Wonka & the Chocolate Factory','allemand',1996,658,'830573701-2',483,3),(268,'Harum Scarum','américain',1905,630,'588839839-X',324,3),(269,'Perfume of the Lady in Black, The (Il profumo della signora in nero)','russe',2006,334,'788171274-0',55,4),(270,'Magic in the Water','français',2006,961,'599671755-7',137,1),(271,'Goliyon Ki Raasleela Ram-Leela','allemand',1998,234,'437888572-7',314,1),(272,'Bed & Breakfast: Love is a Happy Accident (Bed & Breakfast)','russe',1930,648,'429800972-6',389,4),(273,'The Two Policemen','allemand',2002,933,'167481855-6',488,2),(274,'Alien Escape','russe',2004,901,'997178057-7',387,2),(275,'Craig Ferguson: Does This Need to Be Said?','italien',2002,597,'248038685-6',17,2),(276,'K-19: The Widowmaker','espagnol',1976,879,'542407657-2',494,2),(277,'Je, tu, il, elle (I, You, He, She)','français',2012,511,'670237321-X',137,2),(278,'Kelly & Cal','américain',1945,675,'179322908-2',111,3),(279,'Live from Baghdad','espagnol',2007,231,'796718620-6',204,2),(280,'Valley of Head Hunters','allemand',2005,947,'926289332-9',69,1),(281,'Ice Age','espagnol',2005,197,'779165731-7',204,2),(282,'Pellet (Bola, El)','américain',1900,383,'528439733-9',197,4),(283,'Pocket Money','autre',1999,888,'405434597-2',326,3),(284,'Float','américain',2005,718,'527937178-5',133,1),(285,'Substitute, The','américain',2007,16,'391457666-9',122,3),(286,'Black Stallion, The','français',2008,425,'578155988-4',141,4),(287,'Master, The','allemand',2010,225,'436993057-X',194,4),(288,'Sputnik','ukrainien',1989,127,'195239938-6',239,4),(289,'Bound by Honor (a.k.a. Blood In, Blood Out)','allemand',2006,61,'206111496-2',85,2),(290,'Pale Cocoon (Peiru Kokun)','espagnol',1991,644,'697599150-2',348,3),(291,'Win a Date with Tad Hamilton!','espagnol',2011,508,'689919006-0',155,1),(292,'Lee Daniels\' The Butler','ukrainien',1962,222,'659818785-0',270,4),(293,'Alex and Emma','américain',2003,1,'910041277-5',441,3),(294,'Lightning Strikes Twice','français',1985,223,'963216485-7',400,3),(295,'Queen Sized','américain',2004,132,'266183695-0',276,1),(296,'Power/Rangers','français',2014,310,'456987785-0',444,1),(297,'Safe Sex','espagnol',1975,763,'603890170-1',493,1),(298,'Lonely Place to Die, A','espagnol',2003,75,'067482896-8',227,2),(299,'Alice','ukrainien',2012,136,'543220839-3',154,3),(300,'Earth Entranced (Terra em Transe)','américain',1991,538,'114960516-2',129,2),(301,'Like Father, Like Son','espagnol',2005,395,'253382314-7',31,2),(302,'Horse\'s Mouth, The','ukrainien',2005,810,'297569601-9',344,2),(303,'I.Q.','espagnol',1989,879,'841427357-2',338,3),(304,'White Man\'s Burden','russe',2011,233,'457673206-4',371,2),(305,'Broken Embraces (Los abrazos rotos)','allemand',2011,566,'421227962-2',316,2),(306,'Zen Noir','espagnol',1995,1,'132934245-3',244,4),(307,'Haunted Palace, The','espagnol',1986,379,'155275986-5',316,1),(308,'Perfect Man, A','espagnol',2008,797,'905055230-7',278,2),(309,'Groomsmen, The','allemand',1992,259,'258642600-2',139,2),(310,'Destricted','américain',1987,6,'062717942-8',459,4),(311,'Cheers for Miss Bishop','américain',1932,347,'336896303-1',357,1),(312,'Predators','américain',2002,322,'618620928-8',17,4),(313,'Devils, The','allemand',1993,226,'442599644-5',415,3),(314,'Bourne Ultimatum, The','espagnol',2009,256,'910129218-8',274,3),(315,'Ways to Live Forever','américain',1956,84,'363021021-X',31,4),(316,'The Rag Man','français',1999,553,'387832927-X',496,4),(317,'Mother of Mine (Äideistä parhain)','américain',1954,246,'797079654-0',465,4),(318,'K-11','autre',1993,944,'180023312-4',319,1),(319,'Borgman','américain',1979,648,'017029204-5',238,4),(320,'Whores\' Glory','français',2011,425,'070124154-3',326,4),(321,'Everybody\'s Got Somebody... Not Me','ukrainien',1999,209,'306720197-3',381,2),(322,'Heat\'s On, The','russe',2004,816,'826240539-0',45,2),(323,'Land Without Bread (Hurdes, tierra sin pan, Las)','allemand',1965,741,'058352238-6',297,2),(324,'Secret Life of Walter Mitty, The','américain',2010,821,'256292647-1',212,3),(325,'Raising Arizona','russe',1984,986,'155806673-X',497,2),(326,'Man I Love, The','espagnol',2009,569,'102388979-X',493,2),(327,'Blades of Glory','allemand',2009,443,'633261033-6',201,3),(328,'Encounter in the Third Dimension','allemand',1934,906,'526457877-X',447,4),(329,'Tulse Luper Suitcases, Part 1: The Moab Story, The','allemand',1999,232,'665733189-4',402,3),(330,'Bridal Party in Hardanger, The (Brudeferden i Hardanger)','allemand',2012,808,'908345184-4',376,2),(331,'Young and Prodigious T.S. Spivet, The (L\'extravagant voyage du jeune et prodigieux T.S. Spivet)','italien',2007,799,'491534316-2',77,2),(332,'Last Godfather, The','allemand',1999,603,'202295369-X',406,3),(333,'Torrente 5: Operación Eurovegas','américain',1927,306,'597848294-2',311,2),(334,'Room for Romeo Brass, A','allemand',1983,188,'105627366-6',362,1),(335,'My Mother\'s Smile (a.k.a. The Religion Hour) (L\'ora di religione) (Il sorriso di mia madre)','allemand',1993,851,'809759470-6',163,2),(336,'Evil (Ondskan)','américain',2004,166,'779776625-8',249,2),(337,'Diner','allemand',2012,992,'858470971-1',265,1),(338,'Attack of the Killer Tomatoes!','allemand',2009,425,'874734076-2',156,3),(339,'Flashbacks of a Fool','allemand',1998,252,'366520362-7',149,3),(340,'Aces: Iron Eagle III','allemand',1996,286,'690113374-X',63,4),(341,'Daffy Duck\'s Quackbusters','russe',2000,275,'478429997-1',326,2),(342,'Wheels on Meals (Kuai can che)','espagnol',1992,522,'901203810-3',213,3),(343,'Maximum Conviction','américain',1987,251,'744995405-2',389,1),(344,'Relic, The','allemand',2004,367,'179268330-8',44,2),(345,'Save Me','américain',2003,760,'240581449-8',462,1),(346,'Loverboy','américain',1990,133,'273045580-9',292,1),(347,'Voodoo Tiger','allemand',2010,146,'138923222-0',221,4),(348,'Each Dawn I Die','espagnol',2007,277,'270337526-3',132,1),(349,'Bad Lieutenant','américain',1940,482,'253774387-3',307,2),(350,'Io Island (Iodo)','américain',2012,656,'503582987-1',442,3),(351,'Bourne Legacy, The','américain',1998,643,'861716011-X',435,3),(352,'Honey, I Shrunk the Kids','américain',1960,727,'780672363-3',487,2),(353,'Man with the Gun','allemand',2005,634,'088208693-6',200,3),(354,'Alexandra\'s Project','américain',1958,706,'558609698-6',264,4),(355,'Calamity Jane','allemand',1992,234,'693999650-8',107,1),(356,'I Hope They Serve Beer in Hell','russe',2009,404,'470996853-5',436,2),(357,'Justin Bieber: Never Say Never','russe',1993,725,'972016844-7',334,4),(358,'Bakery Girl of Monceau, The (La boulangère de Monceau)','ukrainien',2009,306,'426749332-4',259,3),(359,'Confessional, The (Confessionnal, Le)','allemand',2009,583,'318008549-5',236,1),(360,'Just Like Me (Igualita a Mi)','allemand',2009,62,'291435405-3',186,3),(361,'Body Snatchers','français',1993,138,'680276197-1',172,2),(362,'Simpatico','américain',1998,831,'820782801-3',307,1),(363,'Downeast','espagnol',2013,116,'157366425-1',166,2),(364,'Adventures of Robin Hood, The','russe',1999,418,'483993364-2',154,4),(365,'Union Station','américain',1907,466,'048202179-9',140,3),(366,'Belle comme la femme d\'un autre','américain',1974,881,'665594104-0',11,4),(367,'It\'s Impossible to Learn to Plow by Reading Books','français',2008,266,'081492443-3',265,4),(368,'One Flew Over the Cuckoo\'s Nest','américain',1994,687,'540508609-6',332,2),(369,'Aria','autre',2005,423,'463580029-6',160,1),(370,'...tick... tick... tick...','allemand',2003,860,'023295277-9',243,2),(371,'Greatest Show on Earth, The','américain',1993,791,'277140742-6',499,2),(372,'Hitchcock','espagnol',1996,143,'554489358-6',368,2),(373,'Perils of the Sentimental Swordsman','russe',1962,603,'763997508-5',184,1),(374,'Search for One-eye Jimmy, The','espagnol',1992,842,'611095561-2',343,1),(375,'Jade','espagnol',2005,892,'226795135-5',25,1),(376,'Liar\'s Autobiography: The Untrue Story of Monty Python\'s Graham Chapman, A','espagnol',1996,851,'101192331-9',398,1),(377,'Jungle de Ikou (Jungre de Ikou)','espagnol',1998,500,'260724613-X',362,4),(378,'Farsan','russe',2009,469,'816907934-9',174,2),(379,'Paradise','allemand',1998,675,'317906687-3',325,2),(380,'King Boxer: Five Fingers of Death (Tian xia di yi quan)','russe',2010,138,'065503405-6',67,4),(381,'Beach Blanket Bingo','allemand',2009,290,'101513018-6',248,3),(382,'Crippled Avengers (Can que) (Return of the 5 Deadly Venoms)','français',1991,291,'278744334-6',370,1),(383,'Snow Walker, The','américain',2015,593,'803990682-2',286,3),(384,'Pompatus of Love, The','allemand',1992,310,'565223292-7',121,4),(385,'Endless Love','espagnol',2003,646,'446583686-4',40,2),(386,'Frenzy','italien',1990,19,'747315996-8',379,4),(387,'Makai Tensho: Samurai Reincarnation (Makai tenshô)','russe',1993,481,'745975983-X',193,2),(388,'Woman in Red, The','italien',1998,92,'585694921-8',183,3),(389,'Mating Habits of the Earthbound Human, The','russe',1979,971,'324489019-9',74,3),(390,'Evolver','allemand',1994,123,'490229314-5',115,4),(391,'Viva Knievel!','allemand',1995,773,'726785496-6',198,4),(392,'Air Crew','américain',2009,544,'901660687-4',264,3),(393,'Fireproof','espagnol',2006,802,'019712174-8',235,2),(394,'Django the Bastard (Strangers Gundown, The) (Django il bastardo)','américain',1969,298,'665696886-4',60,2),(395,'Head Over Heels (De Pernas pro Ar)','espagnol',2010,714,'034193739-8',2,1),(396,'Saw VI','allemand',1994,933,'809623261-4',385,2),(397,'Kedma','russe',2012,889,'146568194-9',167,3),(398,'Don\'t Go Breaking My Heart (Daan gyun naam yu)','américain',1992,716,'801489599-1',241,4),(399,'Ice Soldiers','ukrainien',1922,54,'437206246-X',232,4),(400,'Pit and the Pendulum, The','ukrainien',1993,948,'165902570-2',305,1),(401,'Larry Crowne','russe',1913,736,'802189838-0',402,2),(402,'Diva','italien',2008,454,'479149449-0',216,3),(403,'Kate & Leopold','russe',2008,329,'663348098-9',16,4),(404,'Can\'t Hardly Wait','allemand',1989,924,'356273672-X',364,3),(405,'The Visitor','russe',2006,59,'432022431-0',29,1),(406,'Thieves, The (Dodookdeul)','russe',2010,15,'728907783-0',480,1),(407,'Last Season, The','allemand',2009,520,'678265109-2',462,3),(408,'Mardock Scramble: The Second Combustion','espagnol',2021,139,'803781345-2',390,2),(409,'Who\'s Your Daddy?','espagnol',2002,141,'994664547-5',259,2),(410,'Good Ol\' Freda','ukrainien',1995,55,'686787382-0',111,4),(411,'William Kunstler: Disturbing the Universe','espagnol',2012,9,'509610008-1',86,3),(412,'Haunter','américain',2004,714,'990001306-9',57,1),(413,'King of California','allemand',2003,575,'283899464-6',305,3),(414,'Dead Meat','américain',1977,881,'141534953-3',41,1),(415,'Veronika Voss (Sehnsucht der Veronika Voss, Die)','américain',2002,316,'364646868-8',13,2),(416,'Harum Scarum','allemand',2011,254,'949415318-9',239,4),(417,'Making Plans for Lena (Non ma fille, tu n\'iras pas danser)','espagnol',2003,378,'850895975-3',76,2),(418,'Grease','russe',2005,322,'399673314-3',16,2),(419,'Farewell to Matyora','français',1993,593,'051297759-3',246,3),(420,'Mission: Impossible - Ghost Protocol','russe',2004,306,'888913159-4',250,4),(421,'Asterix and the Big Fight (Astérix et le coup du menhir)','allemand',2006,182,'582915093-X',206,3),(422,'Exit Through the Gift Shop','américain',1993,730,'868684180-5',238,3),(423,'Last Time, The','allemand',1999,61,'840851318-4',198,4),(424,'Hitler\'s Madman','américain',1923,339,'895164437-5',258,4),(425,'Making a Killing: The Untold Story of Psychotropic Drugging','allemand',2006,931,'075668937-6',27,1),(426,'Office Space','russe',2004,433,'644531975-0',214,1),(427,'After...','ukrainien',1998,970,'694986807-3',264,4),(428,'Cockfighter','allemand',1997,398,'380280072-9',385,1),(429,'Dacii','allemand',1907,801,'791947041-2',289,1),(430,'Feast II: Sloppy Seconds','américain',1989,909,'170838138-4',81,3),(431,'Never Forever','ukrainien',1987,699,'664630221-9',375,2),(432,'Supermensch: The Legend of Shep Gordon','allemand',1993,717,'651823516-0',500,4),(433,'Fog of War: Eleven Lessons from the Life of Robert S. McNamara, The','français',1989,391,'307060443-9',61,1),(434,'Girl Crazy','espagnol',1957,46,'996740397-7',91,1),(435,'Hysteria: The Def Leppard Story','espagnol',1917,420,'584194473-8',171,2),(436,'Boy Called Hate, A','américain',1940,78,'066947955-1',383,4),(437,'Chloe','américain',1927,580,'823798688-1',121,3),(438,'Othello (Tragedy of Othello: The Moor of Venice, The)','ukrainien',2005,536,'862170785-3',368,1),(439,'Breath, The (Nefes: Vatan sagolsun)','italien',2007,234,'520158717-8',376,1),(440,'Laaga Chunari Mein Daag: Journey of a Woman','américain',1914,740,'401688572-8',387,3),(441,'The Wild Bunch: An Album in Montage','ukrainien',2003,60,'504205691-2',87,2),(442,'Trek Nation','allemand',2011,184,'239270948-3',19,2),(443,'6 Desires: DH Lawrence and Sardinia','russe',1926,197,'367223554-7',456,1),(444,'Intended, The','russe',2000,175,'688990655-1',177,4),(445,'Lawman','allemand',2010,2,'152361724-1',187,1),(446,'Anna Karenina','espagnol',2009,378,'856799886-7',132,2),(447,'Death Race 3: Inferno','russe',1979,417,'527778450-0',408,4),(448,'Rage at Dawn','allemand',2007,498,'333938661-7',273,2),(449,'Zift','américain',1998,800,'041980271-1',319,1),(450,'Emigrants, The (Utvandrarna)','américain',2004,310,'769046741-5',29,1),(451,'Lonely Passion of Judith Hearne, The','italien',1987,981,'170696119-7',342,3),(452,'Willy Wonka & the Chocolate Factory','américain',2007,567,'824528083-6',431,2),(453,'Back In Action','allemand',1995,10,'608957998-X',330,3),(454,'I Belong (Som du ser meg)','espagnol',2009,746,'603938950-8',404,3),(455,'I\'m Gonna Explode (a.k.a. I\'m Going to Explode) (Voy a explotar)','allemand',1993,720,'508482993-6',187,4),(456,'Love Letters','français',2003,199,'494451771-8',430,1),(457,'Susan Slept Here','allemand',1998,710,'758650252-8',171,4),(458,'Personal Effects','allemand',2001,427,'245485692-1',400,1),(459,'Lust for Life','espagnol',2001,387,'240314238-7',314,1),(460,'Awful Truth, The','espagnol',2009,417,'173220942-1',418,1),(461,'Avengers, The','allemand',1995,499,'219182477-3',103,2),(462,'While You Were Sleeping','espagnol',2006,796,'742195753-7',7,1),(463,'Good People','espagnol',1942,822,'109412303-X',172,4),(464,'In Bed (En la cama)','espagnol',2003,809,'056394509-5',226,3),(465,'Dark Wind, The','allemand',2005,163,'318468469-5',74,3),(466,'She Wouldn\'t Say Yes','français',2006,741,'077480090-9',158,4),(467,'Cohen and Tate','italien',2003,505,'357851801-8',122,3),(468,'Rack, The','russe',2007,171,'591694484-5',129,2),(469,'Arabian Nights','espagnol',2007,684,'730387622-7',18,3),(470,'ABBA: The Movie','italien',2001,623,'915741615-X',313,4),(471,'Beauty and the Beast (Belle et la bête, La)','espagnol',2001,447,'562650349-8',402,4),(472,'Bastards (Les salauds)','espagnol',1997,599,'043744111-3',66,2),(473,'Basquiat','espagnol',2002,538,'963197930-X',469,1),(474,'Fort Apache','russe',2009,555,'934489118-4',243,4),(475,'Talk of the Town, The','américain',1909,496,'212896073-8',254,2),(476,'Pretty Woman','allemand',1996,427,'678621446-0',329,1),(477,'Children of the Corn III','russe',1942,983,'766947984-1',231,1),(478,'Paradise Lost 3: Purgatory','autre',1988,433,'738576334-0',93,1),(479,'My Life in Orange (Sommer in Orange)','américain',1963,530,'453522166-9',309,1),(480,'Dentist, The','allemand',1968,805,'482908925-3',175,1),(481,'Dishonored','espagnol',2003,444,'132528393-2',358,2),(482,'Entitled, The','allemand',1998,43,'940311512-2',369,3),(483,'Astro Boy','français',2002,524,'879165390-8',159,1),(484,'Out of the Blue','américain',1927,665,'216600236-6',103,3),(485,'Strong Man, The','américain',2000,105,'638026487-6',229,2),(486,'Noel','allemand',2006,985,'270456042-0',249,3),(487,'Big Trouble','américain',1994,835,'401391028-4',214,3),(488,'Informant!, The','américain',2009,965,'933959993-4',480,1),(489,'Vital Signs','allemand',2006,530,'328308834-9',23,1),(490,'Masque of the Red Death, The','français',2011,430,'916624581-8',267,4),(491,'Husk','allemand',2001,829,'885118623-5',307,2),(492,'Loose Change: Second Edition','allemand',2002,757,'385657006-3',482,4),(493,'Assassination Games','italien',2009,199,'532998601-X',391,4),(494,'War Within, The','espagnol',2011,410,'388229703-4',359,2),(495,'Crime Zone','français',2008,503,'470337118-9',255,1),(496,'Atomic Twister','russe',1956,482,'423383310-6',312,4),(497,'Wild Target','russe',1987,204,'539177719-4',16,4),(498,'Wise Blood','espagnol',1987,363,'338601155-1',152,1),(499,'Chronicles of Narnia: The Voyage of the Dawn Treader, The','allemand',1991,786,'545425686-2',463,3),(500,'Knockin\' on Heaven\'s Door','espagnol',2007,43,'262486727-9',160,2),(501,'Alligator People, The','américain',1985,618,'023553650-4',240,1),(502,'Post Tenebras Lux','russe',2008,860,'000150328-6',304,4),(503,'Torment (Hets)','allemand',2009,264,'801238224-5',468,2),(504,'Candleshoe','espagnol',2010,317,'408348638-4',298,2),(505,'Comes a Bright Day','espagnol',1987,986,'660655369-5',95,2),(506,'Who Killed Vincent Chin?','russe',1977,933,'883966080-1',143,1),(507,'White Fang (Zanna Bianca)','américain',1997,33,'603036469-3',113,1),(508,'The White Sister','américain',1977,531,'996869316-2',493,3),(509,'Billion Dollar Brain','américain',1995,20,'674703620-4',312,2),(510,'Inbetweeners 2, The','allemand',2000,73,'636242724-6',378,4),(511,'Night at the Roxbury, A','espagnol',2012,243,'259234734-8',1,1),(512,'Aries Spears: Hollywood, Look I\'m Smiling','italien',1996,379,'322153654-2',406,2),(513,'Yves Saint Laurent','espagnol',1906,774,'299523589-0',34,3),(514,'Partners in Crime (Associés contre le crime...)','espagnol',2006,634,'719048042-0',361,3),(515,'Formula 51','allemand',2008,728,'108191492-0',495,4),(516,'On Golden Pond','espagnol',2009,472,'995893063-3',76,3),(517,'Street Thief','russe',1986,663,'863485641-0',400,3),(518,'Ballad of Narayama, The (Narayama bushiko)','américain',1993,816,'417520967-0',483,1),(519,'Divo, Il','espagnol',1996,560,'627820772-9',420,1),(520,'Four more years (Fyra år till)','allemand',2011,332,'933038100-6',39,4),(521,'Inner Life of Martin Frost, The','espagnol',1940,96,'311351955-1',36,1),(522,'Joe Somebody','américain',1998,803,'599445563-6',276,4),(523,'Tropical Malady (Sud pralad)','russe',1997,144,'835893358-4',440,2),(524,'Black Mask (Hak hap)','russe',1992,484,'323570861-8',277,3),(525,'Sinbad: Legend of the Seven Seas','américain',2005,461,'657513391-6',421,4),(526,'Secret Life of Walter Mitty, The','américain',2009,710,'141291072-2',415,2),(527,'Girl from Monday, The','espagnol',2010,880,'314600132-2',114,4),(528,'Tavarataivas','allemand',2002,76,'035111413-0',36,4),(529,'Frankenstein\'s Army','russe',2001,797,'008237637-9',117,4),(530,'Blade of the Ripper','français',2018,457,'238635451-2',401,2),(531,'Score: A Hockey Musical','russe',2007,797,'570464082-6',7,3),(532,'Walking Dead, The','espagnol',2010,780,'590979845-6',286,4),(533,'Intervista','espagnol',1986,620,'329271205-X',100,2),(534,'Angel and the Badman','américain',1986,985,'475577211-7',63,4),(535,'Iron Giant, The','italien',1992,113,'735105606-4',144,4),(536,'Dog Days (Hundstage)','français',2006,796,'479058956-0',352,2),(537,'Beyond Enemy Lines (Framom främsta linjen)','américain',2004,80,'166559331-8',130,2),(538,'Focus','russe',2000,747,'572725662-3',214,1),(539,'Machine Gun McCain (Gli intoccabili)','russe',1994,35,'090862251-1',63,4),(540,'Royal Tenenbaums, The','ukrainien',1946,130,'062048670-8',299,2),(541,'Raid on Rommel','espagnol',1940,633,'574107189-9',356,1),(542,'Tall Story','américain',2010,652,'840766668-8',398,2),(543,'Gold of Rome (L\'oro di Roma)','américain',1961,445,'038760695-5',83,4),(544,'Mademoiselle','allemand',2004,547,'431139263-X',374,4),(545,'Paper Will Be Blue, The (Hîrtia va fi albastrã)','ukrainien',2009,275,'434566623-6',382,1),(546,'Hum Tumhare Hain Sanam','américain',1962,271,'381274318-3',53,1),(547,'My Blueberry Nights','ukrainien',2006,162,'632964618-X',169,4),(548,'Sunday in the Country, A (Un dimanche à la campagne)','américain',2012,845,'185745354-9',500,2),(549,'Eight Iron Men','espagnol',2006,812,'246326019-X',74,3),(550,'Aquamarine','russe',1908,851,'271033567-0',486,3),(551,'Gold Diggers of 1937','américain',2004,447,'853544933-7',62,2),(552,'Johnny Apollo','américain',2001,723,'696834556-0',273,3),(553,'Cold Water (Eau Froide, L\')','autre',2000,456,'231842767-4',374,2),(554,'Story of Mankind, The','russe',2008,168,'075200666-5',375,2),(555,'The Return of Ringo','américain',2020,731,'009877487-5',342,3),(556,'2 ou 3 choses que je sais d\'elle (2 or 3 Things I Know About Her)','allemand',2002,451,'840224506-4',48,1),(557,'Pet Sematary II','espagnol',1996,496,'315453655-8',33,3),(558,'Moving Out','français',2008,86,'813893763-7',332,1),(559,'Chalte Chalte','espagnol',1987,562,'100070285-5',191,3),(560,'Loose Cannons (Mine vaganti)','américain',2007,364,'609494465-8',331,3),(561,'Attack of the Puppet People','espagnol',1992,349,'549414348-1',316,1),(562,'Freaks','américain',1932,82,'497717551-4',315,3),(563,'High Heels and Low Lifes','français',2006,844,'059660381-9',208,1),(564,'Earthquake','espagnol',1945,307,'339952758-6',350,2),(565,'Fall of the House of Usher, The (chute de la maison Usher, La)','espagnol',2004,830,'893451060-9',357,3),(566,'Human Capital (Il capitale umano)','allemand',2006,979,'217651040-2',244,3),(567,'Parasites, Les','espagnol',2001,334,'454735384-0',375,2),(568,'Black Fury','français',2008,396,'048689781-8',89,1),(569,'Quai des Orfèvres (Jenny Lamour)','russe',2001,933,'146816294-2',430,2),(570,'Bad Luck Love','espagnol',2009,807,'664490253-7',400,1),(571,'Last Run, The','américain',1994,397,'025613451-0',406,1),(572,'The Land Before Time IX: Journey to the Big Water','français',2008,887,'641044038-3',180,1),(573,'Distinguished Gentleman, The','espagnol',2010,551,'410950125-3',1,4),(574,'Bustin\' Loose','russe',1907,325,'665890107-4',207,2),(575,'Saboteur','américain',1984,554,'776418633-3',46,1),(576,'Curious Case of Benjamin Button, The','espagnol',2004,474,'463839241-5',399,3),(577,'All the Rage (It\'s the Rage)','américain',1986,899,'680647204-4',139,1),(578,'Two Night Stand','allemand',1924,432,'599229818-5',408,3),(579,'High School Musical','russe',1997,919,'703356114-8',470,1),(580,'Waterloo Bridge','allemand',2005,797,'680612991-9',173,4),(581,'So Long Letty','allemand',1986,156,'847719408-4',214,3),(582,'Street People','espagnol',2005,562,'792787847-6',293,1),(583,'Lost Horizon','allemand',1947,478,'329091735-5',385,1),(584,'Last Train Home','russe',2009,127,'570567052-4',33,2),(585,'Stranger than Fiction','allemand',1996,470,'925942301-5',81,4),(586,'Private Romeo','français',2012,517,'847575666-2',23,1),(587,'On the Waterfront','américain',1984,843,'342182940-3',216,2),(588,'Resistance','allemand',1996,948,'790407794-9',194,4),(589,'Love Affair','espagnol',2004,939,'190692133-4',67,2),(590,'Serious Moonlight','espagnol',2009,424,'721513206-4',257,3),(591,'Dark Truth, A (Truth, The)','ukrainien',2010,172,'325288561-1',402,3),(592,'Rockers','espagnol',2009,189,'563814417-X',179,4),(593,'Father Goose','américain',1996,592,'980582541-8',481,2),(594,'Thrust in Me','ukrainien',1999,521,'786081013-1',186,1),(595,'Thunder Soul','français',1998,850,'936098324-1',262,2),(596,'Crimes of Fashion','russe',1969,344,'370526274-2',33,1),(597,'Young Again','espagnol',2007,52,'106704174-5',331,3),(598,'Lies (Gojitmal)','espagnol',1999,378,'966720773-0',54,2),(599,'Assault, The (Aanslag, De)','allemand',1993,983,'856193048-9',131,3),(600,'Double Solitaire','russe',2000,948,'769558678-1',363,4),(601,'Hasty Heart, The','allemand',2011,917,'408044772-8',76,1),(602,'Wrong Box, The','allemand',2011,831,'589079303-9',14,1),(603,'Io Island (Iodo)','espagnol',1989,447,'412593024-4',347,3),(604,'Happy Ever Afters','français',1980,931,'691931461-4',162,1),(605,'Wife, The','allemand',1997,358,'848644454-3',339,4),(606,'Man Vanishes, A (Ningen Johatsu)','américain',2012,859,'122864446-2',397,2),(607,'Charlie Chan in Rio','espagnol',2003,825,'401993515-7',104,2),(608,'Alphabet','américain',2007,87,'027729607-2',499,1),(609,'Family Game, The (Kazoku gêmu)','allemand',2003,734,'186631555-2',305,2),(610,'I Am Legend','russe',1998,199,'280487682-9',485,3),(611,'Respiro','espagnol',2006,378,'245071787-0',92,4),(612,'Hustlers, The (Veijarit)','américain',1972,430,'677057840-9',79,1),(613,'Born to Fight (Kerd ma lui)','allemand',2004,332,'028884617-6',284,1),(614,'Black Gold','allemand',2006,128,'719769387-X',400,3),(615,'DiG!','ukrainien',1901,148,'795672641-7',460,2),(616,'Safe Conduct (Laissez-Passer)','ukrainien',1931,422,'784858383-X',229,1),(617,'Thunderpants','russe',2001,961,'444248797-9',11,1),(618,'Hav Plenty','espagnol',2008,137,'719603072-9',106,4),(619,'Phil Ochs: There But for Fortune','allemand',2005,148,'159252970-4',144,1),(620,'It\'s Kind of a Funny Story','espagnol',2012,749,'696960844-1',50,2),(621,'Fistful of Fingers, A','russe',1930,547,'657801355-5',288,3),(622,'The First Men in the Moon','français',1960,203,'271406450-7',2,3),(623,'Regret to Inform','américain',1985,347,'833730351-4',358,3),(624,'Balto','américain',1988,483,'298421633-4',341,2),(625,'Business, The','allemand',1985,481,'437176864-4',482,2),(626,'Dhobi Ghat','russe',2010,13,'290127420-X',317,2),(627,'Firelight','russe',1986,727,'559571316-X',33,2),(628,'Stan Helsing','allemand',2003,466,'488734198-9',392,4),(629,'Bullet Ballet','russe',2006,651,'423808813-1',108,3),(630,'Yu-Gi-Oh!: Bonds Beyond Time (Gekijouban Yuugiou: Chouyuugou! Jikuu o koeta kizuna)','russe',2006,34,'242720313-0',299,1),(631,'Harvard Man','espagnol',1907,421,'398235584-2',470,4),(632,'Robots','allemand',2010,242,'750513545-7',404,4),(633,'Hits','italien',2006,685,'550328885-8',327,3),(634,'Safety Patrol','espagnol',1998,225,'216533921-9',12,2),(635,'Vice','russe',2004,791,'331436216-1',398,3),(636,'Shattered','ukrainien',2005,534,'303459504-2',433,3),(637,'Vampire in Brooklyn','russe',2012,467,'852266788-8',159,3),(638,'Dragonball Evolution','allemand',1963,991,'458453976-6',150,3),(639,'Dead End','américain',2007,580,'383137781-2',236,2),(640,'Die Another Day','américain',2006,122,'821792318-3',132,4),(641,'Sahara','américain',2000,396,'088897844-8',260,2),(642,'Home on the Range','américain',1921,323,'280323841-1',68,1),(643,'Dead Heat on a Merry-Go-Round','russe',1986,758,'371852080-X',455,3),(644,'Baby-Sitters Club, The','ukrainien',2008,284,'199391876-0',438,1),(645,'Paper Chase, The','américain',2009,383,'819357359-5',143,1),(646,'The Cop in Blue Jeans','espagnol',1992,373,'675154312-3',341,1),(647,'Antonia\'s Line (Antonia)','français',1996,199,'432021543-5',247,3),(648,'Chef in Love, A (Shekvarebuli kulinaris ataserti retsepti)','américain',2021,451,'459375173-X',53,1),(649,'Bill & Ted\'s Bogus Journey','allemand',2008,934,'386663392-0',217,1),(650,'Soviet Story, The','américain',1990,945,'088543136-7',240,2),(651,'Ay, Carmela! (¡Ay, Carmela!)','russe',2001,660,'600360873-0',378,1),(652,'Grudge Match','espagnol',2012,329,'304277678-6',63,1),(653,'Alter Egos','français',2010,969,'514306220-9',495,3),(654,'Seventh Horse of the Sun  (Suraj Ka Satvan Ghoda)','espagnol',2004,145,'853727592-1',7,4),(655,'City of Sadness, A (Bei qing cheng shi)','américain',2005,713,'894504949-5',233,3),(656,'Little Monsters','espagnol',2012,692,'216465673-3',162,1),(657,'Hangman\'s House','américain',1997,809,'811532570-8',94,2),(658,'Wrong Arm of the Law, The','espagnol',2006,848,'207440321-6',322,1),(659,'This Gun for Hire','allemand',2010,714,'705373044-1',88,3),(660,'Rosemary\'s Baby','américain',1998,637,'497592228-2',499,3),(661,'Pennies from Heaven','ukrainien',2008,430,'395376570-1',93,1),(662,'Hotte in Paradise (Hotte im Paradies)','russe',2011,775,'614062940-3',27,4),(663,'Rudy','allemand',2004,380,'830511621-2',466,3),(664,'Panther','français',2006,664,'470640612-9',108,4),(665,'Firelight','ukrainien',2004,46,'107942751-1',52,3),(666,'Zatoichi at Large (Zatôichi goyô-tabi) (Zatôichi 23)','russe',1993,998,'532218045-1',481,4),(667,'Dragon Ball Z the Movie: The World\'s Strongest (a.k.a. Dragon Ball Z: The Strongest Guy in The World) (Doragon bôru Z: Kono yo de ichiban tsuyoi yatsu)','américain',2010,718,'426618600-2',471,4),(668,'King Is Dancing, The (Le roi danse)','américain',1994,323,'386352369-5',341,1),(669,'Not Another Teen Movie','allemand',1941,518,'365619468-8',291,4),(670,'Last Picture Show, The','espagnol',1995,65,'953992966-0',177,1),(671,'Barefoot','russe',1996,353,'313404937-6',244,3),(672,'Hot Lead and Cold Feet','ukrainien',2011,530,'450116123-X',197,3),(673,'Blondie of the Follies','russe',1995,666,'013225733-5',171,1),(674,'Greatest, The','américain',1996,64,'154293772-8',49,3),(675,'Chant of Jimmy Blacksmith, The','espagnol',1994,491,'530703732-5',494,1),(676,'Jarhead 2: Field of Fire','allemand',1995,214,'702433455-X',340,4),(677,'Abouna','américain',2013,156,'108334730-6',137,3),(678,'Johnny Dangerously','espagnol',1998,839,'841060920-7',358,4),(679,'Bedlam','allemand',2012,89,'030796395-0',177,1),(680,'Believer, The','français',1992,324,'376430339-5',186,1),(681,'Li\'l Quinquin','français',1988,127,'018777220-7',332,3),(682,'The Joy of Living','français',1996,241,'900332747-5',185,4),(683,'Tarzan','ukrainien',1911,945,'465251530-8',55,3),(684,'Awakening, The','français',2008,510,'197579487-7',242,4),(685,'Big Shots','allemand',2011,452,'578425759-5',464,3),(686,'Air Raid Wardens','américain',1993,940,'744326710-X',241,4),(687,'Devil Is a Woman, The','ukrainien',1955,369,'810247647-8',140,1),(688,'Charlie\'s Country','russe',2020,615,'735463959-1',289,1),(689,'Melissa P.','allemand',1994,369,'773858702-4',364,1),(690,'Camouflage (Barwy ochronne)','espagnol',2010,662,'556924063-2',17,1),(691,'Day Without a Mexican, A','américain',1992,659,'041765485-5',109,3),(692,'Beast Must Die, The','espagnol',1960,739,'253474174-8',282,2),(693,'Girls About Town','français',1988,227,'486831169-7',126,4),(694,'Attila Marcel','américain',2012,344,'236795399-6',320,1),(695,'Jackass Presents: Bad Grandpa .5','ukrainien',2012,944,'298074239-2',457,3),(696,'Hi-Life','américain',1968,666,'337101263-8',123,2),(697,'No Blade of Grass','russe',2001,100,'132197653-4',42,1),(698,'Race','espagnol',2006,639,'366496663-5',370,3),(699,'Moving McAllister','allemand',2005,204,'258064516-0',248,1),(700,'Paris Trout','espagnol',1998,697,'350262577-8',451,1),(701,'Breaktime, The (Zang-e Tafrih) (Recess)','américain',1986,170,'947058669-7',500,3),(702,'Take Her, She\'s Mine','russe',1998,364,'327469137-2',430,2),(703,'C\'mon Man','américain',2010,833,'310581746-8',190,2),(704,'In the Winter Dark','ukrainien',1997,347,'608847134-4',137,1),(705,'My Sons (Musuko)','italien',2002,433,'201765796-4',180,3),(706,'Macbeth','ukrainien',2012,584,'481618970-X',93,1),(707,'I Start Counting','allemand',2013,995,'899653514-1',165,1),(708,'Tenebre','américain',1980,490,'682066717-5',167,3),(709,'Berlin Alexanderplatz','américain',2012,862,'142512270-1',481,3),(710,'Notorious Bettie Page, The','ukrainien',1995,521,'782317536-3',325,1),(711,'White Oleander','italien',1982,52,'596834993-X',204,4),(712,'My Dinner with André','russe',2006,533,'591232714-0',211,3),(713,'RoboCop 2','espagnol',2001,832,'648699845-8',462,4),(714,'Gods and Generals','américain',1951,306,'054343334-X',183,2),(715,'Outsider','français',2011,408,'277803181-2',442,2),(716,'Song of Bernadette, The','espagnol',1999,353,'469426924-0',234,2),(717,'Two Moon Junction','russe',1906,34,'709493013-5',202,2),(718,'The Little Fox','russe',1902,691,'904495402-4',437,4),(719,'Mystery (Fu cheng mi shi)','autre',2011,931,'384854762-7',120,1),(720,'Crazy/Beautiful','russe',2007,150,'006134829-5',303,1),(721,'Vampire Bat, The','espagnol',2008,271,'279143609-X',83,2),(722,'New Rulers of the World, The','allemand',2009,936,'286959739-8',108,1),(723,'King Kong','ukrainien',2014,505,'922523729-4',46,3),(724,'Stuart Little 2','espagnol',1965,505,'145963634-1',394,4),(725,'Idiot\'s Delight','allemand',1976,391,'106305417-6',157,3),(726,'Mouth to Mouth','américain',1938,476,'639247627-X',125,2),(727,'Blind Shaft (Mang jing)','américain',2008,974,'760891005-4',420,1),(728,'Marley & Me','espagnol',2005,923,'833214732-8',327,1),(729,'Angels in the Outfield','allemand',2008,591,'183202185-8',489,1),(730,'Wyatt Earp\'s Revenge','américain',2007,201,'727157233-3',26,2),(731,'Sabotage','espagnol',1998,443,'265429225-8',142,1),(732,'South, The (Sur, El)','russe',2003,281,'771107349-6',122,2),(733,'I Love You Phillip Morris','russe',1965,652,'926698920-7',490,3),(734,'Four Sahibjade','allemand',1985,564,'806979147-0',433,2),(735,'What Women Want','français',2008,347,'727347593-9',35,3),(736,'Clouds of Sils Maria','français',2010,947,'480468471-9',293,1),(737,'Trapped in the Closet: Chapters 23-33','italien',2004,753,'867458301-6',95,2),(738,'Scott Pilgrim vs. the World','américain',2012,170,'885095280-5',304,3),(739,'Smell of Camphor, Fragrance of Jasmine (Booye kafoor, atre yas)','américain',2009,969,'556101980-5',137,3),(740,'Hobbit: An Unexpected Journey, The','espagnol',1968,726,'360288623-9',391,3),(741,'Amreeka','espagnol',2010,489,'967177106-8',117,2),(742,'Mail Order Bride','russe',2002,425,'331582936-5',313,1),(743,'Mangler, The','ukrainien',2008,758,'726713274-X',68,2),(744,'Werewolf of London','français',1996,456,'637836816-3',276,3),(745,'Night of the Shooting Stars (Notte di San Lorenzo, La)','ukrainien',1995,151,'367845625-1',411,3),(746,'Who Do I Gotta Kill?','espagnol',2001,39,'249383466-6',19,1),(747,'Match, The','allemand',1996,51,'091789791-9',195,4),(748,'Tomb of Ligeia, The','américain',1986,628,'425193134-3',165,1),(749,'Banger Sisters, The','italien',2005,183,'310675503-2',432,3),(750,'Doctor and the Devils, The','italien',1995,326,'730999603-8',80,3),(751,'Seeking Justice','ukrainien',1966,636,'280684440-1',366,3),(752,'Affair to Remember, An','allemand',2010,657,'019957532-0',186,4),(753,'Secret, The','russe',1995,181,'988518103-2',189,1),(754,'Ciao Bella','allemand',1992,630,'872252936-5',300,3),(755,'That\'s My Boy','russe',1921,652,'578151257-8',294,2),(756,'Seyyit Khan: Bride of the Earth (Seyyit Han)','américain',1995,260,'637005394-5',93,3),(757,'Maybe, Maybe Not (Bewegte Mann, Der)','américain',1994,537,'850009043-X',394,1),(758,'Samurai Rebellion (Jôi-uchi: Hairyô tsuma shimatsu)','espagnol',2010,723,'993839378-0',47,1),(759,'Question of Silence, A (De stilte rond Christine M.)','russe',1934,340,'162215818-0',58,4),(760,'Hell Ride','espagnol',2007,41,'234184744-7',109,3),(761,'Wind and the Lion, The','espagnol',1991,757,'164003044-1',420,3),(762,'César','français',1995,11,'141987855-7',399,4),(763,'Land Before Time III: The Time of the Great Giving','espagnol',2007,950,'625515912-4',194,2),(764,'Shanghai Noon','ukrainien',1993,164,'691846213-X',292,2),(765,'Walking Tall','russe',1987,630,'170380738-3',493,3),(766,'Brother, Can You Spare a Dime?','allemand',1996,662,'534956646-6',223,3),(767,'Masti','américain',2012,880,'809318547-X',166,3),(768,'Brothers (Veljekset)','espagnol',2010,135,'961792057-3',8,3),(769,'Primary','américain',1983,98,'973909614-X',322,2),(770,'Flintstones in Viva Rock Vegas, The','russe',1987,976,'824659202-5',268,3),(771,'Nun, The (La religieuse)','espagnol',1995,916,'270453081-5',349,1),(772,'Mr. Wonderful','américain',2000,658,'562488340-4',178,3),(773,'Saving Private Ryan','allemand',1987,1,'046924204-3',439,3),(774,'Xtro 3: Watch the Skies','russe',1999,41,'731988729-0',158,2),(775,'Expendables, The','russe',2005,470,'090123535-0',344,2),(776,'Blue City','allemand',2008,688,'397074980-8',59,4),(777,'War of the Worlds','espagnol',2010,530,'074295788-8',441,1),(778,'This Is Where I Leave You','allemand',2007,479,'898582484-8',267,1),(779,'Genealogies of a Crime (Généalogies d\'un crime)','allemand',2008,726,'924785126-2',374,4),(780,'If It\'s Tuesday, This Must Be Belgium','allemand',2010,113,'996302643-5',81,2),(781,'Tora-san Our Lovable Tramp (Otoko wa tsurai yo)','russe',1999,168,'193339267-3',440,3),(782,'Bohemian Life, The (La vie de bohème)','américain',1998,126,'219242791-3',205,1),(783,'Edvard Munch','ukrainien',2003,276,'176696247-5',101,2),(784,'Big Bad Wolf','russe',1961,246,'499543806-8',332,4),(785,'The Heavy','américain',1996,172,'846608470-3',485,1),(786,'Tamara Drewe','français',2000,279,'154476137-6',414,1),(787,'Sleepless in Seattle','russe',1988,108,'060345591-3',210,2),(788,'Sun Don\'t Shine','espagnol',1989,94,'362050361-3',180,2),(789,'The Magic Flute','espagnol',1993,727,'106856611-6',425,2),(790,'Club Sandwich','italien',1945,306,'659232430-9',421,2),(791,'What We Did on Our Holiday','américain',1994,659,'538465339-6',299,4),(792,'Nasty Old People','américain',2006,231,'379054890-1',158,3),(793,'Othello','espagnol',1945,960,'121804180-3',164,4),(794,'Like Water','américain',2004,360,'743284554-9',445,3),(795,'Perfect Family, The','américain',2003,254,'352911710-2',308,2),(796,'Walt & El Grupo','russe',1997,680,'868387109-6',179,4),(797,'And Life Goes On (a.k.a. Life and Nothing More) (Zendegi va digar hich)','autre',2007,28,'695528971-3',435,2),(798,'Mr. Moto in Danger Island','américain',1989,68,'671587210-4',398,4),(799,'Black Rainbow','américain',2010,351,'834016658-1',484,4),(800,'6 Souls (Shelter)','ukrainien',2010,559,'831341841-9',34,2),(801,'High Spirits','français',2010,108,'257138757-X',379,4),(802,'Formula, The','américain',1965,191,'308040788-1',279,3),(803,'I Saw the Sun (Günesi gördüm)','russe',2002,833,'628563525-0',499,1),(804,'Thank You, Mr. Moto','américain',1999,599,'530062159-5',361,3),(805,'Faster Pussycat! Kill! Kill!','américain',2009,143,'875923498-9',224,1),(806,'Asterix vs. Caesar (Astérix et la surprise de César)','espagnol',1987,125,'937143087-7',230,2),(807,'Good Ol\' Freda','français',2006,944,'193786055-8',305,4),(808,'Underground: The Julian Assange Story','américain',1994,387,'664220025-X',274,4),(809,'North & South','espagnol',2012,855,'171549631-0',312,2),(810,'Garden, The','américain',2001,640,'442842451-5',244,3),(811,'Wonderland','espagnol',2004,906,'311791156-1',376,2),(812,'An Amazing Couple','américain',1999,303,'423291218-5',173,1),(813,'Slave Ship','américain',2005,190,'091510823-2',480,3),(814,'Gates of Heaven','espagnol',2008,439,'193430628-2',354,3),(815,'Snapshot','espagnol',1985,217,'585490409-8',345,3),(816,'Sirocco','russe',2007,343,'473047678-6',291,4),(817,'The Big Flame','français',1997,71,'043292606-2',83,3),(818,'Testament','russe',2012,149,'327303865-9',227,3),(819,'Wild and Wonderful Whites of West Virginia, The','allemand',1978,835,'899947443-7',226,1),(820,'Tokyo Twilight (Tôkyô boshoku)','allemand',1992,973,'157998190-9',121,3),(821,'Coming Home','américain',2012,794,'600918403-7',457,2),(822,'Absent (Ausente)','américain',1987,740,'346817032-7',156,3),(823,'A Smoky Mountain Christmas','italien',1991,923,'669202235-5',118,2),(824,'Dead of Winter','espagnol',2008,592,'039280753-X',329,4),(825,'Golem, The (Golem, wie er in die Welt kam, Der)','américain',1995,916,'438393478-1',260,2),(826,'Coming Down the Mountain','français',2003,197,'249895318-3',206,3),(827,'Het Vonnis','russe',1958,159,'900017514-3',133,2),(828,'Duck, You Sucker (a.k.a. Fistful of Dynamite, A) (Giù la testa)','ukrainien',2001,732,'519038660-0',469,3),(829,'Right America: Feeling Wronged - Some Voices from the Campaign Trail ','russe',1997,605,'435180178-6',413,1),(830,'Thief and the Cobbler, The (a.k.a. Arabian Knight)','russe',2012,595,'178266941-8',347,1),(831,'Tales That Witness Madness','russe',2007,379,'578345530-X',92,1),(832,'SuperBabies: Baby Geniuses 2','autre',2004,175,'806638820-9',187,4),(833,'Tukkijoella','américain',1989,791,'115194117-4',190,3),(834,'War Comes to America (Why We Fight, 7)','espagnol',2009,910,'435040825-8',257,1),(835,'Inspector General, The','allemand',2007,390,'313065598-0',36,3),(836,'Ruling Class, The','américain',2007,386,'087541264-5',391,4),(837,'North Dallas Forty','américain',1997,294,'361844289-0',363,4),(838,'Desperation','espagnol',2007,847,'593706315-5',68,1),(839,'Gaslight','américain',2002,332,'837466272-7',146,1),(840,'My Boyfriends\' Dogs','ukrainien',2000,492,'776537838-4',201,3),(841,'Turner & Hooch','russe',2006,877,'328910297-1',36,1),(842,'In Harm\'s Way','français',1985,411,'699971900-4',18,3),(843,'Kingdom II, The (Riget II)','ukrainien',1992,522,'342762544-3',355,4),(844,'The Green Prince','espagnol',2011,896,'457003045-9',85,2),(845,'Knights of the Round Table','ukrainien',1999,800,'002218074-5',270,4),(846,'Planet B-Boy','allemand',1984,244,'952165177-6',498,2),(847,'Open Hearts (Elsker dig for evigt)','allemand',1993,660,'792079189-8',244,1),(848,'My Neighbor Totoro (Tonari no Totoro)','français',2007,228,'904362679-1',456,4),(849,'Art of War III: Retribution, The','américain',1999,623,'480238041-0',311,3),(850,'Just Ask My Children','allemand',2007,592,'409923974-8',31,1),(851,'Night Crossing','espagnol',2003,555,'302996354-3',416,3),(852,'Thomasine & Bushrod','russe',2010,459,'522238614-7',388,3),(853,'Saphead, The','russe',1992,734,'027437151-0',261,2),(854,'River Why, The','espagnol',2007,893,'666554394-3',72,1),(855,'Merry Widow, The','français',1995,765,'242279366-5',303,4),(856,'Hound of the Baskervilles, The','italien',1977,221,'128757353-3',282,2),(857,'Federal Hill','américain',1988,272,'097163975-2',87,2),(858,'Terminator, The','ukrainien',1998,10,'444423079-7',286,4),(859,'Sex and the Single Girl','allemand',1968,393,'125516551-0',411,4),(860,'Undiscovered','russe',1994,421,'432152977-8',377,4),(861,'Shadow Kill','allemand',1994,2,'931280283-6',475,2),(862,'Congress, The','russe',1993,63,'407627926-3',108,1),(863,'Snake River Desperadoes','espagnol',1948,597,'870710503-7',147,3),(864,'Mother Küsters Goes to Heaven (Mutter Küsters\' Fahrt zum Himmel)','ukrainien',1993,16,'505029301-4',284,4),(865,'Fantasy Mission Force (Mi ni te gong dui)','espagnol',1939,466,'315111348-6',86,4),(866,'My Darling Clementine','américain',2009,629,'642258243-9',484,3),(867,'Don McKay','espagnol',1994,303,'497734694-7',105,3),(868,'5 Broken Cameras','espagnol',1949,995,'667262468-6',395,2),(869,'Dead Man\'s Walk','américain',1908,391,'661943466-5',62,4),(870,'Children of Nature (Börn náttúrunnar)','américain',1986,252,'651897185-1',320,2),(871,'X-Files: Fight the Future, The','ukrainien',2009,74,'443708271-0',55,3),(872,'Three (Tri)','américain',1976,650,'175705855-9',330,2),(873,'Fat People (Gordos)','français',2001,761,'034178170-3',155,2),(874,'Crow, The: Wicked Prayer','américain',1990,563,'894372885-9',495,3),(875,'Home Page','russe',1992,309,'791511118-3',116,4),(876,'Silence, The (Das letzte Schweigen)','ukrainien',1914,932,'007225396-7',132,4),(877,'Hellraiser: Deader','espagnol',1985,29,'734713489-7',344,1),(878,'Unforgettable Summer, An (Un été inoubliable)','américain',2001,400,'581174289-4',22,2),(879,'End of the Game (Der Richter und sein Henker)','américain',2012,847,'645932858-7',351,4),(880,'Peanuts - Die Bank zahlt alles','ukrainien',2000,307,'929626687-4',486,4),(881,'Death Takes a Holiday','américain',2008,155,'023047695-3',208,2),(882,'Caveman','américain',2007,72,'680737388-0',366,3),(883,'Sound of Insects, The','allemand',1946,137,'461648995-5',77,2),(884,'Six Days','américain',2010,810,'078253230-6',364,3),(885,'Good Guys and the Bad Guys, The','espagnol',1985,558,'499060707-4',232,4),(886,'Cannibal Holocaust','italien',1992,745,'123967226-8',264,3),(887,'Beat the Devil','français',1988,182,'113611852-7',103,1),(888,'Cat Concerto, The','américain',1966,733,'974995324-X',467,4),(889,'Living on One Dollar','français',2007,462,'833188044-7',377,3),(890,'North','allemand',1966,460,'042511642-5',473,3),(891,'Radiohead: Meeting People Is Easy','américain',2000,928,'350337842-1',331,3),(892,'Public Woman, The (Femme publique, La)','allemand',1971,971,'227060827-5',422,4),(893,'Maryam','américain',1993,250,'708417302-1',438,1),(894,'Time Machine, The','français',2006,484,'668062083-X',116,1),(895,'Crossroads','espagnol',1936,432,'642631312-2',203,3),(896,'Skyfall','espagnol',2011,903,'507246459-8',339,4),(897,'Kamchatka','américain',2007,255,'595095458-0',414,4),(898,'Twonky, The','allemand',1987,78,'269988247-X',351,4),(899,'Yanks','russe',2002,139,'577539947-1',298,2),(900,'Flow: For Love of Water','américain',2012,661,'501760775-7',100,3),(901,'Emigrants, The (Utvandrarna)','espagnol',2011,469,'091809823-8',472,2),(902,'Hackers','allemand',1994,788,'611376919-4',312,3),(903,'Tales of the Grim Sleeper','français',1993,137,'044133419-9',272,1),(904,'Promises','français',2005,406,'747084248-9',331,1),(905,'The Voices','autre',1986,986,'846844165-1',475,3),(906,'Swan and the Wanderer, The (Kulkuri ja joutsen)','russe',1993,23,'326074977-2',354,2),(907,'Terminal Man, The','autre',1992,588,'110200773-0',391,2),(908,'My Favorite Martian','italien',1991,545,'268747286-7',138,2),(909,'Marksman, The','russe',1999,590,'649198722-1',34,3),(910,'Woman In Berlin, A (Anonyma - Eine Frau in Berlin)','américain',2006,601,'959389997-9',267,4),(911,'Eight Days a Week','ukrainien',1997,238,'179443728-2',453,4),(912,'Buck Privates','américain',1993,402,'702065314-6',108,2),(913,'Around the World','américain',1999,302,'514167678-1',210,4),(914,'Paleface, The','allemand',2001,235,'963019159-8',82,3),(915,'Graduate, The','allemand',1994,845,'810644089-3',254,1),(916,'I Shot a Man in Vegas','allemand',2004,479,'450666504-X',405,4),(917,'Visions of Europe','allemand',2008,846,'205069160-2',399,1),(918,'Dinosaur 13','américain',1993,443,'525237840-1',406,4),(919,'Where the Rivers Flow North','espagnol',2002,171,'840896764-9',69,3),(920,'Card Player, The (Il cartaio)','allemand',2001,47,'338781997-8',313,3),(921,'10 MPH','espagnol',1961,285,'271894465-X',230,2),(922,'Lucía, Lucía (Hija del caníbal, La)','autre',1948,670,'219123713-4',391,2),(923,'High Heels and Low Lifes','français',2000,553,'016727482-1',434,1),(924,'Girasoli, I (Sunflower)','américain',2010,907,'146169562-7',312,3),(925,'Where Do We Go Now?','français',2012,831,'382375044-5',270,3),(926,'American Raspberry (Prime Time) (Funny America)','allemand',2009,201,'924473859-7',201,4),(927,'The Orkly Kid','russe',2005,336,'853587758-4',305,2),(928,'Stardust','russe',2008,576,'634916890-9',383,1),(929,'Dragon (Wu Xia)','américain',1993,712,'908467082-5',218,1),(930,'Part of the Weekend Never Dies','américain',1997,200,'895382179-7',292,4),(931,'DOA: Dead or Alive','allemand',2007,198,'911826747-5',295,1),(932,'Nixon','allemand',1916,23,'334996176-2',120,2),(933,'Battle for Brooklyn','russe',2005,300,'129433154-X',17,4),(934,'Last Laugh, The (Letzte Mann, Der)','allemand',1994,14,'373083015-5',349,4),(935,'Midnight Crossing','allemand',2002,502,'958546922-7',58,4),(936,'Grayeagle','américain',1908,390,'519805650-2',435,1),(937,'English Surgeon, The','allemand',1994,107,'126143846-9',180,3),(938,'Mulholland Falls','russe',2015,4,'753635475-4',492,3),(939,'Black Snake Moan','espagnol',2005,903,'730499167-4',157,2),(940,'Funny Man, A (Dirch)','italien',1964,55,'690946067-7',441,1),(941,'Neo Ned','français',2008,639,'592069870-5',383,4),(942,'Little Nemo: Adventures in Slumberland','allemand',1997,801,'361504518-1',204,3),(943,'Brenda Starr','américain',2011,580,'525330007-4',418,4),(944,'Ghoul, The','russe',2005,27,'622114517-1',225,1),(945,'Life is a Bed of Roses (Vie est un roman, La)','russe',1949,295,'547429631-2',173,4),(946,'Bête humaine, La','russe',2012,731,'680404785-0',183,2),(947,'Married Life','allemand',1999,121,'511752346-6',106,1),(948,'Lunopolis','autre',2007,981,'997299992-0',29,1),(949,'Kimberly','espagnol',1977,372,'088607119-4',454,2),(950,'United States of Secrets (Part One): The Program','espagnol',1966,717,'703272963-0',303,2),(951,'Butterfly on a Wheel (Shattered)','américain',2004,270,'490966336-3',85,2),(952,'Foreign Correspondent','espagnol',2010,431,'946053609-3',25,2),(953,'Angels in the Outfield','russe',2017,597,'890194338-7',153,3),(954,'Day a Pig Fell Into the Well, The (Daijiga umule pajinnal)','allemand',2008,973,'593213969-2',271,4),(955,'Suburban Gothic','ukrainien',2009,564,'069747736-3',122,1),(956,'Young Guns II','ukrainien',2011,372,'586725451-8',230,3),(957,'Akeelah and the Bee','américain',1986,435,'865344134-4',127,1),(958,'Four Stories of St. Julian ','russe',1972,567,'617529785-7',274,4),(959,'Spring Breakers','espagnol',2006,545,'399711466-8',352,3),(960,'Pendulum','russe',2005,678,'414666146-3',219,1),(961,'James and the Giant Peach','français',1997,262,'737572071-1',362,4),(962,'Jack the Ripper','américain',2012,233,'098394628-0',25,2),(963,'Raven, The','russe',2010,766,'675258171-1',322,4),(964,'Square, The (Al Midan)','allemand',2003,674,'781067770-5',90,3),(965,'Kitchen Party','autre',1994,426,'704123108-9',416,4),(966,'Retroactive','russe',1933,42,'081552035-2',444,4),(967,'Army of Shadows (L\'armée des ombres)','américain',1993,179,'578418567-5',290,3),(968,'Hot Rods to Hell','espagnol',1973,14,'844672537-1',352,2),(969,'Love Loves Coincidences','russe',1924,224,'059880025-5',69,3),(970,'Battle of Britain, The (Why We Fight, 4)','américain',2011,89,'540476581-X',220,3),(971,'Trust the Man','américain',1989,109,'949989040-8',396,3),(972,'Two Hands','allemand',2008,48,'705595055-4',162,4),(973,'Prozac Nation','français',2008,612,'634846000-2',303,3),(974,'Downhill','allemand',1923,874,'969158456-5',420,3),(975,'In the Mood For Love (Fa yeung nin wa)','américain',1998,488,'634976087-5',56,1),(976,'Shrek the Third','espagnol',1996,697,'489607043-7',497,2),(977,'Purge (Puhdistus)','français',1999,102,'110907062-4',166,1),(978,'Allegheny Uprising','américain',1967,113,'512942616-9',302,2),(979,'Blue','russe',2007,754,'952757397-1',6,4),(980,'Kids','américain',1996,930,'078073295-2',494,2),(981,'Cry, The (Grido, Il)','espagnol',1991,675,'457260130-5',430,2),(982,'Devil in a Blue Dress','américain',2012,339,'142246976-X',475,1),(983,'Black or White','américain',1991,327,'283523143-9',84,1),(984,'Pornography (Pornografia)','français',1944,330,'660083383-1',401,4),(985,'Albatross','ukrainien',1993,409,'829555694-0',332,4),(986,'Equilibrium','allemand',1927,274,'968275170-5',427,2),(987,'César','américain',1993,810,'036539383-5',306,1),(988,'Funny Bones','allemand',2009,806,'079855977-2',400,1),(989,'Our Music (Notre musique)','américain',2013,689,'944198623-2',176,4),(990,'Knight\'s Tale, A','français',1992,561,'228710604-9',496,3),(991,'Fierce Light: When Spirit Meets Action','américain',2006,946,'749893386-1',44,2),(992,'Bionicle: The Legend Reborn','ukrainien',1985,593,'599047567-5',345,1),(993,'Emmanuel\'s Gift','ukrainien',2010,40,'415035706-4',446,2),(994,'White Bird in a Blizzard','espagnol',2009,752,'252460524-8',380,4),(995,'Even Angels Eat Beans','italien',2011,915,'231392491-2',57,2),(996,'Haunting of Molly Hartley, The','américain',1906,567,'869276209-1',135,2),(997,'Bringing Out the Dead','français',2006,211,'172454573-6',372,2),(998,'Holy Matrimony','russe',2009,672,'665655695-7',422,4),(999,'Lesbian Vampire Killers','américain',2004,549,'615775103-7',362,1),(1000,'Johnny Mad Dog','allemand',1971,486,'518136560-4',52,3);
/*!40000 ALTER TABLE `livre` ENABLE KEYS */;
UNLOCK TABLES;

--
-- Table structure for table `theme`
--

DROP TABLE IF EXISTS `theme`;
/*!40101 SET @saved_cs_client     = @@character_set_client */;
/*!40101 SET character_set_client = utf8 */;
CREATE TABLE `theme` (
  `id` int(11) NOT NULL AUTO_INCREMENT,
  `theme` varchar(50) NOT NULL,
  PRIMARY KEY (`id`)
) ENGINE=InnoDB AUTO_INCREMENT=6 DEFAULT CHARSET=utf8mb4 COLLATE=utf8mb4_general_ci;
/*!40101 SET character_set_client = @saved_cs_client */;

--
-- Dumping data for table `theme`
--

LOCK TABLES `theme` WRITE;
/*!40000 ALTER TABLE `theme` DISABLE KEYS */;
INSERT INTO `theme` VALUES (1,'Aventure'),(2,'Fantastique'),(3,'Policier'),(4,'Science-fiction'),(5,'Roman');
/*!40000 ALTER TABLE `theme` ENABLE KEYS */;
UNLOCK TABLES;

--
-- Dumping routines for database 'biblio4_prof'
--
/*!50003 SET @saved_sql_mode       = @@sql_mode */ ;
/*!50003 SET sql_mode              = 'STRICT_TRANS_TABLES,ERROR_FOR_DIVISION_BY_ZERO,NO_AUTO_CREATE_USER,NO_ENGINE_SUBSTITUTION' */ ;
/*!50003 DROP FUNCTION IF EXISTS `date_aleatoire` */;
/*!50003 SET @saved_cs_client      = @@character_set_client */ ;
/*!50003 SET @saved_cs_results     = @@character_set_results */ ;
/*!50003 SET @saved_col_connection = @@collation_connection */ ;
/*!50003 SET character_set_client  = utf8mb3 */ ;
/*!50003 SET character_set_results = utf8mb3 */ ;
/*!50003 SET collation_connection  = utf8mb3_general_ci */ ;
DELIMITER ;;
CREATE DEFINER=`root`@`localhost` FUNCTION `date_aleatoire`(date_min DATE, date_max DATE) RETURNS date
BEGIN
RETURN (
        SELECT
            DATE(
                DATE_ADD(
                    date_min,
                    INTERVAL FLOOR(
                        RAND() * DATEDIFF(date_max, date_min)
                    ) DAY
                )
            )
    );

END ;;
DELIMITER ;
/*!50003 SET sql_mode              = @saved_sql_mode */ ;
/*!50003 SET character_set_client  = @saved_cs_client */ ;
/*!50003 SET character_set_results = @saved_cs_results */ ;
/*!50003 SET collation_connection  = @saved_col_connection */ ;
/*!50003 SET @saved_sql_mode       = @@sql_mode */ ;
/*!50003 SET sql_mode              = 'STRICT_TRANS_TABLES,ERROR_FOR_DIVISION_BY_ZERO,NO_AUTO_CREATE_USER,NO_ENGINE_SUBSTITUTION' */ ;
/*!50003 DROP FUNCTION IF EXISTS `date_aleatoire_nullable` */;
/*!50003 SET @saved_cs_client      = @@character_set_client */ ;
/*!50003 SET @saved_cs_results     = @@character_set_results */ ;
/*!50003 SET @saved_col_connection = @@collation_connection */ ;
/*!50003 SET character_set_client  = utf8mb3 */ ;
/*!50003 SET character_set_results = utf8mb3 */ ;
/*!50003 SET collation_connection  = utf8mb3_general_ci */ ;
DELIMITER ;;
CREATE DEFINER=`root`@`localhost` FUNCTION `date_aleatoire_nullable`(date_min DATE, date_max DATE) RETURNS date
BEGIN DECLARE alea FLOAT;

SET alea = rand();

IF alea < 0.5 THEN RETURN NULL;

ELSE RETURN date_aleatoire(date_min, date_max);

END IF;

END ;;
DELIMITER ;
/*!50003 SET sql_mode              = @saved_sql_mode */ ;
/*!50003 SET character_set_client  = @saved_cs_client */ ;
/*!50003 SET character_set_results = @saved_cs_results */ ;
/*!50003 SET collation_connection  = @saved_col_connection */ ;
/*!50003 SET @saved_sql_mode       = @@sql_mode */ ;
/*!50003 SET sql_mode              = 'STRICT_TRANS_TABLES,ERROR_FOR_DIVISION_BY_ZERO,NO_AUTO_CREATE_USER,NO_ENGINE_SUBSTITUTION' */ ;
/*!50003 DROP FUNCTION IF EXISTS `GET_RANDOM_NATIONALITE` */;
/*!50003 SET @saved_cs_client      = @@character_set_client */ ;
/*!50003 SET @saved_cs_results     = @@character_set_results */ ;
/*!50003 SET @saved_col_connection = @@collation_connection */ ;
/*!50003 SET character_set_client  = utf8mb3 */ ;
/*!50003 SET character_set_results = utf8mb3 */ ;
/*!50003 SET collation_connection  = utf8mb3_general_ci */ ;
DELIMITER ;;
CREATE DEFINER=`root`@`localhost` FUNCTION `GET_RANDOM_NATIONALITE`() RETURNS varchar(50) CHARSET utf8mb4 COLLATE utf8mb4_general_ci
BEGIN 
DECLARE nationalite VARCHAR(50);
DECLARE alea FLOAT;
SET alea = rand();
SET
    nationalite = case
        when alea < 0.1 then 'belge'
        when alea < 0.2 then 'français'
        when alea < 0.3 then 'américain'
        when alea < 0.4 then 'allemand'
        when alea < 0.5 then 'russe'
        when alea < 0.6 then 'ukrainien'
        when alea < 0.7 then 'italien'
        when alea < 1 then 'espagnol'
END; 

RETURN nationalite;

END ;;
DELIMITER ;
/*!50003 SET sql_mode              = @saved_sql_mode */ ;
/*!50003 SET character_set_client  = @saved_cs_client */ ;
/*!50003 SET character_set_results = @saved_cs_results */ ;
/*!50003 SET collation_connection  = @saved_col_connection */ ;
/*!50003 SET @saved_sql_mode       = @@sql_mode */ ;
/*!50003 SET sql_mode              = 'STRICT_TRANS_TABLES,ERROR_FOR_DIVISION_BY_ZERO,NO_AUTO_CREATE_USER,NO_ENGINE_SUBSTITUTION' */ ;
/*!50003 DROP FUNCTION IF EXISTS `nombre_aleatoire` */;
/*!50003 SET @saved_cs_client      = @@character_set_client */ ;
/*!50003 SET @saved_cs_results     = @@character_set_results */ ;
/*!50003 SET @saved_col_connection = @@collation_connection */ ;
/*!50003 SET character_set_client  = utf8mb3 */ ;
/*!50003 SET character_set_results = utf8mb3 */ ;
/*!50003 SET collation_connection  = utf8mb3_general_ci */ ;
DELIMITER ;;
CREATE DEFINER=`root`@`localhost` FUNCTION `nombre_aleatoire`(nombre_min INT, nombre_max INT) RETURNS int(11)
BEGIN
    RETURN (SELECT FLOOR(RAND() * (nombre_max - nombre_min + 1)) + nombre_min);
END ;;
DELIMITER ;
/*!50003 SET sql_mode              = @saved_sql_mode */ ;
/*!50003 SET character_set_client  = @saved_cs_client */ ;
/*!50003 SET character_set_results = @saved_cs_results */ ;
/*!50003 SET collation_connection  = @saved_col_connection */ ;
/*!50003 SET @saved_sql_mode       = @@sql_mode */ ;
/*!50003 SET sql_mode              = 'STRICT_TRANS_TABLES,ERROR_FOR_DIVISION_BY_ZERO,NO_AUTO_CREATE_USER,NO_ENGINE_SUBSTITUTION' */ ;
/*!50003 DROP FUNCTION IF EXISTS `populate_emprunt` */;
/*!50003 SET @saved_cs_client      = @@character_set_client */ ;
/*!50003 SET @saved_cs_results     = @@character_set_results */ ;
/*!50003 SET @saved_col_connection = @@collation_connection */ ;
/*!50003 SET character_set_client  = utf8mb3 */ ;
/*!50003 SET character_set_results = utf8mb3 */ ;
/*!50003 SET collation_connection  = utf8mb3_general_ci */ ;
DELIMITER ;;
CREATE DEFINER=`root`@`localhost` FUNCTION `populate_emprunt`(nombre_emprunts INT) RETURNS varchar(255) CHARSET utf8mb4 COLLATE utf8mb4_general_ci
BEGIN DECLARE i INT DEFAULT 0;

DECLARE date_emprunt DATE;

DECLARE date_retour DATE;

DECLARE nombre_lecteurs INT;

DECLARE nombre_exemplaires INT;

DECLARE lecteur_id INT;

DECLARE exemplaire_id INT;

SELECT COUNT(*) INTO nombre_lecteurs FROM lecteur;

SELECT COUNT(*) INTO nombre_exemplaires FROM exemplaire;

IF nombre_exemplaires > 0 THEN
WHILE i < nombre_emprunts
DO
SET date_emprunt = (
        SELECT
            date_aleatoire('2022-01-01', CURRENT_DATE())
    );

SET date_retour = (
        SELECT
            date_aleatoire_nullable(date_emprunt, CURRENT_DATE())
    );

SET lecteur_id = (
        SELECT
            nombre_aleatoire(1, nombre_lecteurs)
    );

SET @exemplaire_id = (
        SELECT
            nombre_aleatoire(1, nombre_exemplaires)
    );

WHILE
    @exemplaire_id IN (
        SELECT exemplaire_id
        FROM emprunt
        WHERE
            date_retour IS NULL
            AND exemplaire_id = @exemplaire_id
    )
DO
SET
    @exemplaire_id = (
        SELECT
            nombre_aleatoire(1, nombre_exemplaires)
    );

END WHILE;

INSERT INTO
    emprunt (
        date_emprunt,
        date_retour,
        lecteur_id,
        exemplaire_id
    )
VALUES (
        date_emprunt,
        date_retour,
        lecteur_id,
        @exemplaire_id
    );

SET i = i + 1;

END WHILE;

ELSE SET nombre_emprunts = 0;

END IF;

RETURN
    CONCAT(
        nombre_emprunts,
        ' emprunts aléatoires ont été ajoutés à la table emprunt'
    );

END ;;
DELIMITER ;
/*!50003 SET sql_mode              = @saved_sql_mode */ ;
/*!50003 SET character_set_client  = @saved_cs_client */ ;
/*!50003 SET character_set_results = @saved_cs_results */ ;
/*!50003 SET collation_connection  = @saved_col_connection */ ;
/*!50003 SET @saved_sql_mode       = @@sql_mode */ ;
/*!50003 SET sql_mode              = 'STRICT_TRANS_TABLES,ERROR_FOR_DIVISION_BY_ZERO,NO_AUTO_CREATE_USER,NO_ENGINE_SUBSTITUTION' */ ;
/*!50003 DROP FUNCTION IF EXISTS `populate_exemplaire` */;
/*!50003 SET @saved_cs_client      = @@character_set_client */ ;
/*!50003 SET @saved_cs_results     = @@character_set_results */ ;
/*!50003 SET @saved_col_connection = @@collation_connection */ ;
/*!50003 SET character_set_client  = utf8mb3 */ ;
/*!50003 SET character_set_results = utf8mb3 */ ;
/*!50003 SET collation_connection  = utf8mb3_general_ci */ ;
DELIMITER ;;
CREATE DEFINER=`root`@`localhost` FUNCTION `populate_exemplaire`(nombre_exemplaires INT) RETURNS varchar(255) CHARSET utf8mb4 COLLATE utf8mb4_general_ci
BEGIN 
    DECLARE i INT DEFAULT 1;
    DECLARE reference VARCHAR(50) ;
    DECLARE rayon VARCHAR(50) ;

    DECLARE date_acquisition DATE ;

    DECLARE etat VARCHAR(50);

    DECLARE est_perdu BOOLEAN;



    DECLARE nombre_livres INT;

    SELECT COUNT(*) INTO nombre_livres FROM livre;

    SET est_perdu = 0;



    IF nombre_livres > 0 THEN
        WHILE i <= nombre_exemplaires
        DO
            SET reference = CONCAT('REF-', nombre_aleatoire(1, 10000000));
            SET rayon = CONCAT('RAYON-', nombre_aleatoire(1, 100));
            SET date_acquisition = (SELECT date_aleatoire('2022-01-01', CURRENT_DATE()));
            SET etat = 
                CASE
                    when rand() < 0.1 then 'mauvais'
                    when rand() < 0.2 then 'bon'
                    when rand() < 0.3 then 'neuf'
                    else 'moyen'
                    
                END;
            SET @livre_id = (SELECT nombre_aleatoire(1,nombre_livres));

            
            SET @livre_id = (SELECT nombre_aleatoire(1, nombre_livres));

            INSERT INTO
                exemplaire (
                    reference,
                    rayon,
                    date_acquisition,
                    etat,
                    est_perdu,
                    livre_id
                )
            VALUES (
                    reference,
                    rayon,
                    date_acquisition,
                    etat,
                    est_perdu,
                    @livre_id
                );

            SET i = i + 1;
        END WHILE;
    ELSE 
        SET nombre_exemplaires = 0;
    END IF;
RETURN CONCAT(nombre_exemplaires,' exemplaires aléatoires ont été ajoutés à la table exemplaire');

END ;;
DELIMITER ;
/*!50003 SET sql_mode              = @saved_sql_mode */ ;
/*!50003 SET character_set_client  = @saved_cs_client */ ;
/*!50003 SET character_set_results = @saved_cs_results */ ;
/*!50003 SET collation_connection  = @saved_col_connection */ ;
/*!40103 SET TIME_ZONE=@OLD_TIME_ZONE */;

/*!40101 SET SQL_MODE=@OLD_SQL_MODE */;
/*!40014 SET FOREIGN_KEY_CHECKS=@OLD_FOREIGN_KEY_CHECKS */;
/*!40014 SET UNIQUE_CHECKS=@OLD_UNIQUE_CHECKS */;
/*!40101 SET CHARACTER_SET_CLIENT=@OLD_CHARACTER_SET_CLIENT */;
/*!40101 SET CHARACTER_SET_RESULTS=@OLD_CHARACTER_SET_RESULTS */;
/*!40101 SET COLLATION_CONNECTION=@OLD_COLLATION_CONNECTION */;
/*!40111 SET SQL_NOTES=@OLD_SQL_NOTES */;

-- Dump completed on 2022-12-22 11:34:49
